,Order_ID,Date,Delivery_Status,Delivery_Time,Delivery_Cost,Customer_Rating,Rider_ID
0,ORDER1,2023-09-27,Failed,119,64.46,4,RIDER1
1,ORDER2,2023-08-21,Failed,73,94.63,4,RIDER2
2,ORDER3,2023-11-22,Failed,49,324.06,3,RIDER3
3,ORDER4,2023-01-17,In Transit,83,463.06,1,RIDER4
4,ORDER5,2023-11-28,Delivered,21,469.34,5,RIDER5
5,ORDER6,2023-03-19,In Transit,43,189.25,5,RIDER6
6,ORDER7,2023-06-06,In Transit,41,469.3,2,RIDER7
7,ORDER8,2023-10-29,In Transit,16,97.39,3,RIDER8
8,ORDER9,2023-09-19,Failed,112,277.74,2,RIDER9
9,ORDER10,2023-08-25,In Transit,53,303.38,4,RIDER10
10,ORDER11,2023-05-24,Failed,83,175.16,1,RIDER11
11,ORDER12,2023-10-09,Delivered,42,410.14,3,RIDER12
12,ORDER13,2023-11-24,In Transit,120,212.99,1,RIDER13
13,ORDER14,2023-04-06,Failed,73,99.37,3,RIDER14
14,ORDER15,2023-11-06,Failed,68,259.38,2,RIDER15
15,ORDER16,2023-07-27,Delivered,118,419.96,1,RIDER16
16,ORDER17,2023-12-07,In Transit,12,286.08,5,RIDER17
17,ORDER18,2023-03-08,Failed,106,97.97,1,RIDER18
18,ORDER19,2023-11-08,Delivered,23,275.48,3,RIDER19
19,ORDER20,2023-07-11,In Transit,25,229.38,4,RIDER20
20,ORDER21,2023-02-10,In Transit,87,235.89,2,RIDER21
21,ORDER22,2023-10-29,In Transit,10,482.52,4,RIDER22
22,ORDER23,2023-02-08,Delivered,120,148.23,2,RIDER23
23,ORDER24,2023-04-03,Delivered,57,355.81,3,RIDER24
24,ORDER25,2023-05-04,Delivered,19,361.65,2,RIDER25
25,ORDER26,2023-04-01,In Transit,56,100.43,4,RIDER26
26,ORDER27,2023-12-27,Failed,41,193.65,4,RIDER27
27,ORDER28,2023-04-05,Failed,87,493.5,1,RIDER28
28,ORDER29,2023-06-16,Failed,74,386.94,1,RIDER29
29,ORDER30,2023-01-19,In Transit,66,455.46,4,RIDER30
30,ORDER31,2023-06-13,In Transit,14,105.25,5,RIDER31
31,ORDER32,2023-02-12,In Transit,117,154.68,1,RIDER32
32,ORDER33,2023-07-31,In Transit,26,297.68,2,RIDER33
33,ORDER34,2023-10-05,Delivered,61,59.88,4,RIDER34
34,ORDER35,2023-09-13,Failed,98,429.42,5,RIDER35
35,ORDER36,2023-06-30,Delivered,84,55.47,3,RIDER36
36,ORDER37,2023-12-11,Delivered,33,264.27,4,RIDER37
37,ORDER38,2023-12-17,Delivered,76,264.65,1,RIDER38
38,ORDER39,2023-05-18,In Transit,115,217.97,1,RIDER39
39,ORDER40,2023-02-18,Delivered,90,242.5,2,RIDER40
40,ORDER41,2023-04-14,In Transit,120,247.84,3,RIDER41
41,ORDER42,2023-12-19,In Transit,104,186.9,4,RIDER42
42,ORDER43,2023-11-20,In Transit,102,189.01,3,RIDER43
43,ORDER44,2023-04-30,Delivered,50,221.97,2,RIDER44
44,ORDER45,2023-04-04,Delivered,63,84.46,2,RIDER45
45,ORDER46,2023-02-07,Delivered,64,376.58,2,RIDER46
46,ORDER47,2023-08-10,Delivered,101,449.43,2,RIDER47
47,ORDER48,2023-09-25,In Transit,63,260.92,4,RIDER48
48,ORDER49,2023-01-09,Delivered,82,288.93,3,RIDER49
49,ORDER50,2023-01-14,Failed,57,78.23,3,RIDER50
50,ORDER51,2023-03-13,Failed,79,303.09,2,RIDER51
51,ORDER52,2023-06-26,In Transit,68,366.26,2,RIDER52
52,ORDER53,2023-05-22,Failed,61,256.08,5,RIDER53
53,ORDER54,2023-04-19,Failed,70,352.87,3,RIDER54
54,ORDER55,2023-08-12,Failed,68,307.59,1,RIDER55
55,ORDER56,2023-11-01,Delivered,119,250.71,4,RIDER56
56,ORDER57,2023-08-15,In Transit,39,438.53,3,RIDER57
57,ORDER58,2023-12-05,In Transit,89,225.43,4,RIDER58
58,ORDER59,2023-12-07,In Transit,24,75.24,3,RIDER59
59,ORDER60,2023-02-11,Failed,96,116.29,4,RIDER60
60,ORDER61,2023-04-30,In Transit,85,423.78,4,RIDER61
61,ORDER62,2023-05-11,Failed,35,429.05,1,RIDER62
62,ORDER63,2023-02-27,Failed,39,112.72,4,RIDER63
63,ORDER64,2023-04-23,Delivered,35,353.18,2,RIDER64
64,ORDER65,2023-03-21,Delivered,120,278.66,3,RIDER65
65,ORDER66,2023-10-12,In Transit,44,98.22,5,RIDER66
66,ORDER67,2023-04-18,In Transit,36,264.76,5,RIDER67
67,ORDER68,2023-12-19,In Transit,73,451.61,5,RIDER68
68,ORDER69,2023-09-24,Failed,114,84.84,2,RIDER69
69,ORDER70,2023-05-04,In Transit,30,467.32,3,RIDER70
70,ORDER71,2023-08-26,In Transit,26,394.32,1,RIDER71
71,ORDER72,2023-11-20,In Transit,44,302.0,5,RIDER72
72,ORDER73,2023-10-20,Delivered,29,433.61,1,RIDER73
73,ORDER74,2023-05-17,In Transit,93,376.03,5,RIDER74
74,ORDER75,2023-09-16,Failed,74,353.44,3,RIDER75
75,ORDER76,2023-10-24,Failed,101,134.4,3,RIDER76
76,ORDER77,2023-04-29,Delivered,19,159.52,5,RIDER77
77,ORDER78,2023-06-13,In Transit,11,262.55,1,RIDER78
78,ORDER79,2023-08-18,Failed,43,58.66,3,RIDER79
79,ORDER80,2023-10-14,Failed,117,418.26,4,RIDER80
80,ORDER81,2023-07-07,In Transit,40,270.85,5,RIDER81
81,ORDER82,2023-12-23,Delivered,13,414.0,3,RIDER82
82,ORDER83,2023-11-02,Delivered,84,269.08,2,RIDER83
83,ORDER84,2023-07-22,In Transit,72,441.76,3,RIDER84
84,ORDER85,2023-03-23,Failed,95,201.94,5,RIDER85
85,ORDER86,2023-06-17,Failed,25,246.97,4,RIDER86
86,ORDER87,2023-10-27,Failed,62,378.9,4,RIDER87
87,ORDER88,2023-04-06,Delivered,74,409.93,4,RIDER88
88,ORDER89,2023-01-04,In Transit,42,184.31,2,RIDER89
89,ORDER90,2023-01-19,Failed,120,390.86,3,RIDER90
90,ORDER91,2023-11-21,In Transit,33,97.65,5,RIDER91
91,ORDER92,2023-11-23,Delivered,17,465.66,2,RIDER92
92,ORDER93,2023-04-01,Failed,18,138.0,4,RIDER93
93,ORDER94,2023-06-12,In Transit,17,366.29,1,RIDER94
94,ORDER95,2023-10-12,Delivered,11,177.85,3,RIDER95
95,ORDER96,2023-12-12,Delivered,120,267.04,2,RIDER96
96,ORDER97,2023-08-27,Failed,39,219.91,3,RIDER97
97,ORDER98,2023-08-03,Delivered,111,418.14,3,RIDER98
98,ORDER99,2023-01-15,In Transit,12,145.69,3,RIDER99
99,ORDER100,2023-04-05,In Transit,98,103.02,2,RIDER100
100,ORDER101,2023-12-19,Delivered,75,360.18,4,RIDER101
101,ORDER102,2023-01-05,In Transit,60,369.6,4,RIDER102
102,ORDER103,2023-07-15,Failed,22,334.59,4,RIDER103
103,ORDER104,2023-05-22,Delivered,62,254.27,4,RIDER104
104,ORDER105,2023-09-28,Failed,26,321.11,2,RIDER105
105,ORDER106,2023-11-19,In Transit,99,86.36,2,RIDER106
106,ORDER107,2023-07-09,In Transit,116,452.91,5,RIDER107
107,ORDER108,2023-10-27,In Transit,22,344.74,4,RIDER108
108,ORDER109,2023-07-01,Failed,32,375.73,1,RIDER109
109,ORDER110,2023-07-25,In Transit,28,116.9,5,RIDER110
110,ORDER111,2023-10-20,Delivered,111,311.93,1,RIDER111
111,ORDER112,2023-08-26,Failed,95,479.08,3,RIDER112
112,ORDER113,2023-06-02,In Transit,22,61.02,1,RIDER113
113,ORDER114,2023-07-10,In Transit,21,291.69,3,RIDER114
114,ORDER115,2023-08-13,Failed,20,108.3,2,RIDER115
115,ORDER116,2023-12-30,Failed,36,89.08,2,RIDER116
116,ORDER117,2023-01-31,Failed,72,260.28,4,RIDER117
117,ORDER118,2023-10-20,In Transit,117,75.09,3,RIDER118
118,ORDER119,2023-07-26,Failed,35,448.06,5,RIDER119
119,ORDER120,2023-10-28,Failed,20,318.12,5,RIDER120
120,ORDER121,2023-11-04,In Transit,15,352.99,2,RIDER121
121,ORDER122,2023-01-14,Failed,102,495.17,5,RIDER122
122,ORDER123,2023-03-05,In Transit,96,266.69,3,RIDER123
123,ORDER124,2023-11-27,Failed,29,100.73,3,RIDER124
124,ORDER125,2023-12-13,Failed,37,136.32,4,RIDER125
125,ORDER126,2023-02-04,Failed,101,456.3,5,RIDER126
126,ORDER127,2023-12-28,Failed,73,427.74,5,RIDER127
127,ORDER128,2023-08-20,Delivered,34,274.09,4,RIDER128
128,ORDER129,2023-04-01,Delivered,35,378.37,5,RIDER129
129,ORDER130,2023-02-25,Delivered,23,108.13,1,RIDER130
130,ORDER131,2023-03-12,In Transit,46,301.77,5,RIDER131
131,ORDER132,2023-01-20,Failed,90,68.65,1,RIDER132
132,ORDER133,2023-01-05,Delivered,11,86.18,2,RIDER133
133,ORDER134,2023-07-15,Delivered,75,103.53,5,RIDER134
134,ORDER135,2023-12-19,In Transit,34,465.45,5,RIDER135
135,ORDER136,2023-10-14,Delivered,27,78.22,3,RIDER136
136,ORDER137,2023-08-27,Delivered,44,304.87,3,RIDER137
137,ORDER138,2023-08-12,Delivered,84,459.53,3,RIDER138
138,ORDER139,2023-09-09,In Transit,44,350.57,5,RIDER139
139,ORDER140,2023-12-15,Failed,76,138.36,2,RIDER140
140,ORDER141,2023-11-10,Failed,66,72.41,1,RIDER141
141,ORDER142,2023-01-03,Delivered,40,261.22,4,RIDER142
142,ORDER143,2023-07-18,Delivered,80,287.19,5,RIDER143
143,ORDER144,2023-02-02,Failed,30,354.4,4,RIDER144
144,ORDER145,2023-03-30,In Transit,91,379.51,4,RIDER145
145,ORDER146,2023-08-11,In Transit,58,85.23,5,RIDER146
146,ORDER147,2023-10-23,Delivered,58,341.37,3,RIDER147
147,ORDER148,2023-09-13,Delivered,62,496.33,4,RIDER148
148,ORDER149,2023-03-10,Failed,32,65.49,2,RIDER149
149,ORDER150,2023-01-02,In Transit,103,439.34,1,RIDER150
150,ORDER151,2023-12-20,In Transit,91,297.31,2,RIDER151
151,ORDER152,2023-03-06,Failed,52,495.69,4,RIDER152
152,ORDER153,2023-04-18,Failed,62,313.6,4,RIDER153
153,ORDER154,2023-04-22,Delivered,81,368.3,4,RIDER154
154,ORDER155,2023-06-20,In Transit,41,260.41,1,RIDER155
155,ORDER156,2023-08-29,In Transit,66,151.77,3,RIDER156
156,ORDER157,2023-10-20,Delivered,65,167.9,2,RIDER157
157,ORDER158,2023-11-22,In Transit,120,496.78,4,RIDER158
158,ORDER159,2023-09-17,Delivered,95,350.45,5,RIDER159
159,ORDER160,2023-12-20,In Transit,79,339.28,2,RIDER160
160,ORDER161,2023-12-18,Delivered,59,256.71,5,RIDER161
161,ORDER162,2023-05-28,Delivered,61,345.07,2,RIDER162
162,ORDER163,2023-06-07,In Transit,59,394.13,2,RIDER163
163,ORDER164,2023-09-03,Delivered,69,272.63,2,RIDER164
164,ORDER165,2023-12-05,Failed,35,354.07,5,RIDER165
165,ORDER166,2023-07-08,Delivered,78,332.34,4,RIDER166
166,ORDER167,2023-08-27,Delivered,65,297.33,3,RIDER167
167,ORDER168,2023-08-29,Delivered,92,454.27,1,RIDER168
168,ORDER169,2023-04-05,Failed,87,181.71,5,RIDER169
169,ORDER170,2023-02-27,Delivered,62,103.51,5,RIDER170
170,ORDER171,2023-02-01,Failed,74,380.83,4,RIDER171
171,ORDER172,2023-06-18,In Transit,116,171.24,1,RIDER172
172,ORDER173,2023-01-20,Delivered,113,125.04,1,RIDER173
173,ORDER174,2023-05-05,Failed,101,370.24,3,RIDER174
174,ORDER175,2023-03-23,In Transit,77,385.85,4,RIDER175
175,ORDER176,2023-04-16,In Transit,23,484.18,3,RIDER176
176,ORDER177,2023-03-31,In Transit,118,382.15,1,RIDER177
177,ORDER178,2023-11-03,In Transit,106,285.28,2,RIDER178
178,ORDER179,2023-05-30,Delivered,104,310.57,5,RIDER179
179,ORDER180,2023-06-03,Failed,118,342.38,5,RIDER180
180,ORDER181,2023-12-07,In Transit,28,176.69,1,RIDER181
181,ORDER182,2023-01-17,Failed,65,67.71,1,RIDER182
182,ORDER183,2023-03-08,Failed,30,326.13,4,RIDER183
183,ORDER184,2023-09-11,Failed,44,151.28,5,RIDER184
184,ORDER185,2023-12-01,Failed,54,93.78,1,RIDER185
185,ORDER186,2023-01-10,Delivered,74,70.67,5,RIDER186
186,ORDER187,2023-02-19,Failed,93,75.92,3,RIDER187
187,ORDER188,2023-03-12,In Transit,111,481.8,2,RIDER188
188,ORDER189,2023-11-04,Failed,51,334.45,4,RIDER189
189,ORDER190,2023-07-29,Failed,77,153.7,1,RIDER190
190,ORDER191,2023-03-06,Delivered,57,478.06,1,RIDER191
191,ORDER192,2023-01-14,Delivered,40,231.43,3,RIDER192
192,ORDER193,2023-12-21,In Transit,70,269.72,1,RIDER193
193,ORDER194,2023-03-24,Delivered,14,393.37,2,RIDER194
194,ORDER195,2023-02-18,Failed,18,499.08,4,RIDER195
195,ORDER196,2023-09-07,Failed,63,132.92,4,RIDER196
196,ORDER197,2023-09-14,Delivered,26,244.52,1,RIDER197
197,ORDER198,2023-11-24,Failed,119,188.99,5,RIDER198
198,ORDER199,2023-05-29,In Transit,51,476.8,5,RIDER199
199,ORDER200,2023-12-30,In Transit,29,349.99,4,RIDER200
200,ORDER201,2023-04-03,In Transit,63,314.31,5,RIDER201
201,ORDER202,2023-01-30,In Transit,88,323.24,3,RIDER202
202,ORDER203,2023-04-20,Failed,50,443.62,2,RIDER203
203,ORDER204,2023-01-05,In Transit,119,361.89,3,RIDER204
204,ORDER205,2023-01-05,Failed,95,137.78,2,RIDER205
205,ORDER206,2023-01-04,Failed,113,352.04,3,RIDER206
206,ORDER207,2023-11-21,Delivered,11,148.08,5,RIDER207
207,ORDER208,2023-01-12,Delivered,23,234.99,5,RIDER208
208,ORDER209,2023-10-04,Delivered,86,171.66,3,RIDER209
209,ORDER210,2023-02-08,Delivered,75,273.86,2,RIDER210
210,ORDER211,2023-08-02,Delivered,101,479.46,5,RIDER211
211,ORDER212,2023-02-04,Failed,82,180.57,5,RIDER212
212,ORDER213,2023-09-29,Delivered,120,482.77,5,RIDER213
213,ORDER214,2023-08-25,In Transit,60,232.34,3,RIDER214
214,ORDER215,2023-02-21,Delivered,103,231.62,5,RIDER215
215,ORDER216,2023-08-06,In Transit,19,119.6,1,RIDER216
216,ORDER217,2023-08-14,In Transit,111,310.67,5,RIDER217
217,ORDER218,2023-08-08,In Transit,82,303.06,2,RIDER218
218,ORDER219,2023-10-27,Failed,55,418.66,3,RIDER219
219,ORDER220,2023-11-17,In Transit,113,304.34,4,RIDER220
220,ORDER221,2023-08-26,Delivered,67,62.31,5,RIDER221
221,ORDER222,2023-11-04,In Transit,64,64.71,4,RIDER222
222,ORDER223,2023-09-03,Failed,42,496.42,4,RIDER223
223,ORDER224,2023-06-13,Failed,66,338.06,5,RIDER224
224,ORDER225,2023-05-23,In Transit,20,452.12,3,RIDER225
225,ORDER226,2023-12-12,In Transit,28,236.68,5,RIDER226
226,ORDER227,2023-09-03,In Transit,42,420.27,3,RIDER227
227,ORDER228,2023-06-29,Failed,16,243.64,5,RIDER228
228,ORDER229,2023-11-30,Delivered,48,493.41,2,RIDER229
229,ORDER230,2023-07-24,Delivered,91,182.28,2,RIDER230
230,ORDER231,2023-08-06,Failed,54,482.56,3,RIDER231
231,ORDER232,2023-04-29,Delivered,120,188.95,4,RIDER232
232,ORDER233,2023-12-20,In Transit,59,359.55,2,RIDER233
233,ORDER234,2023-12-08,Failed,108,69.41,2,RIDER234
234,ORDER235,2023-06-03,In Transit,11,444.77,3,RIDER235
235,ORDER236,2023-11-07,In Transit,109,188.79,4,RIDER236
236,ORDER237,2023-05-28,Failed,66,69.67,1,RIDER237
237,ORDER238,2023-06-21,Delivered,21,117.94,4,RIDER238
238,ORDER239,2023-08-12,Delivered,10,498.0,4,RIDER239
239,ORDER240,2023-11-25,In Transit,71,405.47,2,RIDER240
240,ORDER241,2023-05-10,Failed,81,141.73,1,RIDER241
241,ORDER242,2023-03-26,Delivered,60,181.29,2,RIDER242
242,ORDER243,2023-01-20,In Transit,99,81.47,2,RIDER243
243,ORDER244,2023-10-03,Failed,81,376.2,5,RIDER244
244,ORDER245,2023-05-15,Failed,89,333.95,1,RIDER245
245,ORDER246,2023-09-09,Delivered,105,293.22,3,RIDER246
246,ORDER247,2023-09-03,Failed,40,151.44,4,RIDER247
247,ORDER248,2023-02-16,Delivered,25,231.69,2,RIDER248
248,ORDER249,2023-03-07,Delivered,112,285.67,3,RIDER249
249,ORDER250,2023-06-24,Delivered,16,164.14,4,RIDER250
250,ORDER251,2023-04-23,In Transit,88,303.77,5,RIDER251
251,ORDER252,2023-12-14,Failed,51,452.32,4,RIDER252
252,ORDER253,2023-07-07,In Transit,19,451.44,3,RIDER253
253,ORDER254,2023-10-28,Delivered,67,391.43,1,RIDER254
254,ORDER255,2023-03-07,In Transit,25,74.53,4,RIDER255
255,ORDER256,2023-08-12,In Transit,79,475.01,3,RIDER256
256,ORDER257,2023-08-19,Failed,64,146.75,2,RIDER257
257,ORDER258,2023-07-03,In Transit,79,403.84,3,RIDER258
258,ORDER259,2023-05-08,Delivered,56,490.12,1,RIDER259
259,ORDER260,2023-08-18,In Transit,93,125.87,5,RIDER260
260,ORDER261,2023-10-18,In Transit,64,283.25,5,RIDER261
261,ORDER262,2023-07-18,Delivered,68,392.55,5,RIDER262
262,ORDER263,2023-03-18,In Transit,74,113.26,5,RIDER263
263,ORDER264,2023-10-21,Failed,76,397.35,3,RIDER264
264,ORDER265,2023-01-10,Delivered,66,349.26,3,RIDER265
265,ORDER266,2023-10-07,Failed,67,392.45,2,RIDER266
266,ORDER267,2023-02-18,Delivered,60,216.98,2,RIDER267
267,ORDER268,2023-12-10,In Transit,15,352.7,1,RIDER268
268,ORDER269,2023-07-19,Failed,66,442.54,1,RIDER269
269,ORDER270,2023-05-10,Failed,113,105.05,4,RIDER270
270,ORDER271,2023-12-24,Failed,65,359.31,3,RIDER271
271,ORDER272,2023-10-11,Failed,20,373.15,5,RIDER272
272,ORDER273,2023-01-22,In Transit,86,176.63,2,RIDER273
273,ORDER274,2023-06-01,Delivered,36,91.82,1,RIDER274
274,ORDER275,2023-05-14,In Transit,51,482.66,4,RIDER275
275,ORDER276,2023-03-07,Failed,15,435.8,3,RIDER276
276,ORDER277,2023-06-16,In Transit,102,463.86,5,RIDER277
277,ORDER278,2023-11-26,Delivered,120,56.75,5,RIDER278
278,ORDER279,2023-05-14,In Transit,61,219.33,5,RIDER279
279,ORDER280,2023-09-02,Failed,11,144.14,5,RIDER280
280,ORDER281,2023-02-25,Delivered,78,365.28,4,RIDER281
281,ORDER282,2023-04-17,Delivered,35,483.54,3,RIDER282
282,ORDER283,2023-01-10,Delivered,36,459.46,3,RIDER283
283,ORDER284,2023-07-09,Delivered,67,219.63,2,RIDER284
284,ORDER285,2023-04-23,Failed,73,281.9,1,RIDER285
285,ORDER286,2023-05-06,Failed,65,324.33,1,RIDER286
286,ORDER287,2023-02-17,In Transit,82,401.48,3,RIDER287
287,ORDER288,2023-01-04,Delivered,88,290.19,4,RIDER288
288,ORDER289,2023-04-28,In Transit,59,283.28,2,RIDER289
289,ORDER290,2023-03-06,Failed,88,192.46,5,RIDER290
290,ORDER291,2023-03-21,Delivered,16,126.81,4,RIDER291
291,ORDER292,2023-07-02,Failed,28,233.31,2,RIDER292
292,ORDER293,2023-05-09,In Transit,54,208.66,2,RIDER293
293,ORDER294,2023-03-27,Delivered,48,209.46,4,RIDER294
294,ORDER295,2023-12-25,Failed,104,330.03,5,RIDER295
295,ORDER296,2023-12-07,In Transit,109,320.75,1,RIDER296
296,ORDER297,2023-06-11,Delivered,120,410.26,5,RIDER297
297,ORDER298,2023-12-21,Failed,49,179.47,2,RIDER298
298,ORDER299,2023-03-19,In Transit,86,126.22,5,RIDER299
299,ORDER300,2023-04-25,Failed,74,385.19,4,RIDER300
300,ORDER301,2023-04-26,Delivered,102,325.43,1,RIDER301
301,ORDER302,2023-07-16,In Transit,88,368.81,3,RIDER302
302,ORDER303,2023-05-11,In Transit,31,65.51,5,RIDER303
303,ORDER304,2023-08-17,In Transit,88,468.01,3,RIDER304
304,ORDER305,2023-10-16,Delivered,72,121.01,5,RIDER305
305,ORDER306,2023-08-13,In Transit,82,382.7,3,RIDER306
306,ORDER307,2023-03-05,Delivered,20,114.87,2,RIDER307
307,ORDER308,2023-12-31,In Transit,37,82.2,3,RIDER308
308,ORDER309,2023-08-02,In Transit,25,188.71,2,RIDER309
309,ORDER310,2023-08-09,Delivered,36,270.71,3,RIDER310
310,ORDER311,2023-11-23,In Transit,75,395.19,4,RIDER311
311,ORDER312,2023-03-13,In Transit,66,371.61,2,RIDER312
312,ORDER313,2023-10-31,Failed,32,114.34,1,RIDER313
313,ORDER314,2023-05-03,Delivered,106,321.39,5,RIDER314
314,ORDER315,2023-03-13,In Transit,104,260.13,5,RIDER315
315,ORDER316,2023-05-01,Failed,21,469.43,2,RIDER316
316,ORDER317,2023-11-05,In Transit,103,442.31,1,RIDER317
317,ORDER318,2023-09-12,Failed,22,66.29,5,RIDER318
318,ORDER319,2023-06-23,Failed,39,52.78,3,RIDER319
319,ORDER320,2023-09-05,Delivered,91,420.68,5,RIDER320
320,ORDER321,2023-06-28,Delivered,102,53.41,5,RIDER321
321,ORDER322,2023-07-03,Failed,44,473.19,4,RIDER322
322,ORDER323,2023-08-19,In Transit,88,360.44,1,RIDER323
323,ORDER324,2023-03-20,Failed,40,466.45,3,RIDER324
324,ORDER325,2023-11-07,Failed,58,439.08,5,RIDER325
325,ORDER326,2023-07-21,Delivered,43,92.68,5,RIDER326
326,ORDER327,2023-10-01,Failed,32,188.56,5,RIDER327
327,ORDER328,2023-08-16,Delivered,59,268.27,4,RIDER328
328,ORDER329,2023-03-25,Failed,38,182.8,1,RIDER329
329,ORDER330,2023-07-05,Delivered,96,477.58,5,RIDER330
330,ORDER331,2023-05-02,In Transit,52,256.57,4,RIDER331
331,ORDER332,2023-08-28,Failed,34,65.83,4,RIDER332
332,ORDER333,2023-08-16,Delivered,101,273.67,2,RIDER333
333,ORDER334,2023-08-06,Delivered,12,92.13,4,RIDER334
334,ORDER335,2023-08-14,Delivered,24,244.76,1,RIDER335
335,ORDER336,2023-08-26,In Transit,43,186.05,5,RIDER336
336,ORDER337,2023-01-19,Delivered,78,271.84,2,RIDER337
337,ORDER338,2023-02-27,Failed,87,440.11,4,RIDER338
338,ORDER339,2023-11-16,In Transit,88,173.95,2,RIDER339
339,ORDER340,2023-03-13,In Transit,75,264.48,3,RIDER340
340,ORDER341,2023-04-26,Failed,53,302.8,5,RIDER341
341,ORDER342,2023-11-11,In Transit,34,276.14,5,RIDER342
342,ORDER343,2023-01-12,Failed,37,438.1,5,RIDER343
343,ORDER344,2023-02-22,In Transit,38,153.23,2,RIDER344
344,ORDER345,2023-04-24,Failed,87,315.67,4,RIDER345
345,ORDER346,2023-02-08,In Transit,107,476.39,3,RIDER346
346,ORDER347,2023-08-12,Delivered,79,160.29,4,RIDER347
347,ORDER348,2023-11-25,In Transit,23,228.06,1,RIDER348
348,ORDER349,2023-07-23,Failed,69,344.68,4,RIDER349
349,ORDER350,2023-12-10,Failed,85,252.37,3,RIDER350
350,ORDER351,2023-03-03,Delivered,73,261.19,4,RIDER351
351,ORDER352,2023-08-29,In Transit,53,68.83,5,RIDER352
352,ORDER353,2023-03-13,Delivered,89,69.02,1,RIDER353
353,ORDER354,2023-10-24,In Transit,57,345.71,3,RIDER354
354,ORDER355,2023-06-02,Delivered,106,194.76,4,RIDER355
355,ORDER356,2023-09-02,In Transit,16,297.91,1,RIDER356
356,ORDER357,2023-03-12,Failed,80,175.32,2,RIDER357
357,ORDER358,2023-07-10,In Transit,78,247.67,3,RIDER358
358,ORDER359,2023-09-09,In Transit,110,84.33,3,RIDER359
359,ORDER360,2023-02-02,Failed,116,162.71,4,RIDER360
360,ORDER361,2023-06-10,Failed,48,473.14,4,RIDER361
361,ORDER362,2023-06-30,In Transit,39,303.66,3,RIDER362
362,ORDER363,2023-03-07,In Transit,55,393.49,2,RIDER363
363,ORDER364,2023-10-12,In Transit,39,169.82,5,RIDER364
364,ORDER365,2023-09-04,Failed,95,141.67,3,RIDER365
365,ORDER366,2023-06-17,Failed,86,51.02,3,RIDER366
366,ORDER367,2023-10-11,In Transit,93,429.59,4,RIDER367
367,ORDER368,2023-03-30,Failed,103,55.57,5,RIDER368
368,ORDER369,2023-08-12,Failed,78,84.28,1,RIDER369
369,ORDER370,2023-11-12,Delivered,57,136.26,5,RIDER370
370,ORDER371,2023-11-18,Delivered,101,333.94,2,RIDER371
371,ORDER372,2023-09-05,Delivered,41,143.54,4,RIDER372
372,ORDER373,2023-05-29,Failed,80,454.7,3,RIDER373
373,ORDER374,2023-01-25,Failed,53,347.12,5,RIDER374
374,ORDER375,2023-11-07,Failed,23,159.57,2,RIDER375
375,ORDER376,2023-06-25,Delivered,108,308.3,5,RIDER376
376,ORDER377,2023-06-16,Failed,117,378.96,3,RIDER377
377,ORDER378,2023-06-18,Delivered,16,160.15,1,RIDER378
378,ORDER379,2023-01-29,Delivered,59,146.13,3,RIDER379
379,ORDER380,2023-11-23,Failed,16,147.26,5,RIDER380
380,ORDER381,2023-04-12,Delivered,28,462.23,1,RIDER381
381,ORDER382,2023-04-21,In Transit,48,67.12,3,RIDER382
382,ORDER383,2023-04-28,In Transit,72,440.89,2,RIDER383
383,ORDER384,2023-04-21,In Transit,81,266.35,2,RIDER384
384,ORDER385,2023-09-17,In Transit,55,439.38,2,RIDER385
385,ORDER386,2023-04-27,In Transit,30,308.65,3,RIDER386
386,ORDER387,2023-07-09,Delivered,18,310.42,3,RIDER387
387,ORDER388,2023-03-21,Delivered,70,320.35,4,RIDER388
388,ORDER389,2023-05-21,Delivered,65,374.71,1,RIDER389
389,ORDER390,2023-10-26,Failed,44,272.51,2,RIDER390
390,ORDER391,2023-04-17,Delivered,61,268.24,5,RIDER391
391,ORDER392,2023-05-19,Failed,92,356.73,4,RIDER392
392,ORDER393,2023-06-23,In Transit,87,496.45,3,RIDER393
393,ORDER394,2023-01-27,Failed,48,174.29,2,RIDER394
394,ORDER395,2023-06-04,Failed,37,242.38,2,RIDER395
395,ORDER396,2023-11-11,Delivered,17,72.6,1,RIDER396
396,ORDER397,2023-05-16,Failed,37,346.07,2,RIDER397
397,ORDER398,2023-02-07,In Transit,104,417.19,2,RIDER398
398,ORDER399,2023-04-06,Delivered,14,484.17,4,RIDER399
399,ORDER400,2023-08-17,In Transit,111,136.59,2,RIDER400
400,ORDER401,2023-06-10,Failed,17,493.83,1,RIDER401
401,ORDER402,2023-12-04,Failed,83,485.35,4,RIDER402
402,ORDER403,2023-02-06,Delivered,115,315.12,4,RIDER403
403,ORDER404,2023-08-19,Delivered,66,93.07,3,RIDER404
404,ORDER405,2023-02-14,Failed,38,424.21,5,RIDER405
405,ORDER406,2023-04-30,In Transit,45,484.24,1,RIDER406
406,ORDER407,2023-10-23,In Transit,64,231.07,3,RIDER407
407,ORDER408,2023-06-30,Failed,82,222.8,1,RIDER408
408,ORDER409,2023-12-19,In Transit,85,370.29,3,RIDER409
409,ORDER410,2023-12-16,Delivered,34,491.33,1,RIDER410
410,ORDER411,2023-10-24,Delivered,40,241.68,3,RIDER411
411,ORDER412,2023-12-01,Failed,52,121.8,5,RIDER412
412,ORDER413,2023-04-13,In Transit,14,378.27,2,RIDER413
413,ORDER414,2023-10-13,Failed,76,484.74,5,RIDER414
414,ORDER415,2023-06-13,In Transit,116,455.36,5,RIDER415
415,ORDER416,2023-10-24,In Transit,111,332.39,1,RIDER416
416,ORDER417,2023-06-13,Delivered,18,495.61,1,RIDER417
417,ORDER418,2023-11-07,Failed,92,285.73,4,RIDER418
418,ORDER419,2023-11-23,In Transit,68,313.13,2,RIDER419
419,ORDER420,2023-05-27,Failed,28,459.53,5,RIDER420
420,ORDER421,2023-11-04,In Transit,120,117.49,2,RIDER421
421,ORDER422,2023-10-28,Failed,119,102.27,2,RIDER422
422,ORDER423,2023-04-18,In Transit,98,253.52,2,RIDER423
423,ORDER424,2023-04-29,In Transit,70,346.19,2,RIDER424
424,ORDER425,2023-03-27,Delivered,37,291.63,3,RIDER425
425,ORDER426,2023-09-25,Delivered,44,164.29,5,RIDER426
426,ORDER427,2023-01-04,In Transit,22,341.38,4,RIDER427
427,ORDER428,2023-05-24,In Transit,82,165.88,4,RIDER428
428,ORDER429,2023-07-19,Failed,52,234.63,1,RIDER429
429,ORDER430,2023-07-29,Failed,55,131.8,2,RIDER430
430,ORDER431,2023-07-05,Failed,63,197.27,2,RIDER431
431,ORDER432,2023-02-21,Delivered,23,437.52,5,RIDER432
432,ORDER433,2023-07-02,In Transit,65,476.63,4,RIDER433
433,ORDER434,2023-03-09,In Transit,37,406.16,5,RIDER434
434,ORDER435,2023-06-15,Failed,40,333.12,5,RIDER435
435,ORDER436,2023-04-04,Failed,96,272.16,5,RIDER436
436,ORDER437,2023-01-03,Delivered,33,133.16,4,RIDER437
437,ORDER438,2023-04-20,In Transit,28,157.07,1,RIDER438
438,ORDER439,2023-01-09,Delivered,103,278.41,1,RIDER439
439,ORDER440,2023-01-22,In Transit,23,155.52,1,RIDER440
440,ORDER441,2023-06-24,Delivered,60,302.48,2,RIDER441
441,ORDER442,2023-04-17,In Transit,24,400.79,4,RIDER442
442,ORDER443,2023-07-27,In Transit,62,400.87,3,RIDER443
443,ORDER444,2023-01-02,Failed,114,63.95,5,RIDER444
444,ORDER445,2023-11-29,In Transit,99,350.21,3,RIDER445
445,ORDER446,2023-06-27,Failed,94,227.91,5,RIDER446
446,ORDER447,2023-02-02,In Transit,67,275.53,2,RIDER447
447,ORDER448,2023-12-27,Failed,14,330.42,1,RIDER448
448,ORDER449,2023-03-18,Failed,10,103.05,4,RIDER449
449,ORDER450,2023-12-08,Failed,113,459.13,2,RIDER450
450,ORDER451,2023-04-15,In Transit,102,414.84,5,RIDER451
451,ORDER452,2023-05-12,Delivered,32,316.14,3,RIDER452
452,ORDER453,2023-05-27,Failed,119,217.11,3,RIDER453
453,ORDER454,2023-05-28,Delivered,57,73.7,4,RIDER454
454,ORDER455,2023-05-11,Delivered,76,326.2,2,RIDER455
455,ORDER456,2023-08-24,Delivered,105,348.31,3,RIDER456
456,ORDER457,2023-08-04,Failed,61,265.97,2,RIDER457
457,ORDER458,2023-08-11,In Transit,49,146.21,4,RIDER458
458,ORDER459,2023-09-03,Delivered,97,387.55,4,RIDER459
459,ORDER460,2023-02-19,In Transit,70,79.64,1,RIDER460
460,ORDER461,2023-12-30,Failed,54,84.5,4,RIDER461
461,ORDER462,2023-01-15,In Transit,83,119.62,1,RIDER462
462,ORDER463,2023-03-28,Failed,83,406.63,4,RIDER463
463,ORDER464,2023-12-25,Delivered,112,456.3,2,RIDER464
464,ORDER465,2023-09-14,Failed,23,258.11,4,RIDER465
465,ORDER466,2023-03-31,In Transit,69,295.02,4,RIDER466
466,ORDER467,2023-04-30,Failed,100,180.54,1,RIDER467
467,ORDER468,2023-01-09,Delivered,93,209.07,2,RIDER468
468,ORDER469,2023-06-16,Delivered,35,333.83,3,RIDER469
469,ORDER470,2023-10-09,Delivered,28,232.35,4,RIDER470
470,ORDER471,2023-04-20,Delivered,118,373.34,3,RIDER471
471,ORDER472,2023-12-02,Failed,36,245.56,1,RIDER472
472,ORDER473,2023-12-01,In Transit,45,384.07,5,RIDER473
473,ORDER474,2023-10-02,Delivered,67,220.2,4,RIDER474
474,ORDER475,2023-01-21,In Transit,97,440.53,5,RIDER475
475,ORDER476,2023-05-24,In Transit,52,299.65,1,RIDER476
476,ORDER477,2023-10-25,In Transit,66,108.55,1,RIDER477
477,ORDER478,2023-08-22,Delivered,61,493.67,3,RIDER478
478,ORDER479,2023-08-26,Delivered,14,113.98,3,RIDER479
479,ORDER480,2023-02-21,In Transit,76,323.03,2,RIDER480
480,ORDER481,2023-08-27,In Transit,38,379.27,2,RIDER481
481,ORDER482,2023-07-08,In Transit,49,440.69,5,RIDER482
482,ORDER483,2023-06-13,Delivered,35,462.35,2,RIDER483
483,ORDER484,2023-07-06,Failed,42,326.45,2,RIDER484
484,ORDER485,2023-06-29,Delivered,37,208.64,3,RIDER485
485,ORDER486,2023-06-27,Failed,43,459.29,3,RIDER486
486,ORDER487,2023-11-23,Failed,16,264.17,1,RIDER487
487,ORDER488,2023-02-25,Delivered,64,197.08,5,RIDER488
488,ORDER489,2023-08-31,Failed,57,277.65,2,RIDER489
489,ORDER490,2023-01-28,Delivered,60,142.12,2,RIDER490
490,ORDER491,2023-09-10,Failed,29,325.86,4,RIDER491
491,ORDER492,2023-09-24,Failed,59,248.67,2,RIDER492
492,ORDER493,2023-04-03,Delivered,59,104.22,5,RIDER493
493,ORDER494,2023-02-02,In Transit,10,116.03,2,RIDER494
494,ORDER495,2023-08-07,Delivered,103,388.61,3,RIDER495
495,ORDER496,2023-04-24,Delivered,96,327.92,4,RIDER496
496,ORDER497,2023-08-29,Failed,10,433.81,5,RIDER497
497,ORDER498,2023-05-07,Delivered,46,132.3,1,RIDER498
498,ORDER499,2023-11-22,In Transit,28,315.71,3,RIDER499
499,ORDER500,2023-11-05,Delivered,28,493.91,3,RIDER500
500,ORDER501,2023-08-24,Failed,115,109.65,3,RIDER501
501,ORDER502,2023-10-26,In Transit,83,431.29,5,RIDER502
502,ORDER503,2023-01-30,Delivered,12,250.38,3,RIDER503
503,ORDER504,2023-03-26,Failed,55,178.05,4,RIDER504
504,ORDER505,2023-01-28,Delivered,85,66.65,1,RIDER505
505,ORDER506,2023-09-09,Delivered,108,311.99,2,RIDER506
506,ORDER507,2023-08-30,In Transit,55,78.79,1,RIDER507
507,ORDER508,2023-12-24,In Transit,37,229.74,4,RIDER508
508,ORDER509,2023-11-20,Delivered,51,394.24,4,RIDER509
509,ORDER510,2023-12-24,In Transit,101,135.05,2,RIDER510
510,ORDER511,2023-08-21,Delivered,33,254.87,5,RIDER511
511,ORDER512,2023-10-01,Failed,68,400.52,2,RIDER512
512,ORDER513,2023-05-29,Failed,54,163.12,2,RIDER513
513,ORDER514,2023-01-27,Failed,60,321.42,3,RIDER514
514,ORDER515,2023-03-25,In Transit,14,206.54,4,RIDER515
515,ORDER516,2023-01-21,Delivered,57,93.68,4,RIDER516
516,ORDER517,2023-12-30,In Transit,80,389.44,4,RIDER517
517,ORDER518,2023-09-28,In Transit,117,325.73,4,RIDER518
518,ORDER519,2023-03-15,Failed,20,380.66,3,RIDER519
519,ORDER520,2023-03-05,In Transit,38,94.99,2,RIDER520
520,ORDER521,2023-06-25,Failed,37,216.32,2,RIDER521
521,ORDER522,2023-07-26,In Transit,84,493.32,4,RIDER522
522,ORDER523,2023-08-18,Failed,16,449.62,3,RIDER523
523,ORDER524,2023-12-04,Delivered,33,276.92,5,RIDER524
524,ORDER525,2023-12-20,Failed,19,271.7,2,RIDER525
525,ORDER526,2023-11-07,In Transit,27,236.64,1,RIDER526
526,ORDER527,2023-10-19,In Transit,55,468.71,1,RIDER527
527,ORDER528,2023-02-09,Failed,99,79.68,3,RIDER528
528,ORDER529,2023-12-26,Failed,54,146.38,4,RIDER529
529,ORDER530,2023-09-12,In Transit,108,105.8,5,RIDER530
530,ORDER531,2023-02-02,In Transit,59,276.14,2,RIDER531
531,ORDER532,2023-02-08,Delivered,18,331.63,4,RIDER532
532,ORDER533,2023-05-22,Failed,11,359.15,4,RIDER533
533,ORDER534,2023-09-11,Delivered,98,407.88,5,RIDER534
534,ORDER535,2023-10-05,Delivered,56,250.03,4,RIDER535
535,ORDER536,2023-01-14,Delivered,40,488.46,2,RIDER536
536,ORDER537,2023-09-28,Delivered,31,422.38,3,RIDER537
537,ORDER538,2023-01-29,In Transit,84,94.14,5,RIDER538
538,ORDER539,2023-07-14,In Transit,111,380.84,5,RIDER539
539,ORDER540,2023-04-06,Delivered,38,228.62,3,RIDER540
540,ORDER541,2023-08-08,Failed,59,320.02,3,RIDER541
541,ORDER542,2023-02-21,In Transit,21,329.79,5,RIDER542
542,ORDER543,2023-08-24,In Transit,106,221.01,2,RIDER543
543,ORDER544,2023-08-27,Failed,114,269.65,5,RIDER544
544,ORDER545,2023-04-22,Delivered,94,310.14,3,RIDER545
545,ORDER546,2023-04-21,In Transit,48,306.63,4,RIDER546
546,ORDER547,2023-05-23,Failed,71,65.07,3,RIDER547
547,ORDER548,2023-09-04,In Transit,35,462.46,2,RIDER548
548,ORDER549,2023-02-21,In Transit,118,93.85,5,RIDER549
549,ORDER550,2023-03-17,Failed,105,165.62,4,RIDER550
550,ORDER551,2023-01-24,In Transit,117,59.22,3,RIDER551
551,ORDER552,2023-03-30,Failed,79,452.19,1,RIDER552
552,ORDER553,2023-01-22,In Transit,94,276.21,5,RIDER553
553,ORDER554,2023-11-03,Failed,68,271.16,4,RIDER554
554,ORDER555,2023-09-30,Delivered,46,237.13,3,RIDER555
555,ORDER556,2023-05-30,Delivered,16,127.79,4,RIDER556
556,ORDER557,2023-08-18,Failed,71,187.92,2,RIDER557
557,ORDER558,2023-09-14,Delivered,116,395.53,1,RIDER558
558,ORDER559,2023-10-15,In Transit,43,61.89,5,RIDER559
559,ORDER560,2023-03-07,In Transit,96,330.91,4,RIDER560
560,ORDER561,2023-10-22,Delivered,120,116.35,2,RIDER561
561,ORDER562,2023-02-20,In Transit,16,247.23,1,RIDER562
562,ORDER563,2023-03-09,Delivered,75,423.18,5,RIDER563
563,ORDER564,2023-08-24,In Transit,111,150.29,3,RIDER564
564,ORDER565,2023-09-08,Delivered,10,192.92,1,RIDER565
565,ORDER566,2023-11-21,Delivered,60,400.36,4,RIDER566
566,ORDER567,2023-05-14,In Transit,53,221.89,2,RIDER567
567,ORDER568,2023-06-06,In Transit,62,384.32,3,RIDER568
568,ORDER569,2023-12-17,Delivered,34,395.39,5,RIDER569
569,ORDER570,2023-01-29,Failed,75,272.82,3,RIDER570
570,ORDER571,2023-12-09,Failed,88,391.98,5,RIDER571
571,ORDER572,2023-04-02,Delivered,63,489.79,4,RIDER572
572,ORDER573,2023-06-12,Failed,15,148.66,2,RIDER573
573,ORDER574,2023-12-12,Delivered,44,85.95,4,RIDER574
574,ORDER575,2023-03-18,Delivered,62,115.15,4,RIDER575
575,ORDER576,2023-03-05,Delivered,81,161.86,1,RIDER576
576,ORDER577,2023-10-21,In Transit,103,244.52,3,RIDER577
577,ORDER578,2023-07-19,Failed,84,360.35,3,RIDER578
578,ORDER579,2023-08-20,In Transit,94,316.74,4,RIDER579
579,ORDER580,2023-08-14,Delivered,12,142.82,4,RIDER580
580,ORDER581,2023-04-06,Failed,43,274.87,2,RIDER581
581,ORDER582,2023-07-27,Delivered,94,480.07,1,RIDER582
582,ORDER583,2023-04-25,Failed,89,234.2,1,RIDER583
583,ORDER584,2023-11-02,In Transit,106,337.12,3,RIDER584
584,ORDER585,2023-05-01,Failed,90,333.26,5,RIDER585
585,ORDER586,2023-01-26,Delivered,49,327.26,1,RIDER586
586,ORDER587,2023-01-31,Delivered,94,89.85,1,RIDER587
587,ORDER588,2023-08-19,Failed,70,97.05,3,RIDER588
588,ORDER589,2023-03-14,In Transit,33,202.17,5,RIDER589
589,ORDER590,2023-09-09,In Transit,99,211.75,3,RIDER590
590,ORDER591,2023-08-21,Failed,66,455.39,1,RIDER591
591,ORDER592,2023-03-01,Failed,58,278.28,5,RIDER592
592,ORDER593,2023-02-21,Failed,44,179.14,1,RIDER593
593,ORDER594,2023-09-27,In Transit,81,236.92,4,RIDER594
594,ORDER595,2023-01-10,Failed,15,94.76,4,RIDER595
595,ORDER596,2023-04-20,Delivered,35,105.29,5,RIDER596
596,ORDER597,2023-03-01,Delivered,111,222.48,2,RIDER597
597,ORDER598,2023-11-16,Delivered,15,295.11,1,RIDER598
598,ORDER599,2023-10-27,Delivered,54,318.34,2,RIDER599
599,ORDER600,2023-10-26,In Transit,15,183.6,3,RIDER600
600,ORDER601,2023-10-07,Failed,102,285.76,3,RIDER601
601,ORDER602,2023-06-19,Delivered,64,310.72,4,RIDER602
602,ORDER603,2023-04-25,In Transit,16,177.02,3,RIDER603
603,ORDER604,2023-12-18,In Transit,48,66.21,5,RIDER604
604,ORDER605,2023-08-09,Delivered,50,418.96,1,RIDER605
605,ORDER606,2023-06-03,Delivered,120,82.06,4,RIDER606
606,ORDER607,2023-11-27,Delivered,99,414.09,2,RIDER607
607,ORDER608,2023-07-25,Failed,108,387.98,1,RIDER608
608,ORDER609,2023-01-10,Delivered,41,305.61,2,RIDER609
609,ORDER610,2023-08-14,Delivered,20,477.71,3,RIDER610
610,ORDER611,2023-11-17,In Transit,101,356.9,4,RIDER611
611,ORDER612,2023-06-06,Failed,98,439.19,4,RIDER612
612,ORDER613,2023-09-15,Delivered,21,225.63,5,RIDER613
613,ORDER614,2023-04-21,Failed,14,446.77,1,RIDER614
614,ORDER615,2023-10-31,Failed,87,288.07,4,RIDER615
615,ORDER616,2023-04-07,Delivered,29,211.45,1,RIDER616
616,ORDER617,2023-04-15,Failed,119,442.46,3,RIDER617
617,ORDER618,2023-04-16,Delivered,66,397.18,3,RIDER618
618,ORDER619,2023-11-20,Failed,69,211.45,2,RIDER619
619,ORDER620,2023-10-07,Delivered,84,331.04,4,RIDER620
620,ORDER621,2023-07-26,Failed,95,349.42,5,RIDER621
621,ORDER622,2023-06-07,Delivered,37,405.48,4,RIDER622
622,ORDER623,2023-03-31,In Transit,35,475.35,2,RIDER623
623,ORDER624,2023-02-23,In Transit,30,445.22,3,RIDER624
624,ORDER625,2023-01-18,In Transit,52,338.55,2,RIDER625
625,ORDER626,2023-03-09,In Transit,43,107.57,1,RIDER626
626,ORDER627,2023-09-30,Failed,120,116.33,5,RIDER627
627,ORDER628,2023-06-11,Delivered,109,133.43,4,RIDER628
628,ORDER629,2023-12-10,Delivered,88,215.61,5,RIDER629
629,ORDER630,2023-07-31,Failed,84,404.24,3,RIDER630
630,ORDER631,2023-06-28,Failed,60,213.67,5,RIDER631
631,ORDER632,2023-07-28,Failed,82,209.46,5,RIDER632
632,ORDER633,2023-06-26,Delivered,103,468.13,2,RIDER633
633,ORDER634,2023-05-14,Failed,12,417.21,4,RIDER634
634,ORDER635,2023-04-29,Failed,51,126.61,3,RIDER635
635,ORDER636,2023-05-07,Delivered,38,146.84,1,RIDER636
636,ORDER637,2023-10-08,Delivered,26,298.54,4,RIDER637
637,ORDER638,2023-04-27,Failed,54,135.77,4,RIDER638
638,ORDER639,2023-03-30,Delivered,87,469.47,3,RIDER639
639,ORDER640,2023-01-25,In Transit,83,493.66,4,RIDER640
640,ORDER641,2023-08-26,In Transit,89,246.93,1,RIDER641
641,ORDER642,2023-05-03,Failed,102,91.05,1,RIDER642
642,ORDER643,2023-04-05,Delivered,88,340.51,4,RIDER643
643,ORDER644,2023-06-07,Delivered,64,472.2,4,RIDER644
644,ORDER645,2023-02-18,Delivered,104,160.89,2,RIDER645
645,ORDER646,2023-08-09,Delivered,82,227.6,5,RIDER646
646,ORDER647,2023-05-15,In Transit,91,231.99,1,RIDER647
647,ORDER648,2023-02-10,Failed,20,297.18,2,RIDER648
648,ORDER649,2023-07-09,Failed,54,464.01,1,RIDER649
649,ORDER650,2023-07-30,In Transit,110,249.15,1,RIDER650
650,ORDER651,2023-04-06,Failed,112,480.52,5,RIDER651
651,ORDER652,2023-03-15,In Transit,72,87.06,4,RIDER652
652,ORDER653,2023-03-12,Delivered,26,479.17,3,RIDER653
653,ORDER654,2023-04-28,Failed,75,335.47,2,RIDER654
654,ORDER655,2023-09-06,In Transit,45,65.94,1,RIDER655
655,ORDER656,2023-04-14,Failed,98,270.59,4,RIDER656
656,ORDER657,2023-08-14,Failed,28,425.92,4,RIDER657
657,ORDER658,2023-03-14,In Transit,42,144.44,2,RIDER658
658,ORDER659,2023-05-26,Delivered,110,400.84,3,RIDER659
659,ORDER660,2023-03-24,In Transit,48,142.31,2,RIDER660
660,ORDER661,2023-10-01,Delivered,106,282.53,3,RIDER661
661,ORDER662,2023-06-12,Delivered,91,379.16,2,RIDER662
662,ORDER663,2023-07-06,Failed,47,146.37,5,RIDER663
663,ORDER664,2023-03-08,In Transit,36,170.43,5,RIDER664
664,ORDER665,2023-02-04,Failed,88,381.74,2,RIDER665
665,ORDER666,2023-06-22,Delivered,50,439.38,4,RIDER666
666,ORDER667,2023-04-06,Delivered,36,71.25,2,RIDER667
667,ORDER668,2023-04-21,Delivered,55,88.58,4,RIDER668
668,ORDER669,2023-12-20,Delivered,16,376.29,2,RIDER669
669,ORDER670,2023-07-11,Failed,12,235.01,2,RIDER670
670,ORDER671,2023-11-25,Delivered,58,434.47,4,RIDER671
671,ORDER672,2023-03-20,Delivered,62,393.61,5,RIDER672
672,ORDER673,2023-03-19,Delivered,54,300.12,1,RIDER673
673,ORDER674,2023-03-07,Failed,108,489.56,4,RIDER674
674,ORDER675,2023-04-22,Delivered,35,320.85,1,RIDER675
675,ORDER676,2023-01-24,Delivered,91,129.76,1,RIDER676
676,ORDER677,2023-10-23,Delivered,68,431.3,4,RIDER677
677,ORDER678,2023-12-09,In Transit,88,332.25,2,RIDER678
678,ORDER679,2023-11-03,In Transit,68,321.28,4,RIDER679
679,ORDER680,2023-04-20,Delivered,27,367.12,1,RIDER680
680,ORDER681,2023-07-25,In Transit,35,140.76,5,RIDER681
681,ORDER682,2023-07-26,Delivered,93,120.29,5,RIDER682
682,ORDER683,2023-07-24,Failed,76,186.92,5,RIDER683
683,ORDER684,2023-05-12,Delivered,39,316.47,2,RIDER684
684,ORDER685,2023-12-09,In Transit,61,50.51,2,RIDER685
685,ORDER686,2023-02-26,Failed,61,335.89,2,RIDER686
686,ORDER687,2023-12-22,In Transit,54,226.52,2,RIDER687
687,ORDER688,2023-06-18,In Transit,111,201.38,5,RIDER688
688,ORDER689,2023-03-20,In Transit,81,380.58,4,RIDER689
689,ORDER690,2023-01-17,Failed,42,477.82,2,RIDER690
690,ORDER691,2023-09-14,Delivered,111,100.3,2,RIDER691
691,ORDER692,2023-06-20,Failed,115,399.33,2,RIDER692
692,ORDER693,2023-11-16,Delivered,111,213.49,3,RIDER693
693,ORDER694,2023-07-28,Delivered,88,258.92,4,RIDER694
694,ORDER695,2023-04-14,Failed,103,222.07,3,RIDER695
695,ORDER696,2023-11-10,Delivered,37,473.12,5,RIDER696
696,ORDER697,2023-12-18,In Transit,35,290.84,1,RIDER697
697,ORDER698,2023-08-10,In Transit,103,216.65,2,RIDER698
698,ORDER699,2023-11-22,In Transit,79,447.9,1,RIDER699
699,ORDER700,2023-07-01,In Transit,104,439.85,5,RIDER700
700,ORDER701,2023-04-29,In Transit,10,69.71,3,RIDER701
701,ORDER702,2023-06-24,In Transit,108,486.26,5,RIDER702
702,ORDER703,2023-02-04,Delivered,11,96.25,1,RIDER703
703,ORDER704,2023-08-27,In Transit,28,57.06,2,RIDER704
704,ORDER705,2023-10-13,Delivered,103,50.01,3,RIDER705
705,ORDER706,2023-12-11,In Transit,92,328.82,5,RIDER706
706,ORDER707,2023-06-10,In Transit,75,383.94,3,RIDER707
707,ORDER708,2023-05-19,Failed,97,343.37,4,RIDER708
708,ORDER709,2023-05-23,Delivered,25,472.55,4,RIDER709
709,ORDER710,2023-06-23,In Transit,48,280.56,1,RIDER710
710,ORDER711,2023-04-28,In Transit,96,266.02,2,RIDER711
711,ORDER712,2023-01-06,Failed,76,251.03,4,RIDER712
712,ORDER713,2023-08-27,Failed,58,223.59,3,RIDER713
713,ORDER714,2023-07-10,Failed,86,468.94,1,RIDER714
714,ORDER715,2023-01-26,Delivered,90,141.51,5,RIDER715
715,ORDER716,2023-04-23,Failed,37,274.15,5,RIDER716
716,ORDER717,2023-05-03,In Transit,61,121.38,2,RIDER717
717,ORDER718,2023-03-04,In Transit,33,57.36,1,RIDER718
718,ORDER719,2023-05-04,In Transit,94,224.28,1,RIDER719
719,ORDER720,2023-05-04,Failed,95,329.75,3,RIDER720
720,ORDER721,2023-06-21,In Transit,118,130.97,3,RIDER721
721,ORDER722,2023-03-19,In Transit,115,51.36,4,RIDER722
722,ORDER723,2023-01-15,Delivered,23,189.61,5,RIDER723
723,ORDER724,2023-11-16,Failed,107,404.46,3,RIDER724
724,ORDER725,2023-09-11,Failed,116,345.75,4,RIDER725
725,ORDER726,2023-01-27,Failed,31,403.46,4,RIDER726
726,ORDER727,2023-02-20,In Transit,38,353.21,3,RIDER727
727,ORDER728,2023-01-14,In Transit,62,239.77,3,RIDER728
728,ORDER729,2023-04-19,Delivered,105,465.28,2,RIDER729
729,ORDER730,2023-07-19,In Transit,10,145.35,4,RIDER730
730,ORDER731,2023-02-08,Delivered,28,410.37,2,RIDER731
731,ORDER732,2023-03-01,Failed,59,331.43,5,RIDER732
732,ORDER733,2023-11-24,Delivered,84,395.71,5,RIDER733
733,ORDER734,2023-05-27,In Transit,37,263.54,5,RIDER734
734,ORDER735,2023-11-30,In Transit,92,103.35,1,RIDER735
735,ORDER736,2023-07-25,Delivered,28,119.12,5,RIDER736
736,ORDER737,2023-03-20,Delivered,25,470.72,1,RIDER737
737,ORDER738,2023-11-13,In Transit,48,333.45,4,RIDER738
738,ORDER739,2023-05-26,Failed,55,193.25,1,RIDER739
739,ORDER740,2023-10-15,Failed,22,453.54,2,RIDER740
740,ORDER741,2023-12-31,Delivered,119,402.45,4,RIDER741
741,ORDER742,2023-11-13,Failed,90,333.49,5,RIDER742
742,ORDER743,2023-09-13,Failed,115,378.22,2,RIDER743
743,ORDER744,2023-02-17,Failed,120,155.76,1,RIDER744
744,ORDER745,2023-04-15,Delivered,27,484.24,1,RIDER745
745,ORDER746,2023-04-23,In Transit,70,237.21,4,RIDER746
746,ORDER747,2023-12-13,Failed,66,349.05,2,RIDER747
747,ORDER748,2023-09-05,Delivered,55,237.51,2,RIDER748
748,ORDER749,2023-08-29,In Transit,87,322.08,2,RIDER749
749,ORDER750,2023-11-25,Delivered,52,285.64,2,RIDER750
750,ORDER751,2023-10-19,Delivered,72,273.67,4,RIDER751
751,ORDER752,2023-12-10,Failed,104,278.81,2,RIDER752
752,ORDER753,2023-02-19,Failed,108,284.32,2,RIDER753
753,ORDER754,2023-04-11,Failed,19,333.63,5,RIDER754
754,ORDER755,2023-11-29,In Transit,37,328.31,3,RIDER755
755,ORDER756,2023-01-19,In Transit,66,277.91,4,RIDER756
756,ORDER757,2023-11-11,Delivered,100,272.13,4,RIDER757
757,ORDER758,2023-02-10,In Transit,120,91.38,4,RIDER758
758,ORDER759,2023-03-24,Failed,54,56.4,3,RIDER759
759,ORDER760,2023-06-01,Delivered,95,236.15,4,RIDER760
760,ORDER761,2023-07-04,In Transit,109,228.03,5,RIDER761
761,ORDER762,2023-12-24,In Transit,13,306.33,3,RIDER762
762,ORDER763,2023-09-23,In Transit,52,169.81,2,RIDER763
763,ORDER764,2023-02-19,Delivered,57,76.98,3,RIDER764
764,ORDER765,2023-03-22,Failed,62,376.5,1,RIDER765
765,ORDER766,2023-04-27,Delivered,90,272.79,3,RIDER766
766,ORDER767,2023-08-23,In Transit,54,222.84,4,RIDER767
767,ORDER768,2023-03-08,In Transit,115,395.45,4,RIDER768
768,ORDER769,2023-10-19,Failed,91,273.97,3,RIDER769
769,ORDER770,2023-01-12,In Transit,55,488.07,1,RIDER770
770,ORDER771,2023-06-02,Delivered,49,387.88,4,RIDER771
771,ORDER772,2023-10-14,In Transit,86,455.42,3,RIDER772
772,ORDER773,2023-04-02,Failed,96,352.07,2,RIDER773
773,ORDER774,2023-01-14,Failed,19,464.56,2,RIDER774
774,ORDER775,2023-03-28,Failed,20,266.39,3,RIDER775
775,ORDER776,2023-12-20,Failed,75,236.75,4,RIDER776
776,ORDER777,2023-01-01,Failed,72,423.06,3,RIDER777
777,ORDER778,2023-03-31,Delivered,91,302.73,1,RIDER778
778,ORDER779,2023-02-16,In Transit,28,353.95,2,RIDER779
779,ORDER780,2023-12-15,Failed,67,222.84,5,RIDER780
780,ORDER781,2023-08-10,Delivered,45,399.2,4,RIDER781
781,ORDER782,2023-11-30,Failed,15,98.25,1,RIDER782
782,ORDER783,2023-02-11,Failed,20,341.09,1,RIDER783
783,ORDER784,2023-05-07,Failed,106,255.3,4,RIDER784
784,ORDER785,2023-04-24,In Transit,94,259.99,5,RIDER785
785,ORDER786,2023-04-08,In Transit,42,77.29,5,RIDER786
786,ORDER787,2023-07-21,Failed,106,422.42,5,RIDER787
787,ORDER788,2023-05-13,In Transit,110,76.08,1,RIDER788
788,ORDER789,2023-04-13,Failed,89,351.67,4,RIDER789
789,ORDER790,2023-03-15,Delivered,24,329.16,1,RIDER790
790,ORDER791,2023-11-18,In Transit,74,420.49,4,RIDER791
791,ORDER792,2023-11-05,In Transit,53,401.55,4,RIDER792
792,ORDER793,2023-08-14,Delivered,52,181.48,3,RIDER793
793,ORDER794,2023-08-07,In Transit,105,227.29,3,RIDER794
794,ORDER795,2023-07-16,Delivered,16,325.83,2,RIDER795
795,ORDER796,2023-09-07,Delivered,49,332.86,1,RIDER796
796,ORDER797,2023-09-14,Failed,109,353.38,4,RIDER797
797,ORDER798,2023-02-01,In Transit,32,314.23,2,RIDER798
798,ORDER799,2023-11-03,Delivered,58,330.65,3,RIDER799
799,ORDER800,2023-09-04,Delivered,95,246.84,2,RIDER800
800,ORDER801,2023-09-03,Failed,44,289.63,4,RIDER801
801,ORDER802,2023-12-25,In Transit,113,232.39,4,RIDER802
802,ORDER803,2023-05-15,Delivered,102,121.57,3,RIDER803
803,ORDER804,2023-07-27,Failed,23,404.56,2,RIDER804
804,ORDER805,2023-08-22,Failed,67,405.55,1,RIDER805
805,ORDER806,2023-06-09,Delivered,35,348.43,1,RIDER806
806,ORDER807,2023-02-17,Delivered,112,305.9,5,RIDER807
807,ORDER808,2023-07-23,In Transit,22,145.29,1,RIDER808
808,ORDER809,2023-01-25,Failed,27,345.0,4,RIDER809
809,ORDER810,2023-03-16,Failed,17,337.89,3,RIDER810
810,ORDER811,2023-12-04,Delivered,107,302.78,2,RIDER811
811,ORDER812,2023-04-04,In Transit,40,196.65,4,RIDER812
812,ORDER813,2023-11-30,Failed,17,231.38,1,RIDER813
813,ORDER814,2023-08-16,Failed,88,81.53,5,RIDER814
814,ORDER815,2023-09-30,Delivered,111,83.24,4,RIDER815
815,ORDER816,2023-12-14,In Transit,102,72.21,3,RIDER816
816,ORDER817,2023-02-04,In Transit,114,345.83,5,RIDER817
817,ORDER818,2023-11-03,Delivered,16,101.04,2,RIDER818
818,ORDER819,2023-02-24,Delivered,111,185.02,4,RIDER819
819,ORDER820,2023-02-27,In Transit,48,188.25,4,RIDER820
820,ORDER821,2023-03-19,In Transit,46,75.13,2,RIDER821
821,ORDER822,2023-07-28,Failed,54,75.86,3,RIDER822
822,ORDER823,2023-06-05,In Transit,112,461.81,4,RIDER823
823,ORDER824,2023-12-28,Delivered,41,404.47,5,RIDER824
824,ORDER825,2023-10-27,Failed,120,403.85,1,RIDER825
825,ORDER826,2023-04-29,Failed,58,201.27,1,RIDER826
826,ORDER827,2023-07-23,Failed,47,360.48,1,RIDER827
827,ORDER828,2023-01-01,Failed,52,310.21,5,RIDER828
828,ORDER829,2023-11-26,Failed,93,325.09,2,RIDER829
829,ORDER830,2023-10-30,Delivered,42,101.68,3,RIDER830
830,ORDER831,2023-08-29,Failed,21,234.38,3,RIDER831
831,ORDER832,2023-05-01,Failed,69,497.02,4,RIDER832
832,ORDER833,2023-12-06,In Transit,27,251.64,4,RIDER833
833,ORDER834,2023-06-01,Delivered,11,293.25,5,RIDER834
834,ORDER835,2023-08-19,In Transit,85,88.33,4,RIDER835
835,ORDER836,2023-06-18,Delivered,60,310.17,1,RIDER836
836,ORDER837,2023-05-31,Delivered,42,59.14,5,RIDER837
837,ORDER838,2023-02-16,Failed,42,410.71,4,RIDER838
838,ORDER839,2023-10-09,Delivered,23,345.39,2,RIDER839
839,ORDER840,2023-07-16,Delivered,28,295.54,3,RIDER840
840,ORDER841,2023-03-19,Delivered,77,279.1,2,RIDER841
841,ORDER842,2023-09-22,Failed,94,100.32,1,RIDER842
842,ORDER843,2023-02-28,In Transit,55,293.0,2,RIDER843
843,ORDER844,2023-04-25,Failed,107,175.84,5,RIDER844
844,ORDER845,2023-03-15,Delivered,81,384.77,2,RIDER845
845,ORDER846,2023-07-18,Failed,26,376.14,3,RIDER846
846,ORDER847,2023-08-17,In Transit,73,438.86,4,RIDER847
847,ORDER848,2023-02-01,In Transit,28,412.16,2,RIDER848
848,ORDER849,2023-01-28,In Transit,69,424.81,4,RIDER849
849,ORDER850,2023-11-27,Delivered,49,406.52,5,RIDER850
850,ORDER851,2023-11-26,Failed,35,456.17,5,RIDER851
851,ORDER852,2023-03-26,In Transit,90,71.52,1,RIDER852
852,ORDER853,2023-11-18,In Transit,95,84.82,4,RIDER853
853,ORDER854,2023-07-17,Delivered,14,89.38,3,RIDER854
854,ORDER855,2023-04-30,Delivered,111,463.05,2,RIDER855
855,ORDER856,2023-11-11,In Transit,85,279.49,1,RIDER856
856,ORDER857,2023-12-21,In Transit,49,181.45,5,RIDER857
857,ORDER858,2023-03-22,Delivered,52,401.53,1,RIDER858
858,ORDER859,2023-05-05,Delivered,118,320.12,4,RIDER859
859,ORDER860,2023-08-03,In Transit,67,311.05,5,RIDER860
860,ORDER861,2023-09-06,Delivered,48,440.58,1,RIDER861
861,ORDER862,2023-08-23,Delivered,21,117.2,5,RIDER862
862,ORDER863,2023-08-03,Failed,65,465.17,4,RIDER863
863,ORDER864,2023-10-20,Failed,34,78.29,1,RIDER864
864,ORDER865,2023-09-10,Delivered,112,162.96,2,RIDER865
865,ORDER866,2023-09-08,In Transit,36,376.98,3,RIDER866
866,ORDER867,2023-10-17,Delivered,50,98.01,2,RIDER867
867,ORDER868,2023-12-25,Failed,57,440.33,4,RIDER868
868,ORDER869,2023-12-10,In Transit,115,121.51,4,RIDER869
869,ORDER870,2023-02-23,In Transit,90,402.72,1,RIDER870
870,ORDER871,2023-10-18,In Transit,32,448.82,4,RIDER871
871,ORDER872,2023-03-10,Delivered,83,292.79,5,RIDER872
872,ORDER873,2023-11-14,Failed,115,469.84,4,RIDER873
873,ORDER874,2023-04-22,In Transit,104,207.65,2,RIDER874
874,ORDER875,2023-11-29,Failed,44,175.59,1,RIDER875
875,ORDER876,2023-12-10,Failed,29,210.89,1,RIDER876
876,ORDER877,2023-09-05,In Transit,94,147.43,2,RIDER877
877,ORDER878,2023-07-20,Delivered,22,60.02,5,RIDER878
878,ORDER879,2023-02-05,In Transit,114,405.38,1,RIDER879
879,ORDER880,2023-05-20,Failed,11,259.5,3,RIDER880
880,ORDER881,2023-06-03,Failed,58,175.79,2,RIDER881
881,ORDER882,2023-06-28,In Transit,35,416.65,3,RIDER882
882,ORDER883,2023-03-10,In Transit,39,61.88,1,RIDER883
883,ORDER884,2023-11-13,Delivered,60,195.02,2,RIDER884
884,ORDER885,2023-10-30,Failed,51,424.81,1,RIDER885
885,ORDER886,2023-08-01,Delivered,105,229.9,1,RIDER886
886,ORDER887,2023-07-25,Delivered,84,426.92,3,RIDER887
887,ORDER888,2023-10-03,In Transit,100,268.59,1,RIDER888
888,ORDER889,2023-05-21,In Transit,120,131.03,2,RIDER889
889,ORDER890,2023-11-08,In Transit,67,307.62,4,RIDER890
890,ORDER891,2023-10-18,Failed,65,353.75,1,RIDER891
891,ORDER892,2023-05-23,Delivered,70,239.19,3,RIDER892
892,ORDER893,2023-12-10,In Transit,82,148.76,3,RIDER893
893,ORDER894,2023-11-10,In Transit,54,329.04,4,RIDER894
894,ORDER895,2023-03-22,Failed,93,144.79,5,RIDER895
895,ORDER896,2023-08-03,In Transit,37,233.88,2,RIDER896
896,ORDER897,2023-06-27,Failed,75,205.64,1,RIDER897
897,ORDER898,2023-08-26,Delivered,47,158.64,5,RIDER898
898,ORDER899,2023-02-19,Delivered,12,498.01,1,RIDER899
899,ORDER900,2023-10-08,Delivered,21,299.23,5,RIDER900
900,ORDER901,2023-04-20,In Transit,11,206.3,4,RIDER901
901,ORDER902,2023-04-16,In Transit,113,210.03,2,RIDER902
902,ORDER903,2023-04-28,Delivered,42,199.08,3,RIDER903
903,ORDER904,2023-09-09,In Transit,94,146.41,3,RIDER904
904,ORDER905,2023-05-06,Delivered,77,237.11,2,RIDER905
905,ORDER906,2023-09-21,Failed,100,343.25,1,RIDER906
906,ORDER907,2023-10-29,In Transit,96,285.02,1,RIDER907
907,ORDER908,2023-03-27,Failed,74,55.82,1,RIDER908
908,ORDER909,2023-09-18,In Transit,30,425.67,1,RIDER909
909,ORDER910,2023-06-17,Failed,92,402.29,1,RIDER910
910,ORDER911,2023-08-11,Delivered,111,398.09,2,RIDER911
911,ORDER912,2023-05-04,In Transit,73,275.34,2,RIDER912
912,ORDER913,2023-02-15,In Transit,55,414.69,4,RIDER913
913,ORDER914,2023-11-29,Failed,76,468.68,5,RIDER914
914,ORDER915,2023-06-24,Failed,15,167.85,1,RIDER915
915,ORDER916,2023-03-15,In Transit,108,167.52,4,RIDER916
916,ORDER917,2023-08-14,Delivered,53,342.73,2,RIDER917
917,ORDER918,2023-04-21,In Transit,83,286.35,3,RIDER918
918,ORDER919,2023-09-04,Failed,32,382.56,1,RIDER919
919,ORDER920,2023-09-10,Failed,28,246.03,1,RIDER920
920,ORDER921,2023-02-19,In Transit,14,257.99,4,RIDER921
921,ORDER922,2023-05-02,In Transit,103,405.28,5,RIDER922
922,ORDER923,2023-07-25,In Transit,75,318.76,4,RIDER923
923,ORDER924,2023-12-02,In Transit,119,198.96,3,RIDER924
924,ORDER925,2023-08-29,In Transit,49,362.85,2,RIDER925
925,ORDER926,2023-05-28,Failed,41,101.49,1,RIDER926
926,ORDER927,2023-03-21,In Transit,116,291.76,1,RIDER927
927,ORDER928,2023-07-18,In Transit,84,318.03,4,RIDER928
928,ORDER929,2023-10-17,In Transit,44,180.93,1,RIDER929
929,ORDER930,2023-02-22,In Transit,40,467.16,3,RIDER930
930,ORDER931,2023-03-09,In Transit,25,104.04,2,RIDER931
931,ORDER932,2023-08-20,Delivered,50,282.56,4,RIDER932
932,ORDER933,2023-06-10,Failed,45,481.73,4,RIDER933
933,ORDER934,2023-02-28,Failed,23,307.85,5,RIDER934
934,ORDER935,2023-10-01,Delivered,46,260.93,4,RIDER935
935,ORDER936,2023-01-28,Delivered,106,440.76,1,RIDER936
936,ORDER937,2023-10-24,Delivered,72,245.83,4,RIDER937
937,ORDER938,2023-10-29,Failed,118,93.44,2,RIDER938
938,ORDER939,2023-08-17,In Transit,13,420.31,4,RIDER939
939,ORDER940,2023-08-31,Failed,79,65.99,4,RIDER940
940,ORDER941,2023-05-05,In Transit,67,380.17,4,RIDER941
941,ORDER942,2023-11-23,In Transit,94,328.7,5,RIDER942
942,ORDER943,2023-01-11,Failed,58,270.99,5,RIDER943
943,ORDER944,2023-08-13,In Transit,14,428.33,4,RIDER944
944,ORDER945,2023-04-07,Failed,74,382.39,1,RIDER945
945,ORDER946,2023-04-09,In Transit,74,81.26,5,RIDER946
946,ORDER947,2023-09-11,Delivered,53,85.79,3,RIDER947
947,ORDER948,2023-01-12,Delivered,16,472.38,3,RIDER948
948,ORDER949,2023-05-03,In Transit,105,99.85,2,RIDER949
949,ORDER950,2023-10-02,In Transit,80,386.45,2,RIDER950
950,ORDER951,2023-02-09,Delivered,64,228.94,4,RIDER951
951,ORDER952,2023-08-05,Delivered,48,209.08,5,RIDER952
952,ORDER953,2023-08-20,Delivered,89,415.92,5,RIDER953
953,ORDER954,2023-09-26,Failed,47,95.48,1,RIDER954
954,ORDER955,2023-05-28,In Transit,39,429.59,3,RIDER955
955,ORDER956,2023-12-24,Failed,38,266.74,2,RIDER956
956,ORDER957,2023-03-23,Delivered,120,277.9,1,RIDER957
957,ORDER958,2023-01-03,Failed,90,404.25,1,RIDER958
958,ORDER959,2023-04-20,In Transit,58,405.54,1,RIDER959
959,ORDER960,2023-06-25,Failed,17,58.21,5,RIDER960
960,ORDER961,2023-03-02,Failed,74,486.56,1,RIDER961
961,ORDER962,2023-07-11,In Transit,94,228.35,2,RIDER962
962,ORDER963,2023-11-11,Delivered,91,200.93,3,RIDER963
963,ORDER964,2023-07-08,In Transit,90,101.37,5,RIDER964
964,ORDER965,2023-08-05,In Transit,106,293.83,5,RIDER965
965,ORDER966,2023-09-23,Failed,49,138.14,1,RIDER966
966,ORDER967,2023-04-19,Delivered,45,457.01,5,RIDER967
967,ORDER968,2023-10-10,Delivered,86,349.97,5,RIDER968
968,ORDER969,2023-12-21,In Transit,106,263.74,3,RIDER969
969,ORDER970,2023-11-19,In Transit,96,444.91,1,RIDER970
970,ORDER971,2023-09-08,Failed,65,222.91,1,RIDER971
971,ORDER972,2023-12-31,Failed,101,264.02,3,RIDER972
972,ORDER973,2023-09-03,Delivered,106,88.53,2,RIDER973
973,ORDER974,2023-07-12,Failed,90,160.64,5,RIDER974
974,ORDER975,2023-11-27,In Transit,20,62.59,1,RIDER975
975,ORDER976,2023-10-19,Failed,66,77.48,2,RIDER976
976,ORDER977,2023-09-21,Failed,106,279.16,1,RIDER977
977,ORDER978,2023-03-04,Failed,85,479.78,3,RIDER978
978,ORDER979,2023-09-22,Delivered,66,206.48,4,RIDER979
979,ORDER980,2023-01-11,In Transit,81,346.14,2,RIDER980
980,ORDER981,2023-01-31,Failed,76,382.67,5,RIDER981
981,ORDER982,2023-07-03,Failed,17,172.26,1,RIDER982
982,ORDER983,2023-03-30,Delivered,106,466.29,4,RIDER983
983,ORDER984,2023-05-22,Delivered,10,477.83,3,RIDER984
984,ORDER985,2023-11-22,Delivered,60,94.97,2,RIDER985
985,ORDER986,2023-10-30,Failed,62,181.0,1,RIDER986
986,ORDER987,2023-02-18,Delivered,81,339.28,3,RIDER987
987,ORDER988,2023-10-16,In Transit,72,390.32,3,RIDER988
988,ORDER989,2023-01-01,In Transit,61,394.23,1,RIDER989
989,ORDER990,2023-10-23,Delivered,29,272.07,4,RIDER990
990,ORDER991,2023-03-10,Delivered,16,483.42,4,RIDER991
991,ORDER992,2023-03-11,Failed,84,130.69,4,RIDER992
992,ORDER993,2023-10-19,Failed,37,143.52,1,RIDER993
993,ORDER994,2023-07-24,Delivered,16,270.99,3,RIDER994
994,ORDER995,2023-08-26,Failed,43,268.16,2,RIDER995
995,ORDER996,2023-10-08,Delivered,31,210.58,5,RIDER996
996,ORDER997,2023-10-28,Delivered,83,343.33,2,RIDER997
997,ORDER998,2023-04-25,In Transit,120,330.09,2,RIDER998
998,ORDER999,2023-06-23,In Transit,104,480.61,3,RIDER999
999,ORDER1000,2023-02-08,Failed,90,496.99,2,RIDER1000
1000,ORDER1001,2023-10-18,In Transit,109,292.88,3,RIDER1001
1001,ORDER1002,2023-11-11,Delivered,57,394.41,3,RIDER1002
1002,ORDER1003,2023-06-29,In Transit,83,498.66,1,RIDER1003
1003,ORDER1004,2023-09-20,In Transit,89,78.62,5,RIDER1004
1004,ORDER1005,2023-12-27,In Transit,54,258.12,1,RIDER1005
1005,ORDER1006,2023-01-06,Delivered,95,93.63,1,RIDER1006
1006,ORDER1007,2023-08-17,Failed,39,72.66,5,RIDER1007
1007,ORDER1008,2023-01-11,In Transit,30,491.78,3,RIDER1008
1008,ORDER1009,2023-06-08,In Transit,53,443.54,3,RIDER1009
1009,ORDER1010,2023-04-15,In Transit,95,228.86,4,RIDER1010
1010,ORDER1011,2023-02-08,Failed,97,464.32,5,RIDER1011
1011,ORDER1012,2023-08-04,Delivered,20,374.55,2,RIDER1012
1012,ORDER1013,2023-06-28,Failed,73,219.49,4,RIDER1013
1013,ORDER1014,2023-12-17,Failed,103,420.21,2,RIDER1014
1014,ORDER1015,2023-08-28,Delivered,12,475.74,1,RIDER1015
1015,ORDER1016,2023-07-01,In Transit,14,486.72,4,RIDER1016
1016,ORDER1017,2023-12-16,Failed,119,407.52,1,RIDER1017
1017,ORDER1018,2023-09-18,Delivered,54,369.9,2,RIDER1018
1018,ORDER1019,2023-01-07,In Transit,10,426.33,4,RIDER1019
1019,ORDER1020,2023-08-08,Delivered,31,72.36,1,RIDER1020
1020,ORDER1021,2023-02-28,Failed,108,170.77,4,RIDER1021
1021,ORDER1022,2023-06-04,Delivered,77,288.2,5,RIDER1022
1022,ORDER1023,2023-05-26,Delivered,49,171.11,5,RIDER1023
1023,ORDER1024,2023-09-01,Failed,43,175.21,4,RIDER1024
1024,ORDER1025,2023-12-06,In Transit,48,112.41,3,RIDER1025
1025,ORDER1026,2023-10-24,Delivered,29,432.09,5,RIDER1026
1026,ORDER1027,2023-11-11,Failed,94,91.14,4,RIDER1027
1027,ORDER1028,2023-06-24,Delivered,15,353.74,5,RIDER1028
1028,ORDER1029,2023-07-01,In Transit,27,278.94,4,RIDER1029
1029,ORDER1030,2023-12-06,Failed,96,215.11,1,RIDER1030
1030,ORDER1031,2023-01-06,Failed,97,58.62,4,RIDER1031
1031,ORDER1032,2023-06-14,Delivered,109,288.49,5,RIDER1032
1032,ORDER1033,2023-07-26,Failed,74,384.21,1,RIDER1033
1033,ORDER1034,2023-02-14,Failed,119,311.86,2,RIDER1034
1034,ORDER1035,2023-04-11,Delivered,68,435.67,3,RIDER1035
1035,ORDER1036,2023-03-23,Failed,24,460.4,2,RIDER1036
1036,ORDER1037,2023-05-23,Delivered,71,87.49,1,RIDER1037
1037,ORDER1038,2023-09-12,Failed,60,146.82,2,RIDER1038
1038,ORDER1039,2023-11-26,Delivered,37,195.66,2,RIDER1039
1039,ORDER1040,2023-01-31,Delivered,50,163.24,3,RIDER1040
1040,ORDER1041,2023-11-27,In Transit,16,434.79,5,RIDER1041
1041,ORDER1042,2023-07-18,Delivered,46,114.52,5,RIDER1042
1042,ORDER1043,2023-03-29,In Transit,42,61.41,2,RIDER1043
1043,ORDER1044,2023-01-20,In Transit,38,388.7,1,RIDER1044
1044,ORDER1045,2023-11-28,Delivered,24,244.28,2,RIDER1045
1045,ORDER1046,2023-07-15,Delivered,87,343.33,3,RIDER1046
1046,ORDER1047,2023-06-22,In Transit,112,466.49,4,RIDER1047
1047,ORDER1048,2023-12-04,Delivered,79,146.29,5,RIDER1048
1048,ORDER1049,2023-09-25,Delivered,117,118.72,1,RIDER1049
1049,ORDER1050,2023-04-01,Delivered,57,75.62,4,RIDER1050
1050,ORDER1051,2023-07-20,Failed,96,366.06,2,RIDER1051
1051,ORDER1052,2023-08-03,Failed,81,451.63,5,RIDER1052
1052,ORDER1053,2023-06-25,Delivered,60,372.03,1,RIDER1053
1053,ORDER1054,2023-10-08,In Transit,120,289.95,4,RIDER1054
1054,ORDER1055,2023-10-27,In Transit,43,276.06,4,RIDER1055
1055,ORDER1056,2023-07-15,In Transit,17,63.17,3,RIDER1056
1056,ORDER1057,2023-07-21,Delivered,102,236.12,3,RIDER1057
1057,ORDER1058,2023-08-10,In Transit,63,249.88,4,RIDER1058
1058,ORDER1059,2023-04-17,In Transit,16,340.06,2,RIDER1059
1059,ORDER1060,2023-10-15,Delivered,97,288.57,3,RIDER1060
1060,ORDER1061,2023-06-01,In Transit,94,472.17,1,RIDER1061
1061,ORDER1062,2023-09-02,In Transit,90,477.39,2,RIDER1062
1062,ORDER1063,2023-08-04,Failed,22,122.72,4,RIDER1063
1063,ORDER1064,2023-12-08,Failed,61,292.82,3,RIDER1064
1064,ORDER1065,2023-11-10,Failed,108,342.44,5,RIDER1065
1065,ORDER1066,2023-03-04,Failed,54,146.58,4,RIDER1066
1066,ORDER1067,2023-10-13,Failed,11,466.84,3,RIDER1067
1067,ORDER1068,2023-08-10,Delivered,89,207.02,4,RIDER1068
1068,ORDER1069,2023-08-16,Failed,96,469.36,2,RIDER1069
1069,ORDER1070,2023-07-23,Failed,54,314.9,1,RIDER1070
1070,ORDER1071,2023-07-30,In Transit,11,461.94,3,RIDER1071
1071,ORDER1072,2023-07-26,Failed,11,158.28,3,RIDER1072
1072,ORDER1073,2023-03-05,In Transit,118,196.92,5,RIDER1073
1073,ORDER1074,2023-01-18,Delivered,46,155.45,4,RIDER1074
1074,ORDER1075,2023-04-02,Delivered,98,218.08,4,RIDER1075
1075,ORDER1076,2023-02-14,Failed,61,198.36,4,RIDER1076
1076,ORDER1077,2023-12-31,Delivered,76,310.17,1,RIDER1077
1077,ORDER1078,2023-04-27,Failed,43,448.22,3,RIDER1078
1078,ORDER1079,2023-08-07,Failed,31,99.76,3,RIDER1079
1079,ORDER1080,2023-11-16,In Transit,103,397.51,5,RIDER1080
1080,ORDER1081,2023-12-31,Delivered,87,115.96,4,RIDER1081
1081,ORDER1082,2023-09-19,In Transit,21,143.49,1,RIDER1082
1082,ORDER1083,2023-10-09,In Transit,44,251.2,1,RIDER1083
1083,ORDER1084,2023-07-06,In Transit,63,495.52,3,RIDER1084
1084,ORDER1085,2023-04-07,In Transit,112,306.8,3,RIDER1085
1085,ORDER1086,2023-06-21,Delivered,17,337.13,1,RIDER1086
1086,ORDER1087,2023-07-06,In Transit,96,73.38,4,RIDER1087
1087,ORDER1088,2023-02-07,Delivered,46,325.49,5,RIDER1088
1088,ORDER1089,2023-07-09,Failed,117,294.32,4,RIDER1089
1089,ORDER1090,2023-07-06,Failed,86,353.91,2,RIDER1090
1090,ORDER1091,2023-12-08,In Transit,95,100.21,4,RIDER1091
1091,ORDER1092,2023-07-31,Failed,96,208.46,2,RIDER1092
1092,ORDER1093,2023-02-02,In Transit,101,76.77,4,RIDER1093
1093,ORDER1094,2023-11-11,Delivered,74,281.83,4,RIDER1094
1094,ORDER1095,2023-12-19,In Transit,38,392.28,5,RIDER1095
1095,ORDER1096,2023-09-07,In Transit,102,409.78,3,RIDER1096
1096,ORDER1097,2023-10-26,In Transit,108,129.21,4,RIDER1097
1097,ORDER1098,2023-04-13,In Transit,94,121.92,5,RIDER1098
1098,ORDER1099,2023-04-11,Failed,51,125.23,5,RIDER1099
1099,ORDER1100,2023-10-11,Delivered,32,415.09,3,RIDER1100
1100,ORDER1101,2023-07-06,Delivered,58,467.36,1,RIDER1101
1101,ORDER1102,2023-07-26,Failed,41,272.0,4,RIDER1102
1102,ORDER1103,2023-03-11,Delivered,78,117.6,3,RIDER1103
1103,ORDER1104,2023-02-21,In Transit,117,152.61,2,RIDER1104
1104,ORDER1105,2023-12-14,Delivered,59,362.22,5,RIDER1105
1105,ORDER1106,2023-11-15,Failed,103,394.46,1,RIDER1106
1106,ORDER1107,2023-12-25,Failed,68,154.52,5,RIDER1107
1107,ORDER1108,2023-03-14,In Transit,104,92.81,2,RIDER1108
1108,ORDER1109,2023-10-17,Failed,66,139.27,4,RIDER1109
1109,ORDER1110,2023-05-27,Delivered,94,426.88,1,RIDER1110
1110,ORDER1111,2023-03-04,In Transit,115,211.7,5,RIDER1111
1111,ORDER1112,2023-06-04,Delivered,63,284.04,2,RIDER1112
1112,ORDER1113,2023-04-28,Delivered,109,396.05,1,RIDER1113
1113,ORDER1114,2023-03-09,Failed,61,270.85,5,RIDER1114
1114,ORDER1115,2023-07-20,Failed,99,472.93,3,RIDER1115
1115,ORDER1116,2023-08-21,In Transit,63,77.33,3,RIDER1116
1116,ORDER1117,2023-10-26,In Transit,113,175.27,5,RIDER1117
1117,ORDER1118,2023-01-02,Delivered,86,464.11,1,RIDER1118
1118,ORDER1119,2023-02-02,Failed,73,180.53,3,RIDER1119
1119,ORDER1120,2023-05-28,Failed,19,109.96,2,RIDER1120
1120,ORDER1121,2023-05-13,In Transit,70,135.16,3,RIDER1121
1121,ORDER1122,2023-10-20,Failed,14,137.34,2,RIDER1122
1122,ORDER1123,2023-10-17,Delivered,112,73.6,2,RIDER1123
1123,ORDER1124,2023-11-26,Failed,94,191.86,2,RIDER1124
1124,ORDER1125,2023-10-04,Failed,17,84.84,1,RIDER1125
1125,ORDER1126,2023-04-01,Failed,10,435.37,1,RIDER1126
1126,ORDER1127,2023-04-24,Delivered,84,228.16,2,RIDER1127
1127,ORDER1128,2023-08-08,Delivered,90,59.41,5,RIDER1128
1128,ORDER1129,2023-05-16,Failed,67,53.52,1,RIDER1129
1129,ORDER1130,2023-07-15,Delivered,89,412.85,2,RIDER1130
1130,ORDER1131,2023-03-23,Delivered,12,471.24,4,RIDER1131
1131,ORDER1132,2023-06-11,Failed,25,298.73,3,RIDER1132
1132,ORDER1133,2023-06-28,Delivered,103,415.19,2,RIDER1133
1133,ORDER1134,2023-12-04,Failed,118,147.57,2,RIDER1134
1134,ORDER1135,2023-01-16,In Transit,76,481.62,5,RIDER1135
1135,ORDER1136,2023-10-30,In Transit,47,324.11,5,RIDER1136
1136,ORDER1137,2023-12-26,In Transit,78,362.32,2,RIDER1137
1137,ORDER1138,2023-12-17,Delivered,56,156.21,1,RIDER1138
1138,ORDER1139,2023-12-06,Failed,99,370.07,1,RIDER1139
1139,ORDER1140,2023-02-16,Delivered,65,325.32,3,RIDER1140
1140,ORDER1141,2023-11-06,In Transit,50,332.25,4,RIDER1141
1141,ORDER1142,2023-01-03,Delivered,24,79.39,4,RIDER1142
1142,ORDER1143,2023-06-12,Delivered,95,445.65,5,RIDER1143
1143,ORDER1144,2023-01-26,Failed,64,457.96,5,RIDER1144
1144,ORDER1145,2023-05-26,In Transit,14,101.07,4,RIDER1145
1145,ORDER1146,2023-02-19,Delivered,34,403.21,2,RIDER1146
1146,ORDER1147,2023-08-22,Delivered,94,319.38,2,RIDER1147
1147,ORDER1148,2023-07-28,In Transit,58,138.95,5,RIDER1148
1148,ORDER1149,2023-11-29,Delivered,66,275.32,2,RIDER1149
1149,ORDER1150,2023-09-22,In Transit,93,77.76,3,RIDER1150
1150,ORDER1151,2023-05-28,Failed,101,431.44,4,RIDER1151
1151,ORDER1152,2023-09-22,Failed,31,75.76,2,RIDER1152
1152,ORDER1153,2023-12-14,Failed,71,483.15,1,RIDER1153
1153,ORDER1154,2023-05-20,In Transit,86,61.44,3,RIDER1154
1154,ORDER1155,2023-10-28,Delivered,38,51.83,1,RIDER1155
1155,ORDER1156,2023-02-20,Delivered,105,470.69,2,RIDER1156
1156,ORDER1157,2023-05-21,Delivered,96,108.62,1,RIDER1157
1157,ORDER1158,2023-07-23,In Transit,103,421.94,5,RIDER1158
1158,ORDER1159,2023-07-18,Failed,49,463.29,5,RIDER1159
1159,ORDER1160,2023-06-09,In Transit,62,388.34,2,RIDER1160
1160,ORDER1161,2023-01-15,Delivered,75,402.79,3,RIDER1161
1161,ORDER1162,2023-02-11,In Transit,49,226.18,5,RIDER1162
1162,ORDER1163,2023-12-10,Failed,25,293.44,3,RIDER1163
1163,ORDER1164,2023-02-03,Failed,114,96.81,1,RIDER1164
1164,ORDER1165,2023-07-23,Delivered,108,165.53,2,RIDER1165
1165,ORDER1166,2023-11-11,Failed,19,225.31,1,RIDER1166
1166,ORDER1167,2023-08-09,Delivered,87,321.74,4,RIDER1167
1167,ORDER1168,2023-08-03,Delivered,71,479.18,3,RIDER1168
1168,ORDER1169,2023-04-18,In Transit,86,415.53,4,RIDER1169
1169,ORDER1170,2023-03-03,In Transit,46,432.22,1,RIDER1170
1170,ORDER1171,2023-11-11,In Transit,34,489.28,1,RIDER1171
1171,ORDER1172,2023-03-05,Failed,22,402.47,1,RIDER1172
1172,ORDER1173,2023-01-10,Delivered,52,199.11,3,RIDER1173
1173,ORDER1174,2023-07-07,In Transit,74,308.19,5,RIDER1174
1174,ORDER1175,2023-07-11,In Transit,101,306.51,2,RIDER1175
1175,ORDER1176,2023-04-24,Delivered,46,144.21,3,RIDER1176
1176,ORDER1177,2023-04-11,Failed,118,327.85,3,RIDER1177
1177,ORDER1178,2023-08-09,Delivered,82,122.29,4,RIDER1178
1178,ORDER1179,2023-11-11,In Transit,120,444.12,2,RIDER1179
1179,ORDER1180,2023-10-15,Failed,74,204.32,5,RIDER1180
1180,ORDER1181,2023-07-09,Failed,24,226.87,4,RIDER1181
1181,ORDER1182,2023-07-15,Delivered,103,398.79,2,RIDER1182
1182,ORDER1183,2023-10-26,Failed,120,349.39,1,RIDER1183
1183,ORDER1184,2023-08-14,Failed,73,64.95,3,RIDER1184
1184,ORDER1185,2023-04-22,In Transit,39,480.13,2,RIDER1185
1185,ORDER1186,2023-10-21,Delivered,117,382.41,5,RIDER1186
1186,ORDER1187,2023-01-06,Delivered,24,395.86,5,RIDER1187
1187,ORDER1188,2023-03-26,Delivered,15,234.25,2,RIDER1188
1188,ORDER1189,2023-05-16,Delivered,32,261.65,3,RIDER1189
1189,ORDER1190,2023-12-24,Delivered,115,218.61,2,RIDER1190
1190,ORDER1191,2023-03-29,Delivered,115,284.03,4,RIDER1191
1191,ORDER1192,2023-10-26,Delivered,16,175.7,3,RIDER1192
1192,ORDER1193,2023-12-03,Delivered,119,133.23,5,RIDER1193
1193,ORDER1194,2023-04-28,Delivered,33,197.71,3,RIDER1194
1194,ORDER1195,2023-11-19,Delivered,41,207.61,1,RIDER1195
1195,ORDER1196,2023-12-29,Delivered,88,279.62,4,RIDER1196
1196,ORDER1197,2023-04-02,In Transit,105,216.93,2,RIDER1197
1197,ORDER1198,2023-03-26,Failed,13,61.76,3,RIDER1198
1198,ORDER1199,2023-07-10,In Transit,74,266.63,3,RIDER1199
1199,ORDER1200,2023-01-15,Delivered,24,252.24,2,RIDER1200
1200,ORDER1201,2023-12-07,Failed,114,386.69,2,RIDER1201
1201,ORDER1202,2023-06-28,Delivered,109,462.11,4,RIDER1202
1202,ORDER1203,2023-11-10,Failed,50,460.13,1,RIDER1203
1203,ORDER1204,2023-05-22,In Transit,113,205.29,2,RIDER1204
1204,ORDER1205,2023-02-10,In Transit,35,433.07,5,RIDER1205
1205,ORDER1206,2023-07-21,Failed,101,445.88,2,RIDER1206
1206,ORDER1207,2023-09-20,In Transit,21,271.03,5,RIDER1207
1207,ORDER1208,2023-09-07,Delivered,99,489.94,4,RIDER1208
1208,ORDER1209,2023-07-16,Delivered,22,216.01,5,RIDER1209
1209,ORDER1210,2023-12-03,Delivered,112,228.18,3,RIDER1210
1210,ORDER1211,2023-01-21,Delivered,21,303.32,1,RIDER1211
1211,ORDER1212,2023-06-02,Delivered,73,297.45,4,RIDER1212
1212,ORDER1213,2023-06-17,Delivered,16,179.69,2,RIDER1213
1213,ORDER1214,2023-03-14,In Transit,89,335.55,5,RIDER1214
1214,ORDER1215,2023-04-11,Failed,28,55.9,3,RIDER1215
1215,ORDER1216,2023-06-14,Failed,27,208.94,3,RIDER1216
1216,ORDER1217,2023-10-05,Failed,54,331.06,2,RIDER1217
1217,ORDER1218,2023-03-17,Failed,106,184.8,4,RIDER1218
1218,ORDER1219,2023-07-27,In Transit,59,287.36,3,RIDER1219
1219,ORDER1220,2023-03-19,Delivered,44,236.46,2,RIDER1220
1220,ORDER1221,2023-03-22,Delivered,54,101.8,4,RIDER1221
1221,ORDER1222,2023-11-29,Failed,66,106.54,3,RIDER1222
1222,ORDER1223,2023-04-30,Failed,113,420.25,4,RIDER1223
1223,ORDER1224,2023-01-02,Delivered,108,289.91,4,RIDER1224
1224,ORDER1225,2023-09-07,In Transit,42,217.86,1,RIDER1225
1225,ORDER1226,2023-08-18,In Transit,61,435.93,1,RIDER1226
1226,ORDER1227,2023-06-04,In Transit,104,337.2,2,RIDER1227
1227,ORDER1228,2023-10-02,In Transit,101,129.79,2,RIDER1228
1228,ORDER1229,2023-02-15,Delivered,78,121.52,1,RIDER1229
1229,ORDER1230,2023-02-11,In Transit,87,85.4,2,RIDER1230
1230,ORDER1231,2023-08-29,In Transit,41,469.47,1,RIDER1231
1231,ORDER1232,2023-11-24,Failed,111,95.59,1,RIDER1232
1232,ORDER1233,2023-10-04,Delivered,56,487.66,3,RIDER1233
1233,ORDER1234,2023-04-23,In Transit,78,228.01,2,RIDER1234
1234,ORDER1235,2023-02-02,In Transit,115,436.11,1,RIDER1235
1235,ORDER1236,2023-07-26,Failed,112,135.62,5,RIDER1236
1236,ORDER1237,2023-01-10,Delivered,50,222.07,5,RIDER1237
1237,ORDER1238,2023-02-16,Delivered,21,360.9,5,RIDER1238
1238,ORDER1239,2023-11-18,Failed,56,167.12,3,RIDER1239
1239,ORDER1240,2023-04-18,In Transit,27,376.3,4,RIDER1240
1240,ORDER1241,2023-04-21,Failed,33,233.13,5,RIDER1241
1241,ORDER1242,2023-08-24,In Transit,70,236.17,1,RIDER1242
1242,ORDER1243,2023-03-19,Delivered,98,426.31,4,RIDER1243
1243,ORDER1244,2023-07-17,Delivered,44,397.28,2,RIDER1244
1244,ORDER1245,2023-03-26,Delivered,22,416.62,5,RIDER1245
1245,ORDER1246,2023-12-23,Delivered,13,93.49,5,RIDER1246
1246,ORDER1247,2023-04-22,Failed,38,326.52,4,RIDER1247
1247,ORDER1248,2023-11-10,Delivered,119,182.81,5,RIDER1248
1248,ORDER1249,2023-02-14,In Transit,98,75.43,3,RIDER1249
1249,ORDER1250,2023-02-03,Delivered,89,405.74,5,RIDER1250
1250,ORDER1251,2023-09-02,Failed,84,452.95,3,RIDER1251
1251,ORDER1252,2023-03-30,In Transit,39,413.2,1,RIDER1252
1252,ORDER1253,2023-09-28,Delivered,41,342.1,1,RIDER1253
1253,ORDER1254,2023-04-10,In Transit,22,197.94,3,RIDER1254
1254,ORDER1255,2023-02-13,In Transit,97,497.42,4,RIDER1255
1255,ORDER1256,2023-11-15,In Transit,54,401.74,3,RIDER1256
1256,ORDER1257,2023-01-02,Failed,120,307.8,4,RIDER1257
1257,ORDER1258,2023-03-12,Failed,98,389.27,3,RIDER1258
1258,ORDER1259,2023-10-19,Delivered,80,300.89,2,RIDER1259
1259,ORDER1260,2023-04-19,Failed,41,198.06,2,RIDER1260
1260,ORDER1261,2023-02-11,Failed,93,230.66,4,RIDER1261
1261,ORDER1262,2023-08-02,Failed,58,199.0,3,RIDER1262
1262,ORDER1263,2023-12-04,Delivered,99,364.92,1,RIDER1263
1263,ORDER1264,2023-05-22,Delivered,62,338.82,1,RIDER1264
1264,ORDER1265,2023-05-21,Failed,105,114.17,2,RIDER1265
1265,ORDER1266,2023-06-13,Failed,98,390.17,1,RIDER1266
1266,ORDER1267,2023-11-17,In Transit,108,82.57,5,RIDER1267
1267,ORDER1268,2023-07-28,In Transit,14,87.6,5,RIDER1268
1268,ORDER1269,2023-03-22,Failed,69,146.3,5,RIDER1269
1269,ORDER1270,2023-07-08,Delivered,93,337.25,3,RIDER1270
1270,ORDER1271,2023-03-04,In Transit,30,75.36,4,RIDER1271
1271,ORDER1272,2023-08-11,Delivered,96,288.86,1,RIDER1272
1272,ORDER1273,2023-07-03,In Transit,106,359.5,5,RIDER1273
1273,ORDER1274,2023-02-14,Delivered,32,51.68,3,RIDER1274
1274,ORDER1275,2023-03-29,In Transit,44,314.05,3,RIDER1275
1275,ORDER1276,2023-04-03,Delivered,70,156.82,5,RIDER1276
1276,ORDER1277,2023-06-15,Failed,99,323.03,2,RIDER1277
1277,ORDER1278,2023-05-27,Failed,98,161.56,4,RIDER1278
1278,ORDER1279,2023-09-28,Delivered,114,122.27,2,RIDER1279
1279,ORDER1280,2023-06-21,Failed,69,81.57,5,RIDER1280
1280,ORDER1281,2023-11-19,Failed,103,238.49,1,RIDER1281
1281,ORDER1282,2023-07-03,Failed,24,55.83,2,RIDER1282
1282,ORDER1283,2023-07-21,Delivered,83,419.25,2,RIDER1283
1283,ORDER1284,2023-12-06,Delivered,97,327.83,1,RIDER1284
1284,ORDER1285,2023-11-26,In Transit,49,217.21,2,RIDER1285
1285,ORDER1286,2023-07-03,Failed,62,343.78,3,RIDER1286
1286,ORDER1287,2023-05-04,Failed,11,139.35,2,RIDER1287
1287,ORDER1288,2023-10-23,In Transit,86,115.46,4,RIDER1288
1288,ORDER1289,2023-05-01,In Transit,36,215.96,3,RIDER1289
1289,ORDER1290,2023-09-24,Failed,41,78.9,4,RIDER1290
1290,ORDER1291,2023-05-02,Failed,51,482.08,5,RIDER1291
1291,ORDER1292,2023-11-30,Delivered,91,151.97,4,RIDER1292
1292,ORDER1293,2023-09-19,In Transit,63,385.19,2,RIDER1293
1293,ORDER1294,2023-06-30,Failed,67,310.82,4,RIDER1294
1294,ORDER1295,2023-09-14,Delivered,11,466.25,4,RIDER1295
1295,ORDER1296,2023-05-24,Failed,48,229.86,1,RIDER1296
1296,ORDER1297,2023-01-18,Delivered,50,171.05,2,RIDER1297
1297,ORDER1298,2023-07-09,In Transit,16,382.18,5,RIDER1298
1298,ORDER1299,2023-11-25,Delivered,20,81.93,2,RIDER1299
1299,ORDER1300,2023-12-17,Failed,42,382.47,1,RIDER1300
1300,ORDER1301,2023-07-22,In Transit,88,253.11,3,RIDER1301
1301,ORDER1302,2023-10-06,Delivered,68,265.66,4,RIDER1302
1302,ORDER1303,2023-11-22,Delivered,105,370.79,5,RIDER1303
1303,ORDER1304,2023-12-06,In Transit,91,150.26,3,RIDER1304
1304,ORDER1305,2023-01-22,In Transit,28,85.29,2,RIDER1305
1305,ORDER1306,2023-03-23,Delivered,37,469.19,2,RIDER1306
1306,ORDER1307,2023-01-18,Failed,15,460.12,2,RIDER1307
1307,ORDER1308,2023-05-19,In Transit,54,179.16,5,RIDER1308
1308,ORDER1309,2023-12-18,Delivered,12,260.27,2,RIDER1309
1309,ORDER1310,2023-01-18,Failed,36,87.38,3,RIDER1310
1310,ORDER1311,2023-11-13,Delivered,45,90.3,2,RIDER1311
1311,ORDER1312,2023-02-21,Failed,56,467.89,5,RIDER1312
1312,ORDER1313,2023-04-05,Delivered,66,254.77,3,RIDER1313
1313,ORDER1314,2023-09-14,Failed,106,273.88,3,RIDER1314
1314,ORDER1315,2023-10-25,Failed,28,368.99,1,RIDER1315
1315,ORDER1316,2023-08-15,Failed,99,487.01,2,RIDER1316
1316,ORDER1317,2023-07-01,Failed,119,135.18,3,RIDER1317
1317,ORDER1318,2023-03-20,Delivered,46,463.69,5,RIDER1318
1318,ORDER1319,2023-10-02,In Transit,80,213.2,2,RIDER1319
1319,ORDER1320,2023-11-01,Failed,115,242.28,3,RIDER1320
1320,ORDER1321,2023-05-28,Delivered,109,187.79,2,RIDER1321
1321,ORDER1322,2023-12-21,Failed,51,467.72,3,RIDER1322
1322,ORDER1323,2023-11-03,Delivered,59,490.13,4,RIDER1323
1323,ORDER1324,2023-07-01,Failed,52,229.73,1,RIDER1324
1324,ORDER1325,2023-01-20,Delivered,111,312.59,5,RIDER1325
1325,ORDER1326,2023-01-01,In Transit,33,397.09,5,RIDER1326
1326,ORDER1327,2023-04-21,In Transit,97,460.63,5,RIDER1327
1327,ORDER1328,2023-01-16,Failed,38,377.91,5,RIDER1328
1328,ORDER1329,2023-06-30,Delivered,61,227.47,5,RIDER1329
1329,ORDER1330,2023-08-04,Failed,72,100.07,5,RIDER1330
1330,ORDER1331,2023-06-08,In Transit,72,142.2,1,RIDER1331
1331,ORDER1332,2023-02-01,Delivered,96,71.29,5,RIDER1332
1332,ORDER1333,2023-06-15,In Transit,64,244.59,5,RIDER1333
1333,ORDER1334,2023-09-21,In Transit,47,420.6,4,RIDER1334
1334,ORDER1335,2023-11-17,Failed,58,214.13,4,RIDER1335
1335,ORDER1336,2023-12-30,Failed,113,67.19,3,RIDER1336
1336,ORDER1337,2023-04-13,In Transit,38,298.56,4,RIDER1337
1337,ORDER1338,2023-04-15,In Transit,22,60.95,4,RIDER1338
1338,ORDER1339,2023-07-03,Delivered,76,462.65,2,RIDER1339
1339,ORDER1340,2023-10-13,Failed,47,77.07,2,RIDER1340
1340,ORDER1341,2023-08-25,Failed,13,247.9,5,RIDER1341
1341,ORDER1342,2023-11-22,In Transit,102,69.39,1,RIDER1342
1342,ORDER1343,2023-06-01,Delivered,89,288.94,4,RIDER1343
1343,ORDER1344,2023-04-28,Delivered,79,432.58,3,RIDER1344
1344,ORDER1345,2023-07-13,Delivered,58,261.3,4,RIDER1345
1345,ORDER1346,2023-02-28,Failed,71,285.85,3,RIDER1346
1346,ORDER1347,2023-08-01,In Transit,41,141.29,4,RIDER1347
1347,ORDER1348,2023-11-14,In Transit,98,497.37,4,RIDER1348
1348,ORDER1349,2023-04-28,In Transit,85,75.17,4,RIDER1349
1349,ORDER1350,2023-03-20,Delivered,29,76.17,5,RIDER1350
1350,ORDER1351,2023-09-27,Delivered,53,471.14,2,RIDER1351
1351,ORDER1352,2023-06-10,Delivered,64,63.62,4,RIDER1352
1352,ORDER1353,2023-06-24,Delivered,65,462.53,4,RIDER1353
1353,ORDER1354,2023-07-29,Delivered,78,115.06,2,RIDER1354
1354,ORDER1355,2023-06-09,Delivered,98,229.27,4,RIDER1355
1355,ORDER1356,2023-07-29,In Transit,117,465.55,2,RIDER1356
1356,ORDER1357,2023-11-19,Failed,73,92.38,1,RIDER1357
1357,ORDER1358,2023-08-06,Failed,42,91.7,3,RIDER1358
1358,ORDER1359,2023-06-21,Delivered,78,359.99,2,RIDER1359
1359,ORDER1360,2023-12-12,Delivered,100,263.75,4,RIDER1360
1360,ORDER1361,2023-10-28,Delivered,83,279.94,1,RIDER1361
1361,ORDER1362,2023-09-03,Delivered,67,67.72,4,RIDER1362
1362,ORDER1363,2023-09-07,In Transit,63,415.85,5,RIDER1363
1363,ORDER1364,2023-12-11,In Transit,12,304.83,2,RIDER1364
1364,ORDER1365,2023-05-06,In Transit,59,130.48,5,RIDER1365
1365,ORDER1366,2023-04-28,Failed,66,430.46,5,RIDER1366
1366,ORDER1367,2023-01-03,Failed,104,404.06,1,RIDER1367
1367,ORDER1368,2023-02-14,Delivered,110,314.54,5,RIDER1368
1368,ORDER1369,2023-10-03,Delivered,102,309.66,2,RIDER1369
1369,ORDER1370,2023-04-02,Delivered,118,493.78,3,RIDER1370
1370,ORDER1371,2023-06-08,In Transit,75,333.19,1,RIDER1371
1371,ORDER1372,2023-10-31,Failed,53,374.03,3,RIDER1372
1372,ORDER1373,2023-02-04,In Transit,89,73.58,1,RIDER1373
1373,ORDER1374,2023-06-27,Failed,87,94.01,1,RIDER1374
1374,ORDER1375,2023-12-13,Failed,58,345.12,1,RIDER1375
1375,ORDER1376,2023-05-17,Delivered,56,429.04,5,RIDER1376
1376,ORDER1377,2023-03-03,Failed,47,337.76,1,RIDER1377
1377,ORDER1378,2023-05-18,Failed,110,406.25,3,RIDER1378
1378,ORDER1379,2023-07-29,Failed,109,171.06,3,RIDER1379
1379,ORDER1380,2023-12-27,Delivered,36,60.4,5,RIDER1380
1380,ORDER1381,2023-11-07,In Transit,42,223.5,1,RIDER1381
1381,ORDER1382,2023-07-17,Failed,80,112.94,4,RIDER1382
1382,ORDER1383,2023-06-04,Delivered,100,142.63,2,RIDER1383
1383,ORDER1384,2023-08-02,Delivered,79,76.22,3,RIDER1384
1384,ORDER1385,2023-04-15,In Transit,39,356.04,1,RIDER1385
1385,ORDER1386,2023-07-03,Failed,92,78.82,3,RIDER1386
1386,ORDER1387,2023-06-07,Delivered,112,263.98,2,RIDER1387
1387,ORDER1388,2023-09-30,Failed,32,152.27,5,RIDER1388
1388,ORDER1389,2023-05-22,Failed,94,87.74,5,RIDER1389
1389,ORDER1390,2023-11-09,In Transit,72,245.11,4,RIDER1390
1390,ORDER1391,2023-07-27,Delivered,75,77.59,5,RIDER1391
1391,ORDER1392,2023-03-22,Failed,15,108.04,4,RIDER1392
1392,ORDER1393,2023-06-24,Delivered,12,142.01,2,RIDER1393
1393,ORDER1394,2023-12-18,Delivered,74,104.38,1,RIDER1394
1394,ORDER1395,2023-09-19,In Transit,23,272.77,4,RIDER1395
1395,ORDER1396,2023-09-26,In Transit,61,344.41,3,RIDER1396
1396,ORDER1397,2023-12-21,In Transit,112,98.73,4,RIDER1397
1397,ORDER1398,2023-04-03,Failed,36,136.06,2,RIDER1398
1398,ORDER1399,2023-05-08,In Transit,74,463.51,2,RIDER1399
1399,ORDER1400,2023-12-29,Failed,35,86.84,3,RIDER1400
1400,ORDER1401,2023-12-11,Failed,28,239.99,3,RIDER1401
1401,ORDER1402,2023-06-30,Delivered,55,483.6,3,RIDER1402
1402,ORDER1403,2023-12-10,Failed,77,255.94,1,RIDER1403
1403,ORDER1404,2023-06-13,Failed,40,273.65,2,RIDER1404
1404,ORDER1405,2023-08-18,Delivered,48,390.37,5,RIDER1405
1405,ORDER1406,2023-06-13,Failed,87,62.93,3,RIDER1406
1406,ORDER1407,2023-06-29,Delivered,97,216.54,1,RIDER1407
1407,ORDER1408,2023-01-01,In Transit,46,237.93,4,RIDER1408
1408,ORDER1409,2023-05-14,Delivered,111,169.2,4,RIDER1409
1409,ORDER1410,2023-02-15,In Transit,105,451.6,3,RIDER1410
1410,ORDER1411,2023-09-09,Delivered,59,79.92,1,RIDER1411
1411,ORDER1412,2023-06-01,In Transit,43,330.17,5,RIDER1412
1412,ORDER1413,2023-11-23,Failed,96,400.24,3,RIDER1413
1413,ORDER1414,2023-04-23,Failed,58,288.69,2,RIDER1414
1414,ORDER1415,2023-09-12,In Transit,54,66.39,4,RIDER1415
1415,ORDER1416,2023-03-25,Delivered,46,205.89,1,RIDER1416
1416,ORDER1417,2023-10-10,Delivered,47,79.12,4,RIDER1417
1417,ORDER1418,2023-05-15,Delivered,13,215.34,4,RIDER1418
1418,ORDER1419,2023-02-13,In Transit,50,306.79,1,RIDER1419
1419,ORDER1420,2023-10-06,Delivered,68,430.27,2,RIDER1420
1420,ORDER1421,2023-02-28,Delivered,53,150.97,2,RIDER1421
1421,ORDER1422,2023-02-11,Delivered,55,136.26,2,RIDER1422
1422,ORDER1423,2023-02-07,In Transit,112,112.35,4,RIDER1423
1423,ORDER1424,2023-06-29,In Transit,62,327.52,3,RIDER1424
1424,ORDER1425,2023-04-12,In Transit,97,324.84,5,RIDER1425
1425,ORDER1426,2023-11-14,Delivered,20,327.39,2,RIDER1426
1426,ORDER1427,2023-04-02,In Transit,37,66.18,4,RIDER1427
1427,ORDER1428,2023-03-16,Failed,68,101.38,4,RIDER1428
1428,ORDER1429,2023-07-03,In Transit,94,247.84,5,RIDER1429
1429,ORDER1430,2023-10-29,Failed,26,173.08,4,RIDER1430
1430,ORDER1431,2023-12-14,In Transit,17,339.78,4,RIDER1431
1431,ORDER1432,2023-08-11,In Transit,120,361.65,5,RIDER1432
1432,ORDER1433,2023-09-06,Failed,19,402.53,1,RIDER1433
1433,ORDER1434,2023-04-20,In Transit,70,71.43,5,RIDER1434
1434,ORDER1435,2023-01-18,Delivered,80,405.53,5,RIDER1435
1435,ORDER1436,2023-02-18,Delivered,119,64.86,5,RIDER1436
1436,ORDER1437,2023-06-09,Failed,21,370.46,4,RIDER1437
1437,ORDER1438,2023-08-12,Delivered,56,61.53,3,RIDER1438
1438,ORDER1439,2023-07-25,Delivered,30,58.49,3,RIDER1439
1439,ORDER1440,2023-08-12,Delivered,28,160.04,4,RIDER1440
1440,ORDER1441,2023-09-17,Failed,109,130.65,5,RIDER1441
1441,ORDER1442,2023-07-10,In Transit,75,275.51,2,RIDER1442
1442,ORDER1443,2023-06-25,Failed,57,151.48,4,RIDER1443
1443,ORDER1444,2023-07-24,In Transit,58,346.36,4,RIDER1444
1444,ORDER1445,2023-08-07,In Transit,108,413.56,4,RIDER1445
1445,ORDER1446,2023-02-18,Delivered,21,427.76,4,RIDER1446
1446,ORDER1447,2023-05-04,Failed,68,499.38,2,RIDER1447
1447,ORDER1448,2023-06-02,In Transit,84,480.31,3,RIDER1448
1448,ORDER1449,2023-02-23,Failed,15,361.34,2,RIDER1449
1449,ORDER1450,2023-09-23,Failed,57,478.7,2,RIDER1450
1450,ORDER1451,2023-03-16,Delivered,53,352.34,5,RIDER1451
1451,ORDER1452,2023-11-08,Delivered,66,83.75,2,RIDER1452
1452,ORDER1453,2023-01-28,Delivered,40,119.44,4,RIDER1453
1453,ORDER1454,2023-04-25,In Transit,24,300.64,3,RIDER1454
1454,ORDER1455,2023-05-17,Failed,95,50.98,2,RIDER1455
1455,ORDER1456,2023-05-25,Failed,65,372.36,5,RIDER1456
1456,ORDER1457,2023-02-03,In Transit,113,431.36,4,RIDER1457
1457,ORDER1458,2023-08-02,Delivered,36,311.63,2,RIDER1458
1458,ORDER1459,2023-02-07,In Transit,11,341.5,4,RIDER1459
1459,ORDER1460,2023-02-21,Failed,37,352.62,2,RIDER1460
1460,ORDER1461,2023-09-22,Delivered,68,354.2,2,RIDER1461
1461,ORDER1462,2023-08-03,Delivered,20,386.3,4,RIDER1462
1462,ORDER1463,2023-05-25,Delivered,13,480.03,1,RIDER1463
1463,ORDER1464,2023-11-11,Delivered,55,129.38,3,RIDER1464
1464,ORDER1465,2023-08-03,In Transit,29,305.97,4,RIDER1465
1465,ORDER1466,2023-11-18,Delivered,31,84.44,2,RIDER1466
1466,ORDER1467,2023-01-02,Delivered,43,178.39,3,RIDER1467
1467,ORDER1468,2023-01-24,In Transit,47,247.87,4,RIDER1468
1468,ORDER1469,2023-12-15,Delivered,30,115.79,5,RIDER1469
1469,ORDER1470,2023-11-27,Delivered,82,340.68,4,RIDER1470
1470,ORDER1471,2023-02-18,Delivered,53,191.98,5,RIDER1471
1471,ORDER1472,2023-09-18,Delivered,32,79.33,4,RIDER1472
1472,ORDER1473,2023-10-19,In Transit,107,411.27,2,RIDER1473
1473,ORDER1474,2023-10-03,Failed,55,281.91,5,RIDER1474
1474,ORDER1475,2023-11-01,In Transit,91,186.66,2,RIDER1475
1475,ORDER1476,2023-06-21,Delivered,18,315.43,5,RIDER1476
1476,ORDER1477,2023-05-26,Delivered,51,425.91,3,RIDER1477
1477,ORDER1478,2023-02-28,Failed,21,361.37,1,RIDER1478
1478,ORDER1479,2023-12-22,Failed,19,108.08,3,RIDER1479
1479,ORDER1480,2023-04-11,Failed,94,110.75,1,RIDER1480
1480,ORDER1481,2023-09-15,Delivered,14,328.57,3,RIDER1481
1481,ORDER1482,2023-05-27,In Transit,90,258.79,2,RIDER1482
1482,ORDER1483,2023-05-24,Delivered,70,472.9,3,RIDER1483
1483,ORDER1484,2023-02-15,In Transit,113,250.73,2,RIDER1484
1484,ORDER1485,2023-05-21,In Transit,22,353.8,5,RIDER1485
1485,ORDER1486,2023-03-12,Failed,38,415.19,3,RIDER1486
1486,ORDER1487,2023-06-26,Delivered,57,449.87,4,RIDER1487
1487,ORDER1488,2023-12-18,Delivered,66,53.21,5,RIDER1488
1488,ORDER1489,2023-11-10,Failed,52,470.64,1,RIDER1489
1489,ORDER1490,2023-12-10,Delivered,15,429.25,1,RIDER1490
1490,ORDER1491,2023-01-14,Failed,50,88.65,2,RIDER1491
1491,ORDER1492,2023-11-12,Failed,116,146.88,1,RIDER1492
1492,ORDER1493,2023-09-11,Failed,49,111.67,2,RIDER1493
1493,ORDER1494,2023-04-22,Failed,84,306.79,2,RIDER1494
1494,ORDER1495,2023-10-14,Failed,40,475.4,5,RIDER1495
1495,ORDER1496,2023-10-22,Failed,77,326.2,2,RIDER1496
1496,ORDER1497,2023-11-28,Delivered,18,175.06,1,RIDER1497
1497,ORDER1498,2023-05-09,Delivered,61,127.44,5,RIDER1498
1498,ORDER1499,2023-06-04,Delivered,82,248.9,3,RIDER1499
1499,ORDER1500,2023-02-25,Failed,81,117.13,2,RIDER1500
1500,ORDER1501,2023-10-18,In Transit,39,372.05,3,RIDER1501
1501,ORDER1502,2023-05-25,Delivered,96,227.88,3,RIDER1502
1502,ORDER1503,2023-08-24,In Transit,99,314.28,3,RIDER1503
1503,ORDER1504,2023-01-31,Delivered,98,120.35,2,RIDER1504
1504,ORDER1505,2023-10-13,In Transit,120,305.39,4,RIDER1505
1505,ORDER1506,2023-08-13,Delivered,14,256.1,5,RIDER1506
1506,ORDER1507,2023-12-16,Failed,90,229.35,3,RIDER1507
1507,ORDER1508,2023-10-31,Delivered,99,294.4,1,RIDER1508
1508,ORDER1509,2023-07-28,Delivered,51,469.2,5,RIDER1509
1509,ORDER1510,2023-04-10,Delivered,27,293.36,2,RIDER1510
1510,ORDER1511,2023-03-06,Delivered,75,164.97,4,RIDER1511
1511,ORDER1512,2023-04-28,Delivered,20,381.56,4,RIDER1512
1512,ORDER1513,2023-09-04,Failed,56,79.06,3,RIDER1513
1513,ORDER1514,2023-04-11,Failed,56,171.65,3,RIDER1514
1514,ORDER1515,2023-01-04,In Transit,105,172.31,5,RIDER1515
1515,ORDER1516,2023-07-29,Delivered,107,355.57,1,RIDER1516
1516,ORDER1517,2023-04-23,Delivered,98,248.36,5,RIDER1517
1517,ORDER1518,2023-01-09,In Transit,115,439.05,2,RIDER1518
1518,ORDER1519,2023-08-07,Delivered,14,335.96,5,RIDER1519
1519,ORDER1520,2023-02-20,In Transit,13,119.95,5,RIDER1520
1520,ORDER1521,2023-01-18,Delivered,67,109.9,1,RIDER1521
1521,ORDER1522,2023-10-07,Delivered,14,177.22,3,RIDER1522
1522,ORDER1523,2023-11-03,Delivered,91,219.92,1,RIDER1523
1523,ORDER1524,2023-08-16,Failed,55,357.21,5,RIDER1524
1524,ORDER1525,2023-03-14,Failed,33,282.93,2,RIDER1525
1525,ORDER1526,2023-12-17,Failed,51,485.19,3,RIDER1526
1526,ORDER1527,2023-11-21,Failed,68,73.41,5,RIDER1527
1527,ORDER1528,2023-09-09,Failed,40,193.72,4,RIDER1528
1528,ORDER1529,2023-07-08,Delivered,60,414.96,5,RIDER1529
1529,ORDER1530,2023-01-29,Delivered,38,361.45,3,RIDER1530
1530,ORDER1531,2023-09-07,Delivered,52,342.89,1,RIDER1531
1531,ORDER1532,2023-09-02,Failed,10,312.66,4,RIDER1532
1532,ORDER1533,2023-07-20,Delivered,99,490.54,3,RIDER1533
1533,ORDER1534,2023-12-05,Delivered,113,356.5,4,RIDER1534
1534,ORDER1535,2023-05-30,Failed,100,368.66,5,RIDER1535
1535,ORDER1536,2023-08-25,In Transit,23,290.45,4,RIDER1536
1536,ORDER1537,2023-08-28,Delivered,24,295.66,4,RIDER1537
1537,ORDER1538,2023-09-30,Failed,84,259.69,3,RIDER1538
1538,ORDER1539,2023-12-07,Failed,116,228.32,1,RIDER1539
1539,ORDER1540,2023-05-15,Failed,54,145.85,1,RIDER1540
1540,ORDER1541,2023-06-25,In Transit,103,121.82,2,RIDER1541
1541,ORDER1542,2023-08-17,Delivered,118,219.11,4,RIDER1542
1542,ORDER1543,2023-07-10,Failed,89,168.06,5,RIDER1543
1543,ORDER1544,2023-02-02,Delivered,79,381.42,4,RIDER1544
1544,ORDER1545,2023-10-05,Delivered,70,356.65,5,RIDER1545
1545,ORDER1546,2023-11-12,In Transit,119,187.05,5,RIDER1546
1546,ORDER1547,2023-12-17,In Transit,19,256.37,5,RIDER1547
1547,ORDER1548,2023-06-13,In Transit,25,143.55,1,RIDER1548
1548,ORDER1549,2023-06-29,Failed,31,454.15,3,RIDER1549
1549,ORDER1550,2023-01-05,Delivered,99,243.41,4,RIDER1550
1550,ORDER1551,2023-09-16,Failed,115,112.71,3,RIDER1551
1551,ORDER1552,2023-04-18,In Transit,35,284.09,3,RIDER1552
1552,ORDER1553,2023-01-31,Failed,22,481.39,4,RIDER1553
1553,ORDER1554,2023-12-25,Failed,29,479.97,3,RIDER1554
1554,ORDER1555,2023-05-15,Delivered,45,78.01,2,RIDER1555
1555,ORDER1556,2023-09-23,Delivered,87,189.59,3,RIDER1556
1556,ORDER1557,2023-06-28,In Transit,65,142.73,4,RIDER1557
1557,ORDER1558,2023-05-30,Delivered,67,302.01,3,RIDER1558
1558,ORDER1559,2023-06-26,Failed,62,424.84,5,RIDER1559
1559,ORDER1560,2023-05-23,Failed,26,278.54,2,RIDER1560
1560,ORDER1561,2023-09-04,In Transit,39,327.47,5,RIDER1561
1561,ORDER1562,2023-01-30,Delivered,65,245.71,5,RIDER1562
1562,ORDER1563,2023-10-01,Failed,78,188.47,4,RIDER1563
1563,ORDER1564,2023-06-19,Delivered,13,306.74,3,RIDER1564
1564,ORDER1565,2023-12-07,Failed,15,201.05,3,RIDER1565
1565,ORDER1566,2023-08-04,In Transit,13,406.8,5,RIDER1566
1566,ORDER1567,2023-09-29,Delivered,85,487.46,4,RIDER1567
1567,ORDER1568,2023-10-08,Failed,22,318.26,3,RIDER1568
1568,ORDER1569,2023-05-23,Failed,118,80.22,5,RIDER1569
1569,ORDER1570,2023-10-05,Delivered,38,385.5,4,RIDER1570
1570,ORDER1571,2023-07-11,Failed,16,144.11,2,RIDER1571
1571,ORDER1572,2023-07-30,Delivered,109,153.69,1,RIDER1572
1572,ORDER1573,2023-03-07,Failed,110,188.06,1,RIDER1573
1573,ORDER1574,2023-03-12,Failed,118,117.71,3,RIDER1574
1574,ORDER1575,2023-02-14,Delivered,69,413.82,4,RIDER1575
1575,ORDER1576,2023-12-17,Failed,101,426.27,1,RIDER1576
1576,ORDER1577,2023-04-12,In Transit,79,443.68,1,RIDER1577
1577,ORDER1578,2023-03-05,Delivered,81,476.42,4,RIDER1578
1578,ORDER1579,2023-09-12,Delivered,72,285.13,1,RIDER1579
1579,ORDER1580,2023-03-20,Delivered,80,60.1,3,RIDER1580
1580,ORDER1581,2023-09-17,Delivered,72,260.73,1,RIDER1581
1581,ORDER1582,2023-01-29,Delivered,100,170.26,3,RIDER1582
1582,ORDER1583,2023-05-26,In Transit,100,87.17,4,RIDER1583
1583,ORDER1584,2023-08-30,Failed,20,60.46,2,RIDER1584
1584,ORDER1585,2023-01-27,Delivered,56,230.57,5,RIDER1585
1585,ORDER1586,2023-11-10,Delivered,16,91.05,5,RIDER1586
1586,ORDER1587,2023-02-03,Delivered,78,240.98,4,RIDER1587
1587,ORDER1588,2023-05-24,In Transit,104,329.14,4,RIDER1588
1588,ORDER1589,2023-10-20,In Transit,45,113.57,5,RIDER1589
1589,ORDER1590,2023-01-09,Delivered,101,311.43,1,RIDER1590
1590,ORDER1591,2023-02-11,Delivered,75,402.95,2,RIDER1591
1591,ORDER1592,2023-07-03,In Transit,11,206.27,4,RIDER1592
1592,ORDER1593,2023-08-14,Delivered,103,80.79,4,RIDER1593
1593,ORDER1594,2023-01-10,Failed,82,142.74,5,RIDER1594
1594,ORDER1595,2023-09-27,Delivered,68,315.06,3,RIDER1595
1595,ORDER1596,2023-03-27,Delivered,88,305.39,3,RIDER1596
1596,ORDER1597,2023-10-13,In Transit,117,367.97,4,RIDER1597
1597,ORDER1598,2023-05-19,In Transit,26,286.49,3,RIDER1598
1598,ORDER1599,2023-11-30,In Transit,117,80.75,5,RIDER1599
1599,ORDER1600,2023-03-05,In Transit,117,227.84,5,RIDER1600
1600,ORDER1601,2023-08-25,Failed,108,480.87,5,RIDER1601
1601,ORDER1602,2023-08-26,Delivered,52,178.87,4,RIDER1602
1602,ORDER1603,2023-12-30,In Transit,52,285.18,4,RIDER1603
1603,ORDER1604,2023-11-22,Failed,51,233.26,2,RIDER1604
1604,ORDER1605,2023-04-04,Failed,19,350.72,1,RIDER1605
1605,ORDER1606,2023-08-14,In Transit,85,350.59,4,RIDER1606
1606,ORDER1607,2023-05-29,Failed,55,402.25,2,RIDER1607
1607,ORDER1608,2023-07-08,Delivered,45,209.67,3,RIDER1608
1608,ORDER1609,2023-10-13,In Transit,96,218.19,3,RIDER1609
1609,ORDER1610,2023-02-04,Failed,13,76.46,5,RIDER1610
1610,ORDER1611,2023-05-03,Delivered,108,348.41,5,RIDER1611
1611,ORDER1612,2023-04-10,Failed,46,249.95,3,RIDER1612
1612,ORDER1613,2023-01-12,Delivered,44,117.21,2,RIDER1613
1613,ORDER1614,2023-03-18,In Transit,83,280.9,3,RIDER1614
1614,ORDER1615,2023-08-09,Failed,98,486.66,2,RIDER1615
1615,ORDER1616,2023-06-06,Delivered,53,457.39,5,RIDER1616
1616,ORDER1617,2023-12-19,In Transit,42,334.3,1,RIDER1617
1617,ORDER1618,2023-04-03,Delivered,100,295.26,1,RIDER1618
1618,ORDER1619,2023-08-01,Delivered,16,60.11,4,RIDER1619
1619,ORDER1620,2023-04-10,Failed,30,50.31,2,RIDER1620
1620,ORDER1621,2023-02-02,Failed,50,272.96,1,RIDER1621
1621,ORDER1622,2023-06-17,Delivered,110,182.89,5,RIDER1622
1622,ORDER1623,2023-08-03,In Transit,104,239.3,5,RIDER1623
1623,ORDER1624,2023-01-12,Delivered,70,244.15,3,RIDER1624
1624,ORDER1625,2023-05-02,In Transit,120,126.47,5,RIDER1625
1625,ORDER1626,2023-08-07,In Transit,102,59.29,1,RIDER1626
1626,ORDER1627,2023-12-19,Delivered,34,89.26,3,RIDER1627
1627,ORDER1628,2023-11-24,Delivered,62,163.95,1,RIDER1628
1628,ORDER1629,2023-11-12,In Transit,35,295.2,5,RIDER1629
1629,ORDER1630,2023-05-25,Failed,25,479.18,5,RIDER1630
1630,ORDER1631,2023-03-19,Failed,46,160.07,1,RIDER1631
1631,ORDER1632,2023-12-13,In Transit,16,452.11,3,RIDER1632
1632,ORDER1633,2023-04-03,Delivered,83,462.5,3,RIDER1633
1633,ORDER1634,2023-09-15,In Transit,106,132.17,5,RIDER1634
1634,ORDER1635,2023-10-12,Delivered,91,340.03,5,RIDER1635
1635,ORDER1636,2023-07-24,In Transit,16,414.38,4,RIDER1636
1636,ORDER1637,2023-01-17,Delivered,53,122.41,1,RIDER1637
1637,ORDER1638,2023-04-06,Failed,68,323.73,4,RIDER1638
1638,ORDER1639,2023-06-27,Delivered,43,117.08,2,RIDER1639
1639,ORDER1640,2023-03-04,Failed,95,442.14,4,RIDER1640
1640,ORDER1641,2023-04-18,Failed,45,289.15,1,RIDER1641
1641,ORDER1642,2023-09-21,Failed,47,430.31,5,RIDER1642
1642,ORDER1643,2023-10-28,In Transit,16,116.03,4,RIDER1643
1643,ORDER1644,2023-03-27,Delivered,38,160.08,3,RIDER1644
1644,ORDER1645,2023-05-03,Delivered,62,202.96,1,RIDER1645
1645,ORDER1646,2023-01-27,Failed,35,479.62,5,RIDER1646
1646,ORDER1647,2023-04-11,Failed,42,205.67,4,RIDER1647
1647,ORDER1648,2023-11-01,In Transit,15,242.87,1,RIDER1648
1648,ORDER1649,2023-07-21,Failed,97,62.12,4,RIDER1649
1649,ORDER1650,2023-11-25,In Transit,89,66.84,1,RIDER1650
1650,ORDER1651,2023-09-03,Failed,16,217.41,5,RIDER1651
1651,ORDER1652,2023-02-13,In Transit,100,378.12,3,RIDER1652
1652,ORDER1653,2023-01-19,In Transit,77,498.39,4,RIDER1653
1653,ORDER1654,2023-04-09,In Transit,25,269.85,3,RIDER1654
1654,ORDER1655,2023-10-08,Failed,18,344.28,3,RIDER1655
1655,ORDER1656,2023-04-11,Failed,20,215.5,5,RIDER1656
1656,ORDER1657,2023-10-04,In Transit,105,439.79,1,RIDER1657
1657,ORDER1658,2023-12-23,In Transit,38,281.79,3,RIDER1658
1658,ORDER1659,2023-05-23,Delivered,88,498.8,4,RIDER1659
1659,ORDER1660,2023-08-22,In Transit,58,70.34,2,RIDER1660
1660,ORDER1661,2023-02-10,Delivered,69,471.89,1,RIDER1661
1661,ORDER1662,2023-09-29,Delivered,82,181.2,2,RIDER1662
1662,ORDER1663,2023-07-01,In Transit,33,109.58,1,RIDER1663
1663,ORDER1664,2023-02-20,Delivered,34,327.5,3,RIDER1664
1664,ORDER1665,2023-10-22,Delivered,80,68.96,5,RIDER1665
1665,ORDER1666,2023-10-28,In Transit,91,460.94,2,RIDER1666
1666,ORDER1667,2023-07-10,Failed,96,314.83,3,RIDER1667
1667,ORDER1668,2023-05-06,Delivered,68,324.5,5,RIDER1668
1668,ORDER1669,2023-04-20,In Transit,67,222.61,5,RIDER1669
1669,ORDER1670,2023-10-20,In Transit,18,213.32,1,RIDER1670
1670,ORDER1671,2023-11-09,Delivered,92,467.51,2,RIDER1671
1671,ORDER1672,2023-02-26,In Transit,42,227.46,3,RIDER1672
1672,ORDER1673,2023-12-08,Failed,28,70.36,4,RIDER1673
1673,ORDER1674,2023-03-18,Delivered,61,353.68,1,RIDER1674
1674,ORDER1675,2023-08-10,In Transit,119,126.4,3,RIDER1675
1675,ORDER1676,2023-02-09,Delivered,20,235.42,5,RIDER1676
1676,ORDER1677,2023-11-28,Delivered,118,453.61,4,RIDER1677
1677,ORDER1678,2023-12-24,Failed,65,101.24,5,RIDER1678
1678,ORDER1679,2023-11-09,In Transit,70,236.51,2,RIDER1679
1679,ORDER1680,2023-05-05,Failed,106,195.81,5,RIDER1680
1680,ORDER1681,2023-11-16,Failed,33,179.66,1,RIDER1681
1681,ORDER1682,2023-11-09,In Transit,31,296.17,2,RIDER1682
1682,ORDER1683,2023-07-25,In Transit,49,213.3,2,RIDER1683
1683,ORDER1684,2023-05-10,Delivered,16,241.03,3,RIDER1684
1684,ORDER1685,2023-08-24,In Transit,50,251.62,5,RIDER1685
1685,ORDER1686,2023-02-05,Failed,67,61.25,5,RIDER1686
1686,ORDER1687,2023-05-14,Failed,20,497.13,5,RIDER1687
1687,ORDER1688,2023-04-12,Delivered,107,354.93,4,RIDER1688
1688,ORDER1689,2023-05-12,Delivered,53,282.37,3,RIDER1689
1689,ORDER1690,2023-07-21,Failed,25,230.91,5,RIDER1690
1690,ORDER1691,2023-07-03,Delivered,53,412.35,4,RIDER1691
1691,ORDER1692,2023-09-01,Delivered,45,92.63,3,RIDER1692
1692,ORDER1693,2023-12-03,In Transit,89,214.38,2,RIDER1693
1693,ORDER1694,2023-11-11,In Transit,43,396.48,5,RIDER1694
1694,ORDER1695,2023-08-08,In Transit,52,438.76,1,RIDER1695
1695,ORDER1696,2023-02-09,In Transit,43,210.11,4,RIDER1696
1696,ORDER1697,2023-09-11,In Transit,16,402.72,1,RIDER1697
1697,ORDER1698,2023-04-17,In Transit,51,327.9,5,RIDER1698
1698,ORDER1699,2023-05-28,Failed,116,371.34,4,RIDER1699
1699,ORDER1700,2023-03-15,Failed,74,244.42,4,RIDER1700
1700,ORDER1701,2023-03-20,In Transit,100,473.74,3,RIDER1701
1701,ORDER1702,2023-10-01,Delivered,20,477.0,3,RIDER1702
1702,ORDER1703,2023-01-22,In Transit,17,230.1,2,RIDER1703
1703,ORDER1704,2023-08-10,In Transit,99,222.33,2,RIDER1704
1704,ORDER1705,2023-10-29,Failed,103,50.87,2,RIDER1705
1705,ORDER1706,2023-08-18,In Transit,61,121.04,4,RIDER1706
1706,ORDER1707,2023-11-27,Delivered,36,232.9,5,RIDER1707
1707,ORDER1708,2023-04-15,Failed,32,96.3,5,RIDER1708
1708,ORDER1709,2023-04-12,In Transit,33,237.49,4,RIDER1709
1709,ORDER1710,2023-06-04,Failed,10,309.27,3,RIDER1710
1710,ORDER1711,2023-03-12,In Transit,33,428.08,1,RIDER1711
1711,ORDER1712,2023-01-22,In Transit,19,396.86,2,RIDER1712
1712,ORDER1713,2023-11-20,In Transit,22,386.91,1,RIDER1713
1713,ORDER1714,2023-11-06,In Transit,47,192.64,3,RIDER1714
1714,ORDER1715,2023-04-08,Failed,56,404.44,5,RIDER1715
1715,ORDER1716,2023-03-26,Delivered,28,152.87,4,RIDER1716
1716,ORDER1717,2023-02-15,Delivered,91,364.62,4,RIDER1717
1717,ORDER1718,2023-01-17,Delivered,65,401.94,3,RIDER1718
1718,ORDER1719,2023-11-09,In Transit,32,338.89,3,RIDER1719
1719,ORDER1720,2023-06-09,Failed,75,256.99,4,RIDER1720
1720,ORDER1721,2023-08-02,In Transit,86,79.15,1,RIDER1721
1721,ORDER1722,2023-09-14,Delivered,43,449.89,5,RIDER1722
1722,ORDER1723,2023-06-17,Failed,57,333.59,4,RIDER1723
1723,ORDER1724,2023-06-25,Failed,43,445.7,3,RIDER1724
1724,ORDER1725,2023-06-28,In Transit,112,297.56,5,RIDER1725
1725,ORDER1726,2023-08-08,Failed,10,492.02,4,RIDER1726
1726,ORDER1727,2023-05-21,Delivered,77,311.28,1,RIDER1727
1727,ORDER1728,2023-09-20,Delivered,114,423.3,3,RIDER1728
1728,ORDER1729,2023-03-11,Delivered,67,468.2,1,RIDER1729
1729,ORDER1730,2023-04-22,Delivered,37,95.16,5,RIDER1730
1730,ORDER1731,2023-03-23,In Transit,74,156.62,4,RIDER1731
1731,ORDER1732,2023-10-20,Delivered,109,470.18,1,RIDER1732
1732,ORDER1733,2023-06-24,Failed,41,473.89,1,RIDER1733
1733,ORDER1734,2023-05-02,Delivered,81,274.2,1,RIDER1734
1734,ORDER1735,2023-02-24,Delivered,44,338.88,3,RIDER1735
1735,ORDER1736,2023-12-30,Failed,82,428.53,5,RIDER1736
1736,ORDER1737,2023-04-09,In Transit,36,484.14,3,RIDER1737
1737,ORDER1738,2023-02-01,Failed,62,295.15,4,RIDER1738
1738,ORDER1739,2023-05-03,Failed,57,357.21,4,RIDER1739
1739,ORDER1740,2023-01-22,Failed,24,75.21,4,RIDER1740
1740,ORDER1741,2023-05-22,Delivered,73,447.93,3,RIDER1741
1741,ORDER1742,2023-07-05,In Transit,31,304.53,3,RIDER1742
1742,ORDER1743,2023-11-14,In Transit,88,53.87,1,RIDER1743
1743,ORDER1744,2023-11-11,Failed,18,313.53,5,RIDER1744
1744,ORDER1745,2023-07-03,Failed,10,78.86,1,RIDER1745
1745,ORDER1746,2023-12-06,Delivered,19,389.96,4,RIDER1746
1746,ORDER1747,2023-06-19,Failed,93,253.86,4,RIDER1747
1747,ORDER1748,2023-11-02,Delivered,64,295.79,3,RIDER1748
1748,ORDER1749,2023-07-31,Failed,89,328.94,4,RIDER1749
1749,ORDER1750,2023-01-08,Delivered,49,132.23,2,RIDER1750
1750,ORDER1751,2023-09-13,Failed,64,86.31,3,RIDER1751
1751,ORDER1752,2023-09-23,In Transit,71,70.56,1,RIDER1752
1752,ORDER1753,2023-09-17,In Transit,89,96.57,2,RIDER1753
1753,ORDER1754,2023-07-10,Failed,39,82.49,4,RIDER1754
1754,ORDER1755,2023-03-05,In Transit,120,478.94,1,RIDER1755
1755,ORDER1756,2023-08-01,Failed,55,100.97,5,RIDER1756
1756,ORDER1757,2023-11-05,Delivered,70,179.33,2,RIDER1757
1757,ORDER1758,2023-01-19,In Transit,25,363.22,3,RIDER1758
1758,ORDER1759,2023-08-01,Failed,100,352.41,1,RIDER1759
1759,ORDER1760,2023-03-26,Delivered,69,315.4,3,RIDER1760
1760,ORDER1761,2023-07-01,In Transit,86,98.48,5,RIDER1761
1761,ORDER1762,2023-06-24,In Transit,49,452.9,2,RIDER1762
1762,ORDER1763,2023-06-02,In Transit,30,439.86,3,RIDER1763
1763,ORDER1764,2023-01-06,Delivered,103,442.31,3,RIDER1764
1764,ORDER1765,2023-10-13,Failed,89,171.59,4,RIDER1765
1765,ORDER1766,2023-12-12,In Transit,95,331.45,3,RIDER1766
1766,ORDER1767,2023-01-20,Failed,115,334.86,5,RIDER1767
1767,ORDER1768,2023-06-02,In Transit,100,150.24,1,RIDER1768
1768,ORDER1769,2023-10-10,Delivered,43,328.55,5,RIDER1769
1769,ORDER1770,2023-12-11,In Transit,54,374.61,4,RIDER1770
1770,ORDER1771,2023-07-01,Delivered,120,159.15,2,RIDER1771
1771,ORDER1772,2023-10-04,Delivered,65,421.94,2,RIDER1772
1772,ORDER1773,2023-05-29,Failed,112,363.27,5,RIDER1773
1773,ORDER1774,2023-12-26,Delivered,88,324.54,2,RIDER1774
1774,ORDER1775,2023-12-20,In Transit,86,308.11,1,RIDER1775
1775,ORDER1776,2023-10-10,Failed,110,101.16,1,RIDER1776
1776,ORDER1777,2023-04-11,Delivered,23,404.55,1,RIDER1777
1777,ORDER1778,2023-08-06,In Transit,23,417.43,4,RIDER1778
1778,ORDER1779,2023-01-01,Delivered,52,273.18,5,RIDER1779
1779,ORDER1780,2023-09-30,Delivered,117,141.27,5,RIDER1780
1780,ORDER1781,2023-03-21,Failed,33,411.41,1,RIDER1781
1781,ORDER1782,2023-10-12,Delivered,10,326.08,1,RIDER1782
1782,ORDER1783,2023-11-06,Failed,60,273.06,1,RIDER1783
1783,ORDER1784,2023-10-27,Delivered,104,277.02,5,RIDER1784
1784,ORDER1785,2023-01-01,Failed,72,213.57,3,RIDER1785
1785,ORDER1786,2023-12-24,Delivered,83,51.22,5,RIDER1786
1786,ORDER1787,2023-04-01,Failed,54,171.24,1,RIDER1787
1787,ORDER1788,2023-01-02,Delivered,113,322.18,1,RIDER1788
1788,ORDER1789,2023-07-26,Failed,23,250.8,2,RIDER1789
1789,ORDER1790,2023-07-23,In Transit,60,240.54,2,RIDER1790
1790,ORDER1791,2023-01-31,Delivered,62,234.49,2,RIDER1791
1791,ORDER1792,2023-01-25,In Transit,72,315.11,4,RIDER1792
1792,ORDER1793,2023-10-13,In Transit,55,216.57,5,RIDER1793
1793,ORDER1794,2023-01-03,Failed,85,85.44,2,RIDER1794
1794,ORDER1795,2023-11-09,Delivered,90,289.11,1,RIDER1795
1795,ORDER1796,2023-01-15,Failed,63,265.84,5,RIDER1796
1796,ORDER1797,2023-10-28,Failed,37,314.36,1,RIDER1797
1797,ORDER1798,2023-03-03,Delivered,88,190.13,2,RIDER1798
1798,ORDER1799,2023-08-10,Delivered,13,81.35,5,RIDER1799
1799,ORDER1800,2023-11-28,Failed,53,454.16,4,RIDER1800
1800,ORDER1801,2023-04-14,Delivered,93,386.18,1,RIDER1801
1801,ORDER1802,2023-03-23,In Transit,100,85.33,1,RIDER1802
1802,ORDER1803,2023-04-17,In Transit,91,351.26,1,RIDER1803
1803,ORDER1804,2023-01-18,Failed,34,358.85,2,RIDER1804
1804,ORDER1805,2023-06-06,Delivered,37,141.69,4,RIDER1805
1805,ORDER1806,2023-09-23,Failed,50,130.43,4,RIDER1806
1806,ORDER1807,2023-09-24,Delivered,93,274.09,4,RIDER1807
1807,ORDER1808,2023-06-06,Delivered,76,348.38,4,RIDER1808
1808,ORDER1809,2023-09-21,Delivered,37,165.77,1,RIDER1809
1809,ORDER1810,2023-06-14,In Transit,76,226.19,1,RIDER1810
1810,ORDER1811,2023-01-31,Failed,59,478.78,2,RIDER1811
1811,ORDER1812,2023-06-12,Delivered,85,406.99,1,RIDER1812
1812,ORDER1813,2023-10-07,In Transit,91,347.47,2,RIDER1813
1813,ORDER1814,2023-01-12,Delivered,77,411.11,1,RIDER1814
1814,ORDER1815,2023-06-13,Delivered,75,333.49,4,RIDER1815
1815,ORDER1816,2023-08-21,In Transit,43,153.08,3,RIDER1816
1816,ORDER1817,2023-07-03,Delivered,82,269.55,4,RIDER1817
1817,ORDER1818,2023-04-02,Failed,45,390.87,1,RIDER1818
1818,ORDER1819,2023-09-03,In Transit,15,85.71,5,RIDER1819
1819,ORDER1820,2023-06-03,Failed,39,335.57,1,RIDER1820
1820,ORDER1821,2023-10-21,In Transit,59,343.88,3,RIDER1821
1821,ORDER1822,2023-06-04,Failed,56,242.46,4,RIDER1822
1822,ORDER1823,2023-07-16,In Transit,112,149.94,5,RIDER1823
1823,ORDER1824,2023-05-13,Failed,76,416.42,5,RIDER1824
1824,ORDER1825,2023-03-12,Failed,29,306.95,4,RIDER1825
1825,ORDER1826,2023-12-19,Failed,33,252.77,3,RIDER1826
1826,ORDER1827,2023-07-17,In Transit,80,413.7,2,RIDER1827
1827,ORDER1828,2023-04-07,In Transit,111,242.51,1,RIDER1828
1828,ORDER1829,2023-12-21,Delivered,80,199.54,5,RIDER1829
1829,ORDER1830,2023-07-01,Delivered,59,69.48,4,RIDER1830
1830,ORDER1831,2023-12-06,In Transit,12,332.88,3,RIDER1831
1831,ORDER1832,2023-12-16,Delivered,115,238.63,3,RIDER1832
1832,ORDER1833,2023-01-15,Delivered,45,156.67,1,RIDER1833
1833,ORDER1834,2023-04-06,In Transit,20,291.84,2,RIDER1834
1834,ORDER1835,2023-12-28,Delivered,79,268.15,1,RIDER1835
1835,ORDER1836,2023-03-27,Failed,117,441.14,3,RIDER1836
1836,ORDER1837,2023-12-30,Delivered,72,123.77,5,RIDER1837
1837,ORDER1838,2023-11-23,In Transit,37,498.1,1,RIDER1838
1838,ORDER1839,2023-02-07,Failed,119,64.68,3,RIDER1839
1839,ORDER1840,2023-11-20,Failed,23,245.02,1,RIDER1840
1840,ORDER1841,2023-04-19,Failed,95,285.59,3,RIDER1841
1841,ORDER1842,2023-09-18,In Transit,52,405.3,5,RIDER1842
1842,ORDER1843,2023-04-18,Delivered,56,440.04,1,RIDER1843
1843,ORDER1844,2023-12-16,In Transit,41,69.66,4,RIDER1844
1844,ORDER1845,2023-05-24,Delivered,104,400.3,5,RIDER1845
1845,ORDER1846,2023-11-09,Failed,69,396.86,3,RIDER1846
1846,ORDER1847,2023-11-10,In Transit,25,54.44,5,RIDER1847
1847,ORDER1848,2023-09-27,Failed,58,55.04,5,RIDER1848
1848,ORDER1849,2023-12-09,Delivered,34,348.48,3,RIDER1849
1849,ORDER1850,2023-12-07,Delivered,106,166.98,2,RIDER1850
1850,ORDER1851,2023-05-05,In Transit,118,486.47,1,RIDER1851
1851,ORDER1852,2023-12-03,In Transit,100,85.63,2,RIDER1852
1852,ORDER1853,2023-01-12,In Transit,83,287.23,2,RIDER1853
1853,ORDER1854,2023-11-17,Delivered,73,67.89,3,RIDER1854
1854,ORDER1855,2023-07-17,Delivered,48,126.49,4,RIDER1855
1855,ORDER1856,2023-09-14,In Transit,62,91.71,2,RIDER1856
1856,ORDER1857,2023-09-29,Failed,88,367.59,1,RIDER1857
1857,ORDER1858,2023-10-16,Failed,59,403.61,2,RIDER1858
1858,ORDER1859,2023-06-08,Failed,94,148.09,2,RIDER1859
1859,ORDER1860,2023-09-30,Failed,116,191.06,5,RIDER1860
1860,ORDER1861,2023-05-17,Failed,82,380.4,1,RIDER1861
1861,ORDER1862,2023-02-01,In Transit,101,110.22,3,RIDER1862
1862,ORDER1863,2023-03-12,In Transit,84,84.08,3,RIDER1863
1863,ORDER1864,2023-05-24,Failed,63,411.23,3,RIDER1864
1864,ORDER1865,2023-10-18,Failed,75,493.1,5,RIDER1865
1865,ORDER1866,2023-09-06,Delivered,71,113.02,1,RIDER1866
1866,ORDER1867,2023-09-22,In Transit,83,357.75,3,RIDER1867
1867,ORDER1868,2023-06-18,In Transit,86,265.3,1,RIDER1868
1868,ORDER1869,2023-04-10,In Transit,10,248.66,3,RIDER1869
1869,ORDER1870,2023-06-18,In Transit,107,133.18,2,RIDER1870
1870,ORDER1871,2023-11-30,Delivered,77,186.9,3,RIDER1871
1871,ORDER1872,2023-09-30,Failed,110,378.36,1,RIDER1872
1872,ORDER1873,2023-05-02,In Transit,53,99.71,4,RIDER1873
1873,ORDER1874,2023-03-27,Failed,116,473.77,1,RIDER1874
1874,ORDER1875,2023-01-08,Delivered,27,317.48,4,RIDER1875
1875,ORDER1876,2023-05-03,In Transit,99,408.1,2,RIDER1876
1876,ORDER1877,2023-02-11,Failed,77,178.74,3,RIDER1877
1877,ORDER1878,2023-01-14,Delivered,54,66.14,5,RIDER1878
1878,ORDER1879,2023-06-26,Failed,89,331.22,2,RIDER1879
1879,ORDER1880,2023-07-27,Delivered,19,188.62,2,RIDER1880
1880,ORDER1881,2023-08-03,Delivered,58,430.58,1,RIDER1881
1881,ORDER1882,2023-11-13,Failed,11,480.1,5,RIDER1882
1882,ORDER1883,2023-05-25,In Transit,118,235.13,4,RIDER1883
1883,ORDER1884,2023-01-08,In Transit,45,85.59,4,RIDER1884
1884,ORDER1885,2023-10-17,Delivered,31,424.6,1,RIDER1885
1885,ORDER1886,2023-12-01,Delivered,40,159.81,1,RIDER1886
1886,ORDER1887,2023-02-26,Failed,68,481.82,5,RIDER1887
1887,ORDER1888,2023-05-12,Delivered,87,416.01,1,RIDER1888
1888,ORDER1889,2023-05-23,In Transit,84,90.98,5,RIDER1889
1889,ORDER1890,2023-05-04,In Transit,59,333.08,3,RIDER1890
1890,ORDER1891,2023-04-29,In Transit,80,240.53,1,RIDER1891
1891,ORDER1892,2023-11-18,In Transit,116,362.26,2,RIDER1892
1892,ORDER1893,2023-07-22,Delivered,26,277.86,1,RIDER1893
1893,ORDER1894,2023-04-26,In Transit,101,177.15,4,RIDER1894
1894,ORDER1895,2023-04-04,Failed,29,240.54,2,RIDER1895
1895,ORDER1896,2023-04-07,Failed,75,401.13,1,RIDER1896
1896,ORDER1897,2023-10-24,Delivered,40,170.98,2,RIDER1897
1897,ORDER1898,2023-06-15,Failed,68,256.76,1,RIDER1898
1898,ORDER1899,2023-10-27,Failed,54,180.79,3,RIDER1899
1899,ORDER1900,2023-12-04,Failed,30,125.0,1,RIDER1900
1900,ORDER1901,2023-03-22,Failed,29,441.04,1,RIDER1901
1901,ORDER1902,2023-04-15,Delivered,87,81.96,5,RIDER1902
1902,ORDER1903,2023-03-27,Failed,56,165.18,3,RIDER1903
1903,ORDER1904,2023-12-01,Failed,47,61.29,5,RIDER1904
1904,ORDER1905,2023-10-03,Delivered,12,170.77,5,RIDER1905
1905,ORDER1906,2023-09-13,Delivered,101,242.31,4,RIDER1906
1906,ORDER1907,2023-06-24,Failed,43,61.9,2,RIDER1907
1907,ORDER1908,2023-11-01,In Transit,44,104.39,2,RIDER1908
1908,ORDER1909,2023-11-25,Failed,108,293.26,4,RIDER1909
1909,ORDER1910,2023-07-04,In Transit,64,281.7,4,RIDER1910
1910,ORDER1911,2023-10-06,In Transit,85,117.82,2,RIDER1911
1911,ORDER1912,2023-03-18,Failed,66,101.14,4,RIDER1912
1912,ORDER1913,2023-09-16,Delivered,107,455.58,3,RIDER1913
1913,ORDER1914,2023-06-05,In Transit,72,253.75,4,RIDER1914
1914,ORDER1915,2023-03-16,In Transit,11,93.65,4,RIDER1915
1915,ORDER1916,2023-12-10,In Transit,80,374.05,4,RIDER1916
1916,ORDER1917,2023-09-28,Failed,90,161.87,4,RIDER1917
1917,ORDER1918,2023-10-17,Delivered,10,323.74,5,RIDER1918
1918,ORDER1919,2023-07-17,Failed,79,405.07,2,RIDER1919
1919,ORDER1920,2023-10-24,In Transit,35,354.22,2,RIDER1920
1920,ORDER1921,2023-06-26,Delivered,83,450.71,3,RIDER1921
1921,ORDER1922,2023-03-07,Failed,120,58.83,2,RIDER1922
1922,ORDER1923,2023-08-21,In Transit,53,67.44,4,RIDER1923
1923,ORDER1924,2023-08-03,In Transit,14,94.65,3,RIDER1924
1924,ORDER1925,2023-07-10,In Transit,58,277.22,5,RIDER1925
1925,ORDER1926,2023-01-07,Delivered,110,457.69,3,RIDER1926
1926,ORDER1927,2023-03-24,Delivered,68,277.87,3,RIDER1927
1927,ORDER1928,2023-04-28,Failed,109,249.73,3,RIDER1928
1928,ORDER1929,2023-08-05,Delivered,81,223.53,5,RIDER1929
1929,ORDER1930,2023-06-19,Delivered,59,343.97,4,RIDER1930
1930,ORDER1931,2023-03-08,Delivered,117,422.09,2,RIDER1931
1931,ORDER1932,2023-03-01,Delivered,25,131.31,1,RIDER1932
1932,ORDER1933,2023-09-25,In Transit,56,497.6,5,RIDER1933
1933,ORDER1934,2023-07-18,In Transit,100,304.89,1,RIDER1934
1934,ORDER1935,2023-05-14,In Transit,50,291.27,5,RIDER1935
1935,ORDER1936,2023-11-12,In Transit,82,101.89,2,RIDER1936
1936,ORDER1937,2023-08-28,Failed,114,341.39,4,RIDER1937
1937,ORDER1938,2023-08-17,Failed,112,252.77,4,RIDER1938
1938,ORDER1939,2023-12-10,Delivered,47,236.96,1,RIDER1939
1939,ORDER1940,2023-07-13,Failed,89,361.38,3,RIDER1940
1940,ORDER1941,2023-02-24,Delivered,98,466.02,2,RIDER1941
1941,ORDER1942,2023-07-30,In Transit,44,486.68,1,RIDER1942
1942,ORDER1943,2023-01-20,In Transit,100,67.1,3,RIDER1943
1943,ORDER1944,2023-01-24,Failed,103,367.31,2,RIDER1944
1944,ORDER1945,2023-08-07,Failed,39,93.8,5,RIDER1945
1945,ORDER1946,2023-12-17,Failed,112,190.64,5,RIDER1946
1946,ORDER1947,2023-02-16,Delivered,64,257.91,3,RIDER1947
1947,ORDER1948,2023-09-29,Failed,54,191.29,2,RIDER1948
1948,ORDER1949,2023-03-16,Failed,107,383.55,3,RIDER1949
1949,ORDER1950,2023-09-23,Failed,83,435.66,5,RIDER1950
1950,ORDER1951,2023-03-14,Delivered,61,434.88,5,RIDER1951
1951,ORDER1952,2023-05-14,Delivered,51,198.78,3,RIDER1952
1952,ORDER1953,2023-06-13,Delivered,41,248.1,4,RIDER1953
1953,ORDER1954,2023-06-23,In Transit,20,445.79,4,RIDER1954
1954,ORDER1955,2023-04-06,Failed,16,205.7,5,RIDER1955
1955,ORDER1956,2023-12-03,Failed,76,336.97,3,RIDER1956
1956,ORDER1957,2023-08-26,Failed,114,293.27,1,RIDER1957
1957,ORDER1958,2023-03-03,In Transit,26,255.99,3,RIDER1958
1958,ORDER1959,2023-02-27,Delivered,49,138.64,3,RIDER1959
1959,ORDER1960,2023-05-29,In Transit,117,262.2,5,RIDER1960
1960,ORDER1961,2023-07-26,In Transit,13,288.39,4,RIDER1961
1961,ORDER1962,2023-04-05,Delivered,21,137.94,1,RIDER1962
1962,ORDER1963,2023-08-28,In Transit,89,276.19,5,RIDER1963
1963,ORDER1964,2023-07-20,Delivered,117,353.95,1,RIDER1964
1964,ORDER1965,2023-04-05,Delivered,14,429.46,3,RIDER1965
1965,ORDER1966,2023-08-14,Delivered,31,79.77,4,RIDER1966
1966,ORDER1967,2023-09-04,Failed,74,387.45,5,RIDER1967
1967,ORDER1968,2023-01-12,Failed,99,256.32,3,RIDER1968
1968,ORDER1969,2023-03-30,Failed,110,473.09,1,RIDER1969
1969,ORDER1970,2023-10-09,In Transit,87,184.51,5,RIDER1970
1970,ORDER1971,2023-09-05,In Transit,113,302.87,5,RIDER1971
1971,ORDER1972,2023-09-19,Delivered,80,129.85,2,RIDER1972
1972,ORDER1973,2023-02-18,Failed,83,109.78,1,RIDER1973
1973,ORDER1974,2023-11-01,Failed,15,220.32,3,RIDER1974
1974,ORDER1975,2023-12-25,Failed,93,291.89,4,RIDER1975
1975,ORDER1976,2023-06-20,In Transit,11,192.32,3,RIDER1976
1976,ORDER1977,2023-01-02,Delivered,29,169.87,3,RIDER1977
1977,ORDER1978,2023-10-24,In Transit,104,435.99,1,RIDER1978
1978,ORDER1979,2023-01-21,In Transit,81,402.43,1,RIDER1979
1979,ORDER1980,2023-06-22,Failed,112,344.35,1,RIDER1980
1980,ORDER1981,2023-07-24,Failed,106,224.25,3,RIDER1981
1981,ORDER1982,2023-11-03,Delivered,15,376.55,4,RIDER1982
1982,ORDER1983,2023-07-13,Delivered,48,342.78,4,RIDER1983
1983,ORDER1984,2023-06-19,In Transit,22,387.68,4,RIDER1984
1984,ORDER1985,2023-03-19,Failed,22,467.15,4,RIDER1985
1985,ORDER1986,2023-12-29,In Transit,108,218.09,4,RIDER1986
1986,ORDER1987,2023-07-11,Delivered,96,206.58,1,RIDER1987
1987,ORDER1988,2023-03-23,Delivered,76,465.54,2,RIDER1988
1988,ORDER1989,2023-09-09,Delivered,36,259.59,1,RIDER1989
1989,ORDER1990,2023-03-19,Failed,115,59.58,3,RIDER1990
1990,ORDER1991,2023-04-17,Failed,67,393.84,1,RIDER1991
1991,ORDER1992,2023-12-14,Delivered,22,94.64,1,RIDER1992
1992,ORDER1993,2023-09-15,Failed,39,52.56,3,RIDER1993
1993,ORDER1994,2023-08-15,Delivered,116,349.37,4,RIDER1994
1994,ORDER1995,2023-04-18,Delivered,45,123.95,4,RIDER1995
1995,ORDER1996,2023-01-19,Delivered,92,253.79,3,RIDER1996
1996,ORDER1997,2023-07-15,In Transit,93,342.54,4,RIDER1997
1997,ORDER1998,2023-03-19,Failed,60,381.1,1,RIDER1998
1998,ORDER1999,2023-11-03,Failed,96,122.06,5,RIDER1999
1999,ORDER2000,2023-12-03,Failed,22,291.3,3,RIDER2000
2000,ORDER2001,2023-11-15,Delivered,57,359.36,5,RIDER2001
2001,ORDER2002,2023-08-22,Failed,48,168.9,1,RIDER2002
2002,ORDER2003,2023-12-05,In Transit,31,289.88,5,RIDER2003
2003,ORDER2004,2023-06-24,Delivered,77,474.48,5,RIDER2004
2004,ORDER2005,2023-11-06,In Transit,79,74.85,2,RIDER2005
2005,ORDER2006,2023-01-22,Failed,107,414.68,2,RIDER2006
2006,ORDER2007,2023-03-17,In Transit,25,226.46,5,RIDER2007
2007,ORDER2008,2023-04-15,Delivered,120,390.77,4,RIDER2008
2008,ORDER2009,2023-01-09,Failed,118,249.64,5,RIDER2009
2009,ORDER2010,2023-04-21,Delivered,18,349.48,2,RIDER2010
2010,ORDER2011,2023-04-11,Failed,85,338.94,2,RIDER2011
2011,ORDER2012,2023-10-24,In Transit,41,329.27,3,RIDER2012
2012,ORDER2013,2023-07-01,In Transit,91,239.72,2,RIDER2013
2013,ORDER2014,2023-06-16,Delivered,11,308.89,1,RIDER2014
2014,ORDER2015,2023-01-06,Delivered,27,343.19,2,RIDER2015
2015,ORDER2016,2023-09-27,Failed,84,157.18,1,RIDER2016
2016,ORDER2017,2023-07-21,Failed,22,270.46,2,RIDER2017
2017,ORDER2018,2023-07-26,Delivered,58,143.12,4,RIDER2018
2018,ORDER2019,2023-02-27,In Transit,60,362.96,4,RIDER2019
2019,ORDER2020,2023-08-19,Failed,18,247.1,3,RIDER2020
2020,ORDER2021,2023-04-09,In Transit,101,419.91,5,RIDER2021
2021,ORDER2022,2023-07-15,Delivered,74,444.99,5,RIDER2022
2022,ORDER2023,2023-05-25,Failed,78,374.72,3,RIDER2023
2023,ORDER2024,2023-03-31,Failed,83,196.4,2,RIDER2024
2024,ORDER2025,2023-12-28,In Transit,90,456.15,5,RIDER2025
2025,ORDER2026,2023-05-05,Failed,91,258.85,5,RIDER2026
2026,ORDER2027,2023-02-20,In Transit,58,382.36,2,RIDER2027
2027,ORDER2028,2023-04-23,Delivered,74,199.35,2,RIDER2028
2028,ORDER2029,2023-08-03,Failed,86,66.68,5,RIDER2029
2029,ORDER2030,2023-01-03,Delivered,67,314.95,1,RIDER2030
2030,ORDER2031,2023-08-11,In Transit,66,78.34,2,RIDER2031
2031,ORDER2032,2023-12-02,Failed,22,306.24,4,RIDER2032
2032,ORDER2033,2023-03-18,In Transit,72,419.73,4,RIDER2033
2033,ORDER2034,2023-12-20,In Transit,120,451.9,4,RIDER2034
2034,ORDER2035,2023-01-04,Delivered,23,307.98,3,RIDER2035
2035,ORDER2036,2023-06-25,Delivered,96,89.95,1,RIDER2036
2036,ORDER2037,2023-01-27,Delivered,20,467.94,2,RIDER2037
2037,ORDER2038,2023-01-14,Failed,94,275.21,4,RIDER2038
2038,ORDER2039,2023-07-16,Delivered,88,309.2,1,RIDER2039
2039,ORDER2040,2023-09-02,Failed,78,226.91,1,RIDER2040
2040,ORDER2041,2023-09-03,Delivered,56,176.25,1,RIDER2041
2041,ORDER2042,2023-11-29,Failed,45,275.57,4,RIDER2042
2042,ORDER2043,2023-06-15,In Transit,91,64.51,4,RIDER2043
2043,ORDER2044,2023-10-18,In Transit,51,106.4,5,RIDER2044
2044,ORDER2045,2023-01-27,Delivered,16,209.75,3,RIDER2045
2045,ORDER2046,2023-08-24,In Transit,27,202.3,3,RIDER2046
2046,ORDER2047,2023-10-12,In Transit,11,242.69,4,RIDER2047
2047,ORDER2048,2023-12-03,Failed,109,452.82,5,RIDER2048
2048,ORDER2049,2023-02-19,In Transit,120,340.65,5,RIDER2049
2049,ORDER2050,2023-05-01,Failed,43,126.38,1,RIDER2050
2050,ORDER2051,2023-02-24,Failed,88,60.18,3,RIDER2051
2051,ORDER2052,2023-08-27,Failed,92,110.39,4,RIDER2052
2052,ORDER2053,2023-07-19,Failed,56,134.07,4,RIDER2053
2053,ORDER2054,2023-05-11,Delivered,64,143.43,4,RIDER2054
2054,ORDER2055,2023-06-08,Failed,67,298.03,1,RIDER2055
2055,ORDER2056,2023-12-18,Failed,61,152.06,3,RIDER2056
2056,ORDER2057,2023-08-23,Delivered,20,169.71,1,RIDER2057
2057,ORDER2058,2023-10-02,Delivered,65,240.44,1,RIDER2058
2058,ORDER2059,2023-03-23,In Transit,92,341.02,4,RIDER2059
2059,ORDER2060,2023-10-05,Failed,37,343.58,3,RIDER2060
2060,ORDER2061,2023-12-25,Failed,61,65.76,3,RIDER2061
2061,ORDER2062,2023-03-20,Failed,42,231.19,3,RIDER2062
2062,ORDER2063,2023-05-24,Failed,84,121.06,1,RIDER2063
2063,ORDER2064,2023-12-10,Delivered,69,380.0,4,RIDER2064
2064,ORDER2065,2023-05-05,Delivered,47,418.92,4,RIDER2065
2065,ORDER2066,2023-07-02,Delivered,86,376.16,5,RIDER2066
2066,ORDER2067,2023-10-24,Delivered,16,142.54,5,RIDER2067
2067,ORDER2068,2023-03-01,Failed,50,209.06,2,RIDER2068
2068,ORDER2069,2023-04-22,In Transit,110,363.46,5,RIDER2069
2069,ORDER2070,2023-04-09,Failed,47,147.56,4,RIDER2070
2070,ORDER2071,2023-12-24,Delivered,89,391.25,4,RIDER2071
2071,ORDER2072,2023-07-31,Failed,37,234.29,2,RIDER2072
2072,ORDER2073,2023-05-13,Delivered,64,187.98,1,RIDER2073
2073,ORDER2074,2023-02-01,In Transit,58,437.81,2,RIDER2074
2074,ORDER2075,2023-12-22,Failed,96,470.06,5,RIDER2075
2075,ORDER2076,2023-03-07,Delivered,37,454.82,3,RIDER2076
2076,ORDER2077,2023-06-02,Delivered,58,285.78,1,RIDER2077
2077,ORDER2078,2023-03-22,In Transit,50,430.45,1,RIDER2078
2078,ORDER2079,2023-07-29,Delivered,89,364.51,2,RIDER2079
2079,ORDER2080,2023-09-19,In Transit,33,156.54,2,RIDER2080
2080,ORDER2081,2023-05-06,Delivered,45,105.47,3,RIDER2081
2081,ORDER2082,2023-12-01,In Transit,38,139.98,4,RIDER2082
2082,ORDER2083,2023-01-31,In Transit,87,213.02,4,RIDER2083
2083,ORDER2084,2023-05-10,Failed,60,179.77,2,RIDER2084
2084,ORDER2085,2023-07-10,Delivered,72,155.7,1,RIDER2085
2085,ORDER2086,2023-08-23,In Transit,17,180.04,4,RIDER2086
2086,ORDER2087,2023-09-28,In Transit,46,295.63,1,RIDER2087
2087,ORDER2088,2023-03-21,Delivered,23,223.56,5,RIDER2088
2088,ORDER2089,2023-09-11,In Transit,65,420.13,5,RIDER2089
2089,ORDER2090,2023-10-15,Failed,37,135.54,4,RIDER2090
2090,ORDER2091,2023-08-26,In Transit,115,495.87,1,RIDER2091
2091,ORDER2092,2023-08-17,Delivered,70,61.47,3,RIDER2092
2092,ORDER2093,2023-02-26,Delivered,92,67.68,5,RIDER2093
2093,ORDER2094,2023-10-16,Failed,58,421.07,3,RIDER2094
2094,ORDER2095,2023-07-21,Failed,108,63.05,2,RIDER2095
2095,ORDER2096,2023-12-07,Failed,58,236.06,4,RIDER2096
2096,ORDER2097,2023-09-27,Failed,116,423.7,1,RIDER2097
2097,ORDER2098,2023-07-23,Failed,92,98.69,4,RIDER2098
2098,ORDER2099,2023-01-16,Failed,72,451.24,4,RIDER2099
2099,ORDER2100,2023-12-01,Failed,78,399.63,5,RIDER2100
2100,ORDER2101,2023-08-18,Failed,70,67.37,1,RIDER2101
2101,ORDER2102,2023-07-11,Failed,42,305.23,5,RIDER2102
2102,ORDER2103,2023-01-04,Delivered,73,497.32,1,RIDER2103
2103,ORDER2104,2023-11-27,Delivered,14,153.51,1,RIDER2104
2104,ORDER2105,2023-10-20,Delivered,103,360.31,1,RIDER2105
2105,ORDER2106,2023-09-01,In Transit,120,331.21,1,RIDER2106
2106,ORDER2107,2023-10-04,Delivered,78,490.95,3,RIDER2107
2107,ORDER2108,2023-09-19,In Transit,69,347.94,1,RIDER2108
2108,ORDER2109,2023-11-10,Delivered,64,307.32,4,RIDER2109
2109,ORDER2110,2023-02-11,Delivered,71,300.28,2,RIDER2110
2110,ORDER2111,2023-04-05,Failed,104,318.32,3,RIDER2111
2111,ORDER2112,2023-04-04,Delivered,111,325.81,2,RIDER2112
2112,ORDER2113,2023-11-10,In Transit,114,284.16,1,RIDER2113
2113,ORDER2114,2023-07-01,Failed,116,179.42,5,RIDER2114
2114,ORDER2115,2023-12-27,In Transit,43,281.55,5,RIDER2115
2115,ORDER2116,2023-07-15,Delivered,102,310.83,5,RIDER2116
2116,ORDER2117,2023-04-22,Failed,110,422.72,5,RIDER2117
2117,ORDER2118,2023-10-26,In Transit,25,461.26,5,RIDER2118
2118,ORDER2119,2023-02-10,Failed,94,252.87,3,RIDER2119
2119,ORDER2120,2023-06-08,Failed,114,289.08,1,RIDER2120
2120,ORDER2121,2023-05-28,Failed,49,287.32,5,RIDER2121
2121,ORDER2122,2023-04-20,Delivered,14,261.76,2,RIDER2122
2122,ORDER2123,2023-02-17,In Transit,46,334.7,2,RIDER2123
2123,ORDER2124,2023-12-02,In Transit,17,467.33,4,RIDER2124
2124,ORDER2125,2023-01-28,Failed,15,184.06,1,RIDER2125
2125,ORDER2126,2023-09-24,Delivered,27,109.92,2,RIDER2126
2126,ORDER2127,2023-12-19,Failed,27,91.96,1,RIDER2127
2127,ORDER2128,2023-03-05,Delivered,17,280.53,3,RIDER2128
2128,ORDER2129,2023-10-19,Delivered,57,164.52,3,RIDER2129
2129,ORDER2130,2023-04-17,Delivered,59,56.14,3,RIDER2130
2130,ORDER2131,2023-11-24,Failed,50,281.01,3,RIDER2131
2131,ORDER2132,2023-04-26,Delivered,97,266.45,1,RIDER2132
2132,ORDER2133,2023-02-12,Failed,86,352.72,3,RIDER2133
2133,ORDER2134,2023-09-03,In Transit,84,129.2,1,RIDER2134
2134,ORDER2135,2023-06-13,Failed,81,397.9,3,RIDER2135
2135,ORDER2136,2023-06-05,In Transit,89,264.28,2,RIDER2136
2136,ORDER2137,2023-01-25,Failed,82,358.25,5,RIDER2137
2137,ORDER2138,2023-04-20,Failed,105,472.77,3,RIDER2138
2138,ORDER2139,2023-03-30,In Transit,120,84.95,5,RIDER2139
2139,ORDER2140,2023-07-14,In Transit,39,424.44,3,RIDER2140
2140,ORDER2141,2023-09-12,Delivered,82,419.56,2,RIDER2141
2141,ORDER2142,2023-12-13,In Transit,119,111.36,2,RIDER2142
2142,ORDER2143,2023-03-10,In Transit,10,114.18,2,RIDER2143
2143,ORDER2144,2023-06-16,In Transit,58,269.84,1,RIDER2144
2144,ORDER2145,2023-12-12,In Transit,112,342.81,1,RIDER2145
2145,ORDER2146,2023-12-31,Delivered,109,476.32,3,RIDER2146
2146,ORDER2147,2023-11-07,Failed,17,426.72,3,RIDER2147
2147,ORDER2148,2023-05-17,Delivered,20,352.04,4,RIDER2148
2148,ORDER2149,2023-02-05,Delivered,109,245.25,4,RIDER2149
2149,ORDER2150,2023-08-12,Failed,76,101.63,4,RIDER2150
2150,ORDER2151,2023-05-07,Failed,90,256.53,5,RIDER2151
2151,ORDER2152,2023-10-24,In Transit,35,151.7,1,RIDER2152
2152,ORDER2153,2023-12-03,In Transit,110,247.28,4,RIDER2153
2153,ORDER2154,2023-03-15,Failed,116,376.55,3,RIDER2154
2154,ORDER2155,2023-08-14,Failed,91,184.86,5,RIDER2155
2155,ORDER2156,2023-01-30,In Transit,77,177.83,3,RIDER2156
2156,ORDER2157,2023-03-07,Failed,98,354.93,3,RIDER2157
2157,ORDER2158,2023-09-03,Delivered,46,223.55,5,RIDER2158
2158,ORDER2159,2023-10-31,Failed,97,179.38,5,RIDER2159
2159,ORDER2160,2023-11-10,Delivered,93,310.69,2,RIDER2160
2160,ORDER2161,2023-11-26,In Transit,55,145.34,4,RIDER2161
2161,ORDER2162,2023-05-20,Delivered,16,83.42,3,RIDER2162
2162,ORDER2163,2023-07-24,Delivered,93,481.89,1,RIDER2163
2163,ORDER2164,2023-03-26,Failed,25,228.67,2,RIDER2164
2164,ORDER2165,2023-08-03,Delivered,62,402.83,4,RIDER2165
2165,ORDER2166,2023-08-18,In Transit,60,463.73,1,RIDER2166
2166,ORDER2167,2023-12-06,Delivered,70,302.39,3,RIDER2167
2167,ORDER2168,2023-10-12,In Transit,39,405.68,1,RIDER2168
2168,ORDER2169,2023-03-10,In Transit,116,258.37,3,RIDER2169
2169,ORDER2170,2023-08-10,In Transit,10,340.48,4,RIDER2170
2170,ORDER2171,2023-10-16,Failed,27,184.72,1,RIDER2171
2171,ORDER2172,2023-07-21,In Transit,11,397.24,1,RIDER2172
2172,ORDER2173,2023-11-05,In Transit,100,389.21,5,RIDER2173
2173,ORDER2174,2023-04-26,In Transit,60,472.63,4,RIDER2174
2174,ORDER2175,2023-12-10,In Transit,90,158.68,3,RIDER2175
2175,ORDER2176,2023-02-06,In Transit,62,262.02,3,RIDER2176
2176,ORDER2177,2023-12-09,Delivered,74,228.49,2,RIDER2177
2177,ORDER2178,2023-02-24,In Transit,26,54.98,5,RIDER2178
2178,ORDER2179,2023-06-05,In Transit,42,133.36,1,RIDER2179
2179,ORDER2180,2023-12-04,In Transit,100,453.88,3,RIDER2180
2180,ORDER2181,2023-05-05,Delivered,50,75.27,3,RIDER2181
2181,ORDER2182,2023-06-13,Failed,16,167.26,3,RIDER2182
2182,ORDER2183,2023-05-08,Failed,55,192.59,3,RIDER2183
2183,ORDER2184,2023-05-27,Failed,13,177.1,2,RIDER2184
2184,ORDER2185,2023-05-26,In Transit,15,212.26,5,RIDER2185
2185,ORDER2186,2023-05-19,Failed,76,160.54,5,RIDER2186
2186,ORDER2187,2023-02-01,Failed,107,486.94,2,RIDER2187
2187,ORDER2188,2023-11-06,In Transit,71,434.01,5,RIDER2188
2188,ORDER2189,2023-07-28,In Transit,34,211.84,3,RIDER2189
2189,ORDER2190,2023-08-25,In Transit,107,375.54,1,RIDER2190
2190,ORDER2191,2023-01-25,Delivered,27,475.53,3,RIDER2191
2191,ORDER2192,2023-02-10,Failed,111,253.42,3,RIDER2192
2192,ORDER2193,2023-06-07,In Transit,63,138.9,1,RIDER2193
2193,ORDER2194,2023-05-03,Delivered,14,317.99,3,RIDER2194
2194,ORDER2195,2023-01-01,In Transit,59,172.73,4,RIDER2195
2195,ORDER2196,2023-09-24,Failed,26,126.18,3,RIDER2196
2196,ORDER2197,2023-12-29,Failed,11,487.12,4,RIDER2197
2197,ORDER2198,2023-02-25,Delivered,68,436.45,1,RIDER2198
2198,ORDER2199,2023-04-27,Delivered,63,125.53,5,RIDER2199
2199,ORDER2200,2023-01-10,Delivered,67,269.3,3,RIDER2200
2200,ORDER2201,2023-07-24,Delivered,96,125.71,4,RIDER2201
2201,ORDER2202,2023-02-14,In Transit,53,328.46,1,RIDER2202
2202,ORDER2203,2023-08-02,Delivered,120,130.0,4,RIDER2203
2203,ORDER2204,2023-09-03,Failed,102,208.29,5,RIDER2204
2204,ORDER2205,2023-12-03,In Transit,27,381.32,3,RIDER2205
2205,ORDER2206,2023-06-27,Failed,85,465.21,4,RIDER2206
2206,ORDER2207,2023-06-05,Delivered,11,306.44,2,RIDER2207
2207,ORDER2208,2023-03-27,Failed,108,180.7,3,RIDER2208
2208,ORDER2209,2023-12-15,In Transit,43,104.53,4,RIDER2209
2209,ORDER2210,2023-09-01,In Transit,75,240.33,5,RIDER2210
2210,ORDER2211,2023-04-27,Failed,54,441.69,1,RIDER2211
2211,ORDER2212,2023-08-27,In Transit,73,304.46,3,RIDER2212
2212,ORDER2213,2023-03-03,Failed,91,284.46,1,RIDER2213
2213,ORDER2214,2023-07-03,Delivered,76,235.59,4,RIDER2214
2214,ORDER2215,2023-04-18,Delivered,29,442.24,4,RIDER2215
2215,ORDER2216,2023-04-22,In Transit,47,188.3,1,RIDER2216
2216,ORDER2217,2023-12-31,Failed,92,359.29,2,RIDER2217
2217,ORDER2218,2023-07-14,Delivered,60,305.7,4,RIDER2218
2218,ORDER2219,2023-02-21,In Transit,86,261.2,1,RIDER2219
2219,ORDER2220,2023-06-19,Failed,40,389.95,1,RIDER2220
2220,ORDER2221,2023-05-16,Delivered,42,242.93,1,RIDER2221
2221,ORDER2222,2023-05-28,In Transit,38,51.89,5,RIDER2222
2222,ORDER2223,2023-11-06,In Transit,32,432.73,5,RIDER2223
2223,ORDER2224,2023-10-10,Delivered,114,464.09,3,RIDER2224
2224,ORDER2225,2023-10-19,In Transit,10,357.5,1,RIDER2225
2225,ORDER2226,2023-11-23,In Transit,53,231.1,4,RIDER2226
2226,ORDER2227,2023-06-03,In Transit,83,59.76,5,RIDER2227
2227,ORDER2228,2023-09-16,Failed,68,347.01,4,RIDER2228
2228,ORDER2229,2023-08-21,Failed,18,153.37,2,RIDER2229
2229,ORDER2230,2023-06-09,Delivered,115,330.19,2,RIDER2230
2230,ORDER2231,2023-06-21,In Transit,14,465.19,3,RIDER2231
2231,ORDER2232,2023-03-08,In Transit,52,368.69,5,RIDER2232
2232,ORDER2233,2023-02-07,In Transit,46,421.21,5,RIDER2233
2233,ORDER2234,2023-11-20,Delivered,80,415.4,4,RIDER2234
2234,ORDER2235,2023-12-15,In Transit,78,266.38,2,RIDER2235
2235,ORDER2236,2023-05-11,Delivered,38,277.31,2,RIDER2236
2236,ORDER2237,2023-09-29,In Transit,91,72.41,2,RIDER2237
2237,ORDER2238,2023-11-04,Failed,69,421.63,1,RIDER2238
2238,ORDER2239,2023-02-22,Delivered,55,85.94,3,RIDER2239
2239,ORDER2240,2023-04-01,In Transit,110,155.05,5,RIDER2240
2240,ORDER2241,2023-03-14,Delivered,49,162.23,3,RIDER2241
2241,ORDER2242,2023-05-28,Failed,118,257.5,4,RIDER2242
2242,ORDER2243,2023-08-09,Failed,10,408.22,3,RIDER2243
2243,ORDER2244,2023-10-04,Delivered,65,221.43,3,RIDER2244
2244,ORDER2245,2023-01-14,In Transit,62,392.32,3,RIDER2245
2245,ORDER2246,2023-04-11,In Transit,41,319.47,2,RIDER2246
2246,ORDER2247,2023-12-22,In Transit,119,238.32,5,RIDER2247
2247,ORDER2248,2023-11-28,Delivered,40,407.3,1,RIDER2248
2248,ORDER2249,2023-02-19,In Transit,94,252.12,3,RIDER2249
2249,ORDER2250,2023-02-28,Failed,75,201.77,2,RIDER2250
2250,ORDER2251,2023-01-31,Failed,65,256.28,1,RIDER2251
2251,ORDER2252,2023-06-27,Delivered,33,311.31,5,RIDER2252
2252,ORDER2253,2023-05-24,In Transit,99,238.89,3,RIDER2253
2253,ORDER2254,2023-07-10,In Transit,12,484.17,4,RIDER2254
2254,ORDER2255,2023-10-19,Delivered,88,80.68,2,RIDER2255
2255,ORDER2256,2023-05-14,Failed,83,121.91,4,RIDER2256
2256,ORDER2257,2023-05-06,In Transit,113,146.64,1,RIDER2257
2257,ORDER2258,2023-07-26,Failed,50,314.12,4,RIDER2258
2258,ORDER2259,2023-09-22,In Transit,63,112.01,1,RIDER2259
2259,ORDER2260,2023-05-15,In Transit,14,169.16,3,RIDER2260
2260,ORDER2261,2023-01-20,In Transit,51,133.78,5,RIDER2261
2261,ORDER2262,2023-10-13,Delivered,113,399.23,4,RIDER2262
2262,ORDER2263,2023-07-01,Failed,107,497.38,5,RIDER2263
2263,ORDER2264,2023-06-10,In Transit,65,278.45,2,RIDER2264
2264,ORDER2265,2023-06-16,Delivered,103,218.42,5,RIDER2265
2265,ORDER2266,2023-04-04,Failed,111,377.48,4,RIDER2266
2266,ORDER2267,2023-06-07,In Transit,22,190.5,5,RIDER2267
2267,ORDER2268,2023-04-26,Delivered,118,143.34,3,RIDER2268
2268,ORDER2269,2023-10-27,Delivered,98,434.93,4,RIDER2269
2269,ORDER2270,2023-12-18,Delivered,112,101.17,5,RIDER2270
2270,ORDER2271,2023-05-25,Delivered,55,485.53,2,RIDER2271
2271,ORDER2272,2023-03-28,In Transit,70,67.71,2,RIDER2272
2272,ORDER2273,2023-04-29,In Transit,60,211.15,5,RIDER2273
2273,ORDER2274,2023-11-26,Delivered,99,452.02,5,RIDER2274
2274,ORDER2275,2023-03-27,Delivered,16,234.14,3,RIDER2275
2275,ORDER2276,2023-11-24,In Transit,105,267.31,2,RIDER2276
2276,ORDER2277,2023-08-05,Delivered,82,338.15,1,RIDER2277
2277,ORDER2278,2023-05-07,Delivered,55,271.89,2,RIDER2278
2278,ORDER2279,2023-12-02,Failed,91,273.1,5,RIDER2279
2279,ORDER2280,2023-04-28,In Transit,15,193.69,4,RIDER2280
2280,ORDER2281,2023-10-26,Delivered,71,66.8,5,RIDER2281
2281,ORDER2282,2023-09-26,Failed,28,104.04,5,RIDER2282
2282,ORDER2283,2023-11-15,Delivered,115,204.18,2,RIDER2283
2283,ORDER2284,2023-07-28,Delivered,25,491.81,1,RIDER2284
2284,ORDER2285,2023-08-13,Failed,40,465.78,4,RIDER2285
2285,ORDER2286,2023-09-20,Delivered,81,416.5,3,RIDER2286
2286,ORDER2287,2023-08-19,Delivered,70,376.42,1,RIDER2287
2287,ORDER2288,2023-04-16,Failed,91,90.79,1,RIDER2288
2288,ORDER2289,2023-01-25,In Transit,114,239.15,4,RIDER2289
2289,ORDER2290,2023-07-06,Failed,119,298.99,2,RIDER2290
2290,ORDER2291,2023-07-19,Delivered,86,445.96,2,RIDER2291
2291,ORDER2292,2023-02-26,Delivered,13,411.67,4,RIDER2292
2292,ORDER2293,2023-02-15,In Transit,48,242.77,1,RIDER2293
2293,ORDER2294,2023-03-12,Delivered,18,199.44,4,RIDER2294
2294,ORDER2295,2023-07-10,Delivered,42,149.38,5,RIDER2295
2295,ORDER2296,2023-05-26,In Transit,107,331.88,3,RIDER2296
2296,ORDER2297,2023-06-19,Delivered,14,175.83,3,RIDER2297
2297,ORDER2298,2023-05-29,Delivered,100,91.09,1,RIDER2298
2298,ORDER2299,2023-03-13,Failed,115,348.54,2,RIDER2299
2299,ORDER2300,2023-08-29,Failed,86,356.38,4,RIDER2300
2300,ORDER2301,2023-05-27,Delivered,59,279.39,4,RIDER2301
2301,ORDER2302,2023-02-03,Delivered,28,351.33,5,RIDER2302
2302,ORDER2303,2023-04-04,Delivered,103,355.04,2,RIDER2303
2303,ORDER2304,2023-01-16,In Transit,46,353.73,1,RIDER2304
2304,ORDER2305,2023-08-17,Failed,53,466.42,3,RIDER2305
2305,ORDER2306,2023-05-02,Delivered,102,361.09,5,RIDER2306
2306,ORDER2307,2023-05-25,Failed,118,225.31,4,RIDER2307
2307,ORDER2308,2023-05-05,Failed,117,348.08,4,RIDER2308
2308,ORDER2309,2023-01-23,Delivered,51,70.34,2,RIDER2309
2309,ORDER2310,2023-07-16,In Transit,92,203.06,2,RIDER2310
2310,ORDER2311,2023-07-07,Failed,45,401.84,5,RIDER2311
2311,ORDER2312,2023-08-25,Delivered,35,448.5,2,RIDER2312
2312,ORDER2313,2023-02-17,In Transit,75,241.08,2,RIDER2313
2313,ORDER2314,2023-02-19,Failed,17,491.18,4,RIDER2314
2314,ORDER2315,2023-05-24,Failed,26,306.53,3,RIDER2315
2315,ORDER2316,2023-12-05,Failed,86,337.48,4,RIDER2316
2316,ORDER2317,2023-03-21,Delivered,34,229.41,3,RIDER2317
2317,ORDER2318,2023-08-21,Failed,96,63.55,3,RIDER2318
2318,ORDER2319,2023-03-03,Failed,29,287.96,4,RIDER2319
2319,ORDER2320,2023-10-15,In Transit,78,234.5,1,RIDER2320
2320,ORDER2321,2023-04-27,Delivered,14,232.96,1,RIDER2321
2321,ORDER2322,2023-10-28,Delivered,58,78.33,4,RIDER2322
2322,ORDER2323,2023-05-05,Delivered,21,262.75,2,RIDER2323
2323,ORDER2324,2023-11-02,Failed,21,315.35,1,RIDER2324
2324,ORDER2325,2023-02-13,Failed,48,422.48,4,RIDER2325
2325,ORDER2326,2023-06-14,Failed,102,245.37,2,RIDER2326
2326,ORDER2327,2023-10-18,Delivered,91,429.98,3,RIDER2327
2327,ORDER2328,2023-10-29,Failed,30,248.92,3,RIDER2328
2328,ORDER2329,2023-01-17,In Transit,75,471.76,1,RIDER2329
2329,ORDER2330,2023-11-10,Delivered,68,445.05,2,RIDER2330
2330,ORDER2331,2023-10-10,Delivered,54,331.59,1,RIDER2331
2331,ORDER2332,2023-03-29,In Transit,113,330.64,2,RIDER2332
2332,ORDER2333,2023-01-20,Delivered,96,370.01,2,RIDER2333
2333,ORDER2334,2023-01-18,Failed,16,110.19,5,RIDER2334
2334,ORDER2335,2023-04-27,Failed,66,73.31,2,RIDER2335
2335,ORDER2336,2023-08-09,Failed,26,125.39,4,RIDER2336
2336,ORDER2337,2023-06-26,Delivered,111,139.55,5,RIDER2337
2337,ORDER2338,2023-05-08,Delivered,57,431.25,2,RIDER2338
2338,ORDER2339,2023-07-15,In Transit,30,246.51,2,RIDER2339
2339,ORDER2340,2023-11-05,In Transit,59,386.02,2,RIDER2340
2340,ORDER2341,2023-05-05,In Transit,103,92.38,2,RIDER2341
2341,ORDER2342,2023-07-21,Delivered,53,275.64,1,RIDER2342
2342,ORDER2343,2023-11-21,In Transit,78,120.67,3,RIDER2343
2343,ORDER2344,2023-01-30,Failed,88,266.76,5,RIDER2344
2344,ORDER2345,2023-12-10,Delivered,90,409.46,2,RIDER2345
2345,ORDER2346,2023-09-22,In Transit,108,448.71,1,RIDER2346
2346,ORDER2347,2023-03-25,Delivered,80,279.99,5,RIDER2347
2347,ORDER2348,2023-10-13,Delivered,92,439.95,4,RIDER2348
2348,ORDER2349,2023-08-25,In Transit,25,95.3,1,RIDER2349
2349,ORDER2350,2023-03-16,Delivered,78,346.67,4,RIDER2350
2350,ORDER2351,2023-05-15,In Transit,61,128.0,2,RIDER2351
2351,ORDER2352,2023-11-28,In Transit,107,395.72,4,RIDER2352
2352,ORDER2353,2023-09-10,Delivered,17,271.41,1,RIDER2353
2353,ORDER2354,2023-01-17,Failed,29,95.28,5,RIDER2354
2354,ORDER2355,2023-08-19,Failed,16,473.62,5,RIDER2355
2355,ORDER2356,2023-05-12,Delivered,111,345.9,5,RIDER2356
2356,ORDER2357,2023-03-04,Failed,49,180.97,1,RIDER2357
2357,ORDER2358,2023-03-03,In Transit,110,392.35,2,RIDER2358
2358,ORDER2359,2023-08-10,Failed,111,166.17,3,RIDER2359
2359,ORDER2360,2023-03-03,Delivered,65,161.02,5,RIDER2360
2360,ORDER2361,2023-07-22,Delivered,74,110.71,4,RIDER2361
2361,ORDER2362,2023-12-14,Delivered,37,251.13,1,RIDER2362
2362,ORDER2363,2023-12-04,Delivered,52,187.06,1,RIDER2363
2363,ORDER2364,2023-05-24,Failed,30,433.06,5,RIDER2364
2364,ORDER2365,2023-06-04,Failed,55,264.86,5,RIDER2365
2365,ORDER2366,2023-11-03,Delivered,44,442.59,1,RIDER2366
2366,ORDER2367,2023-10-18,In Transit,80,369.09,5,RIDER2367
2367,ORDER2368,2023-06-18,Failed,85,182.66,3,RIDER2368
2368,ORDER2369,2023-12-02,Failed,37,382.87,1,RIDER2369
2369,ORDER2370,2023-04-14,Delivered,70,186.98,3,RIDER2370
2370,ORDER2371,2023-02-08,Delivered,39,436.77,2,RIDER2371
2371,ORDER2372,2023-01-24,Failed,24,271.82,3,RIDER2372
2372,ORDER2373,2023-09-29,Delivered,112,144.48,1,RIDER2373
2373,ORDER2374,2023-06-19,Delivered,31,264.63,1,RIDER2374
2374,ORDER2375,2023-04-10,In Transit,11,290.19,5,RIDER2375
2375,ORDER2376,2023-10-12,In Transit,40,68.19,1,RIDER2376
2376,ORDER2377,2023-03-31,In Transit,44,219.5,3,RIDER2377
2377,ORDER2378,2023-02-11,Failed,61,383.53,3,RIDER2378
2378,ORDER2379,2023-04-10,In Transit,16,126.34,5,RIDER2379
2379,ORDER2380,2023-03-04,In Transit,36,153.11,1,RIDER2380
2380,ORDER2381,2023-07-05,Delivered,102,485.04,5,RIDER2381
2381,ORDER2382,2023-06-13,Failed,50,464.71,2,RIDER2382
2382,ORDER2383,2023-08-11,Failed,44,166.23,5,RIDER2383
2383,ORDER2384,2023-09-06,Failed,31,257.76,2,RIDER2384
2384,ORDER2385,2023-08-12,Failed,52,68.5,4,RIDER2385
2385,ORDER2386,2023-05-15,Failed,21,222.9,4,RIDER2386
2386,ORDER2387,2023-01-08,In Transit,117,253.75,5,RIDER2387
2387,ORDER2388,2023-07-09,Failed,75,442.06,2,RIDER2388
2388,ORDER2389,2023-10-23,Failed,101,466.81,2,RIDER2389
2389,ORDER2390,2023-05-26,Failed,81,268.62,4,RIDER2390
2390,ORDER2391,2023-04-05,In Transit,80,214.06,3,RIDER2391
2391,ORDER2392,2023-07-17,Failed,77,292.93,2,RIDER2392
2392,ORDER2393,2023-01-23,Delivered,66,443.43,3,RIDER2393
2393,ORDER2394,2023-01-13,Failed,72,150.71,2,RIDER2394
2394,ORDER2395,2023-05-24,Failed,72,388.21,3,RIDER2395
2395,ORDER2396,2023-07-21,In Transit,38,464.86,1,RIDER2396
2396,ORDER2397,2023-08-04,In Transit,38,135.77,2,RIDER2397
2397,ORDER2398,2023-01-30,Delivered,54,230.81,5,RIDER2398
2398,ORDER2399,2023-11-19,Failed,79,320.54,2,RIDER2399
2399,ORDER2400,2023-01-06,Failed,69,114.66,2,RIDER2400
2400,ORDER2401,2023-01-22,Failed,21,191.26,4,RIDER2401
2401,ORDER2402,2023-01-16,In Transit,43,169.01,4,RIDER2402
2402,ORDER2403,2023-05-02,In Transit,43,267.91,2,RIDER2403
2403,ORDER2404,2023-02-01,Delivered,71,244.33,5,RIDER2404
2404,ORDER2405,2023-12-11,Failed,87,373.38,3,RIDER2405
2405,ORDER2406,2023-09-11,Failed,48,71.94,1,RIDER2406
2406,ORDER2407,2023-04-27,In Transit,111,135.96,1,RIDER2407
2407,ORDER2408,2023-12-07,Failed,62,399.47,3,RIDER2408
2408,ORDER2409,2023-10-01,Delivered,32,294.03,4,RIDER2409
2409,ORDER2410,2023-07-08,Failed,104,177.16,3,RIDER2410
2410,ORDER2411,2023-11-06,Failed,110,498.69,2,RIDER2411
2411,ORDER2412,2023-05-28,Failed,88,155.37,2,RIDER2412
2412,ORDER2413,2023-08-24,Delivered,55,485.05,2,RIDER2413
2413,ORDER2414,2023-01-15,Failed,46,452.61,5,RIDER2414
2414,ORDER2415,2023-10-17,Failed,70,320.44,5,RIDER2415
2415,ORDER2416,2023-10-04,Failed,96,106.49,5,RIDER2416
2416,ORDER2417,2023-06-17,Delivered,84,241.6,5,RIDER2417
2417,ORDER2418,2023-01-23,In Transit,109,176.36,1,RIDER2418
2418,ORDER2419,2023-01-30,In Transit,36,322.86,5,RIDER2419
2419,ORDER2420,2023-10-12,Delivered,103,207.02,1,RIDER2420
2420,ORDER2421,2023-07-28,In Transit,114,262.33,4,RIDER2421
2421,ORDER2422,2023-10-15,In Transit,91,312.31,5,RIDER2422
2422,ORDER2423,2023-11-13,In Transit,102,204.23,2,RIDER2423
2423,ORDER2424,2023-05-13,Delivered,37,110.69,4,RIDER2424
2424,ORDER2425,2023-10-21,Failed,55,79.65,5,RIDER2425
2425,ORDER2426,2023-10-20,Delivered,14,83.38,3,RIDER2426
2426,ORDER2427,2023-12-17,Failed,120,346.2,3,RIDER2427
2427,ORDER2428,2023-12-05,Delivered,41,230.87,3,RIDER2428
2428,ORDER2429,2023-09-30,Delivered,66,114.56,5,RIDER2429
2429,ORDER2430,2023-10-23,Failed,13,172.57,3,RIDER2430
2430,ORDER2431,2023-07-30,Failed,97,55.75,5,RIDER2431
2431,ORDER2432,2023-12-01,Failed,32,374.99,5,RIDER2432
2432,ORDER2433,2023-03-12,In Transit,59,431.38,5,RIDER2433
2433,ORDER2434,2023-08-02,In Transit,62,282.51,5,RIDER2434
2434,ORDER2435,2023-08-22,In Transit,64,498.93,5,RIDER2435
2435,ORDER2436,2023-02-24,Failed,10,175.42,2,RIDER2436
2436,ORDER2437,2023-02-19,Delivered,81,386.12,3,RIDER2437
2437,ORDER2438,2023-12-09,In Transit,37,352.1,3,RIDER2438
2438,ORDER2439,2023-04-22,Failed,13,487.81,1,RIDER2439
2439,ORDER2440,2023-04-08,Delivered,68,191.86,1,RIDER2440
2440,ORDER2441,2023-07-29,Delivered,56,100.35,5,RIDER2441
2441,ORDER2442,2023-03-22,Delivered,81,50.75,4,RIDER2442
2442,ORDER2443,2023-10-01,Failed,23,333.22,3,RIDER2443
2443,ORDER2444,2023-07-23,In Transit,60,336.4,1,RIDER2444
2444,ORDER2445,2023-05-12,Delivered,58,166.24,4,RIDER2445
2445,ORDER2446,2023-05-25,Delivered,97,449.06,3,RIDER2446
2446,ORDER2447,2023-09-08,In Transit,109,454.85,2,RIDER2447
2447,ORDER2448,2023-07-29,In Transit,112,126.03,1,RIDER2448
2448,ORDER2449,2023-01-06,Failed,54,397.57,5,RIDER2449
2449,ORDER2450,2023-10-08,Delivered,12,464.07,1,RIDER2450
2450,ORDER2451,2023-03-13,Failed,40,333.77,5,RIDER2451
2451,ORDER2452,2023-07-12,Delivered,19,400.79,1,RIDER2452
2452,ORDER2453,2023-08-08,In Transit,89,115.46,1,RIDER2453
2453,ORDER2454,2023-04-29,In Transit,73,283.11,1,RIDER2454
2454,ORDER2455,2023-04-08,In Transit,26,385.86,3,RIDER2455
2455,ORDER2456,2023-03-28,Failed,114,425.89,3,RIDER2456
2456,ORDER2457,2023-12-28,In Transit,28,271.88,1,RIDER2457
2457,ORDER2458,2023-08-09,In Transit,71,381.38,5,RIDER2458
2458,ORDER2459,2023-05-05,In Transit,62,135.97,3,RIDER2459
2459,ORDER2460,2023-10-23,Failed,51,110.59,5,RIDER2460
2460,ORDER2461,2023-03-06,Failed,55,419.94,4,RIDER2461
2461,ORDER2462,2023-10-11,In Transit,12,136.28,5,RIDER2462
2462,ORDER2463,2023-10-22,Delivered,85,250.85,1,RIDER2463
2463,ORDER2464,2023-02-18,Delivered,100,272.65,4,RIDER2464
2464,ORDER2465,2023-07-30,Delivered,117,368.67,4,RIDER2465
2465,ORDER2466,2023-02-15,Failed,104,320.64,4,RIDER2466
2466,ORDER2467,2023-05-16,Failed,113,490.21,2,RIDER2467
2467,ORDER2468,2023-05-10,In Transit,91,199.16,4,RIDER2468
2468,ORDER2469,2023-11-01,Failed,100,105.16,5,RIDER2469
2469,ORDER2470,2023-08-11,Failed,84,134.57,1,RIDER2470
2470,ORDER2471,2023-02-09,In Transit,116,458.86,1,RIDER2471
2471,ORDER2472,2023-06-05,In Transit,16,116.46,4,RIDER2472
2472,ORDER2473,2023-02-27,Failed,113,222.74,2,RIDER2473
2473,ORDER2474,2023-04-19,In Transit,39,57.2,1,RIDER2474
2474,ORDER2475,2023-01-18,Delivered,58,422.87,2,RIDER2475
2475,ORDER2476,2023-01-22,In Transit,14,93.94,1,RIDER2476
2476,ORDER2477,2023-08-11,Delivered,60,426.27,5,RIDER2477
2477,ORDER2478,2023-06-29,In Transit,83,87.84,2,RIDER2478
2478,ORDER2479,2023-05-15,Delivered,86,256.72,4,RIDER2479
2479,ORDER2480,2023-11-21,Failed,99,359.52,2,RIDER2480
2480,ORDER2481,2023-12-21,Delivered,36,445.25,2,RIDER2481
2481,ORDER2482,2023-07-24,In Transit,21,220.82,5,RIDER2482
2482,ORDER2483,2023-06-13,Delivered,87,415.83,5,RIDER2483
2483,ORDER2484,2023-04-18,Failed,51,281.21,5,RIDER2484
2484,ORDER2485,2023-04-29,Failed,79,110.9,2,RIDER2485
2485,ORDER2486,2023-08-27,In Transit,104,279.1,4,RIDER2486
2486,ORDER2487,2023-09-03,Delivered,30,429.22,4,RIDER2487
2487,ORDER2488,2023-06-20,Delivered,24,432.31,4,RIDER2488
2488,ORDER2489,2023-07-06,Failed,70,499.85,3,RIDER2489
2489,ORDER2490,2023-03-10,Failed,87,64.79,1,RIDER2490
2490,ORDER2491,2023-08-07,In Transit,10,291.34,2,RIDER2491
2491,ORDER2492,2023-06-11,Failed,117,419.57,5,RIDER2492
2492,ORDER2493,2023-09-13,Failed,118,355.23,5,RIDER2493
2493,ORDER2494,2023-06-12,In Transit,117,118.94,5,RIDER2494
2494,ORDER2495,2023-03-20,In Transit,73,352.72,2,RIDER2495
2495,ORDER2496,2023-04-01,In Transit,97,227.28,1,RIDER2496
2496,ORDER2497,2023-07-30,Failed,87,438.72,5,RIDER2497
2497,ORDER2498,2023-12-29,Failed,99,216.53,3,RIDER2498
2498,ORDER2499,2023-11-23,Delivered,17,453.44,5,RIDER2499
2499,ORDER2500,2023-07-29,Failed,79,78.84,2,RIDER2500
2500,ORDER2501,2023-07-06,In Transit,82,447.62,4,RIDER2501
2501,ORDER2502,2023-03-12,Failed,96,460.95,5,RIDER2502
2502,ORDER2503,2023-01-07,Failed,71,496.99,2,RIDER2503
2503,ORDER2504,2023-10-04,Failed,13,145.92,3,RIDER2504
2504,ORDER2505,2023-08-13,Failed,101,298.67,5,RIDER2505
2505,ORDER2506,2023-10-16,Failed,28,156.53,2,RIDER2506
2506,ORDER2507,2023-08-24,Failed,55,390.09,1,RIDER2507
2507,ORDER2508,2023-10-03,Delivered,105,422.57,5,RIDER2508
2508,ORDER2509,2023-09-19,Failed,52,53.54,2,RIDER2509
2509,ORDER2510,2023-09-09,Failed,75,353.78,5,RIDER2510
2510,ORDER2511,2023-11-26,Delivered,103,305.35,5,RIDER2511
2511,ORDER2512,2023-07-06,Failed,91,468.47,3,RIDER2512
2512,ORDER2513,2023-10-05,Delivered,93,268.4,5,RIDER2513
2513,ORDER2514,2023-12-16,Delivered,21,91.22,5,RIDER2514
2514,ORDER2515,2023-08-04,In Transit,95,282.71,5,RIDER2515
2515,ORDER2516,2023-05-18,In Transit,57,197.86,5,RIDER2516
2516,ORDER2517,2023-06-03,In Transit,12,80.7,5,RIDER2517
2517,ORDER2518,2023-02-13,Delivered,101,383.64,1,RIDER2518
2518,ORDER2519,2023-12-18,Delivered,19,322.35,2,RIDER2519
2519,ORDER2520,2023-01-29,In Transit,81,372.85,1,RIDER2520
2520,ORDER2521,2023-02-15,In Transit,25,160.7,1,RIDER2521
2521,ORDER2522,2023-05-11,Failed,17,380.88,1,RIDER2522
2522,ORDER2523,2023-01-07,Delivered,42,108.16,1,RIDER2523
2523,ORDER2524,2023-06-05,In Transit,57,268.52,3,RIDER2524
2524,ORDER2525,2023-10-22,Failed,43,63.51,3,RIDER2525
2525,ORDER2526,2023-10-20,Failed,84,67.18,2,RIDER2526
2526,ORDER2527,2023-06-17,Delivered,62,367.25,2,RIDER2527
2527,ORDER2528,2023-10-23,Failed,48,309.0,2,RIDER2528
2528,ORDER2529,2023-01-14,In Transit,65,294.08,5,RIDER2529
2529,ORDER2530,2023-06-25,In Transit,43,252.3,5,RIDER2530
2530,ORDER2531,2023-07-11,In Transit,119,181.45,3,RIDER2531
2531,ORDER2532,2023-09-30,In Transit,74,157.97,5,RIDER2532
2532,ORDER2533,2023-09-27,In Transit,103,236.02,4,RIDER2533
2533,ORDER2534,2023-11-03,In Transit,102,109.23,3,RIDER2534
2534,ORDER2535,2023-08-15,Delivered,75,392.97,3,RIDER2535
2535,ORDER2536,2023-04-06,Delivered,11,184.48,5,RIDER2536
2536,ORDER2537,2023-11-15,In Transit,30,79.33,3,RIDER2537
2537,ORDER2538,2023-01-20,In Transit,28,149.77,4,RIDER2538
2538,ORDER2539,2023-01-15,In Transit,16,174.44,3,RIDER2539
2539,ORDER2540,2023-06-10,In Transit,11,278.08,5,RIDER2540
2540,ORDER2541,2023-09-12,Delivered,65,132.57,3,RIDER2541
2541,ORDER2542,2023-02-23,Delivered,33,214.69,2,RIDER2542
2542,ORDER2543,2023-01-29,In Transit,105,282.23,3,RIDER2543
2543,ORDER2544,2023-04-28,In Transit,44,230.31,2,RIDER2544
2544,ORDER2545,2023-03-18,Failed,83,449.28,4,RIDER2545
2545,ORDER2546,2023-09-22,In Transit,33,116.02,3,RIDER2546
2546,ORDER2547,2023-03-08,In Transit,39,141.41,3,RIDER2547
2547,ORDER2548,2023-12-26,In Transit,11,431.82,5,RIDER2548
2548,ORDER2549,2023-07-28,In Transit,44,249.82,3,RIDER2549
2549,ORDER2550,2023-02-01,In Transit,117,205.91,2,RIDER2550
2550,ORDER2551,2023-08-30,Failed,117,62.25,5,RIDER2551
2551,ORDER2552,2023-06-03,Delivered,16,157.68,2,RIDER2552
2552,ORDER2553,2023-09-07,In Transit,98,120.57,2,RIDER2553
2553,ORDER2554,2023-11-01,Delivered,43,145.9,2,RIDER2554
2554,ORDER2555,2023-11-09,Failed,73,51.15,1,RIDER2555
2555,ORDER2556,2023-01-01,Delivered,26,336.33,1,RIDER2556
2556,ORDER2557,2023-04-25,Delivered,36,331.48,4,RIDER2557
2557,ORDER2558,2023-07-15,Failed,52,278.4,1,RIDER2558
2558,ORDER2559,2023-08-22,In Transit,65,286.57,4,RIDER2559
2559,ORDER2560,2023-07-10,In Transit,111,51.04,3,RIDER2560
2560,ORDER2561,2023-07-02,In Transit,71,145.26,4,RIDER2561
2561,ORDER2562,2023-01-16,Delivered,86,63.87,5,RIDER2562
2562,ORDER2563,2023-01-30,Delivered,117,122.63,4,RIDER2563
2563,ORDER2564,2023-01-28,Delivered,83,298.62,3,RIDER2564
2564,ORDER2565,2023-06-29,Failed,18,267.03,1,RIDER2565
2565,ORDER2566,2023-08-15,In Transit,54,272.49,1,RIDER2566
2566,ORDER2567,2023-02-14,Failed,71,365.32,1,RIDER2567
2567,ORDER2568,2023-10-20,Delivered,107,396.64,2,RIDER2568
2568,ORDER2569,2023-12-01,Delivered,78,489.45,3,RIDER2569
2569,ORDER2570,2023-07-20,Delivered,103,298.04,1,RIDER2570
2570,ORDER2571,2023-03-14,In Transit,53,482.12,5,RIDER2571
2571,ORDER2572,2023-04-16,Failed,30,181.53,2,RIDER2572
2572,ORDER2573,2023-04-12,Delivered,26,114.67,5,RIDER2573
2573,ORDER2574,2023-02-04,Delivered,90,181.13,4,RIDER2574
2574,ORDER2575,2023-11-21,Failed,112,342.02,4,RIDER2575
2575,ORDER2576,2023-09-07,In Transit,45,285.78,5,RIDER2576
2576,ORDER2577,2023-11-23,Delivered,14,420.47,2,RIDER2577
2577,ORDER2578,2023-07-29,Failed,46,349.01,4,RIDER2578
2578,ORDER2579,2023-05-12,Failed,111,414.37,3,RIDER2579
2579,ORDER2580,2023-02-07,In Transit,74,50.12,2,RIDER2580
2580,ORDER2581,2023-05-07,Delivered,59,301.89,3,RIDER2581
2581,ORDER2582,2023-05-30,Delivered,30,373.12,3,RIDER2582
2582,ORDER2583,2023-05-01,Failed,112,304.93,4,RIDER2583
2583,ORDER2584,2023-09-22,In Transit,52,173.01,1,RIDER2584
2584,ORDER2585,2023-10-10,Delivered,94,359.97,1,RIDER2585
2585,ORDER2586,2023-04-29,In Transit,120,341.92,2,RIDER2586
2586,ORDER2587,2023-06-07,In Transit,17,371.25,5,RIDER2587
2587,ORDER2588,2023-11-22,In Transit,66,152.57,1,RIDER2588
2588,ORDER2589,2023-08-29,Delivered,106,473.31,4,RIDER2589
2589,ORDER2590,2023-09-08,In Transit,117,279.81,4,RIDER2590
2590,ORDER2591,2023-02-14,Delivered,92,474.23,4,RIDER2591
2591,ORDER2592,2023-08-26,In Transit,56,56.05,2,RIDER2592
2592,ORDER2593,2023-01-21,In Transit,24,215.44,1,RIDER2593
2593,ORDER2594,2023-07-26,In Transit,31,65.35,5,RIDER2594
2594,ORDER2595,2023-09-20,Delivered,37,79.42,2,RIDER2595
2595,ORDER2596,2023-01-06,Failed,75,133.3,5,RIDER2596
2596,ORDER2597,2023-09-26,Delivered,114,466.37,4,RIDER2597
2597,ORDER2598,2023-03-30,In Transit,54,69.03,3,RIDER2598
2598,ORDER2599,2023-02-06,Failed,103,197.64,5,RIDER2599
2599,ORDER2600,2023-10-25,Failed,33,428.67,2,RIDER2600
2600,ORDER2601,2023-11-18,Delivered,20,404.39,1,RIDER2601
2601,ORDER2602,2023-12-23,In Transit,76,295.62,4,RIDER2602
2602,ORDER2603,2023-03-20,Failed,45,275.12,1,RIDER2603
2603,ORDER2604,2023-07-15,Delivered,34,52.22,1,RIDER2604
2604,ORDER2605,2023-07-29,Failed,62,427.09,1,RIDER2605
2605,ORDER2606,2023-03-26,Delivered,58,322.38,1,RIDER2606
2606,ORDER2607,2023-11-20,Delivered,78,230.3,5,RIDER2607
2607,ORDER2608,2023-07-14,Failed,97,150.25,4,RIDER2608
2608,ORDER2609,2023-06-15,In Transit,41,474.08,5,RIDER2609
2609,ORDER2610,2023-08-27,Delivered,48,307.68,5,RIDER2610
2610,ORDER2611,2023-05-28,Delivered,60,249.41,5,RIDER2611
2611,ORDER2612,2023-12-25,Failed,65,273.61,1,RIDER2612
2612,ORDER2613,2023-06-20,Failed,49,159.57,5,RIDER2613
2613,ORDER2614,2023-01-01,Delivered,97,272.32,4,RIDER2614
2614,ORDER2615,2023-03-05,Failed,31,333.54,3,RIDER2615
2615,ORDER2616,2023-05-27,Delivered,114,173.09,5,RIDER2616
2616,ORDER2617,2023-01-29,Delivered,11,296.64,4,RIDER2617
2617,ORDER2618,2023-02-26,Delivered,26,442.81,2,RIDER2618
2618,ORDER2619,2023-06-11,Failed,12,246.51,1,RIDER2619
2619,ORDER2620,2023-05-06,Failed,83,171.48,5,RIDER2620
2620,ORDER2621,2023-02-16,Delivered,34,253.28,1,RIDER2621
2621,ORDER2622,2023-07-14,Delivered,52,169.67,4,RIDER2622
2622,ORDER2623,2023-05-13,Failed,75,283.6,2,RIDER2623
2623,ORDER2624,2023-05-31,Failed,72,164.77,3,RIDER2624
2624,ORDER2625,2023-04-08,In Transit,93,393.33,5,RIDER2625
2625,ORDER2626,2023-04-17,In Transit,65,387.78,2,RIDER2626
2626,ORDER2627,2023-07-12,Failed,63,323.15,4,RIDER2627
2627,ORDER2628,2023-02-07,Failed,73,355.19,4,RIDER2628
2628,ORDER2629,2023-09-03,In Transit,12,433.22,1,RIDER2629
2629,ORDER2630,2023-07-26,Failed,28,149.4,4,RIDER2630
2630,ORDER2631,2023-09-29,In Transit,104,493.23,1,RIDER2631
2631,ORDER2632,2023-12-18,Failed,85,438.78,5,RIDER2632
2632,ORDER2633,2023-07-05,Delivered,110,332.23,2,RIDER2633
2633,ORDER2634,2023-10-17,Failed,99,306.7,1,RIDER2634
2634,ORDER2635,2023-11-08,Failed,111,306.7,1,RIDER2635
2635,ORDER2636,2023-09-21,Delivered,53,183.7,2,RIDER2636
2636,ORDER2637,2023-06-08,In Transit,79,213.69,2,RIDER2637
2637,ORDER2638,2023-05-29,Delivered,43,443.54,3,RIDER2638
2638,ORDER2639,2023-06-23,Delivered,82,105.86,5,RIDER2639
2639,ORDER2640,2023-03-17,Delivered,103,438.21,3,RIDER2640
2640,ORDER2641,2023-02-19,Failed,19,85.88,1,RIDER2641
2641,ORDER2642,2023-06-02,In Transit,34,285.53,4,RIDER2642
2642,ORDER2643,2023-04-17,Delivered,26,230.6,5,RIDER2643
2643,ORDER2644,2023-09-11,Failed,40,128.15,4,RIDER2644
2644,ORDER2645,2023-04-11,Delivered,50,365.0,3,RIDER2645
2645,ORDER2646,2023-03-02,In Transit,60,431.48,3,RIDER2646
2646,ORDER2647,2023-11-22,Failed,86,463.0,3,RIDER2647
2647,ORDER2648,2023-06-03,Failed,113,293.54,3,RIDER2648
2648,ORDER2649,2023-03-25,In Transit,119,337.48,3,RIDER2649
2649,ORDER2650,2023-01-02,Delivered,16,497.26,4,RIDER2650
2650,ORDER2651,2023-05-14,Failed,39,325.21,4,RIDER2651
2651,ORDER2652,2023-11-30,In Transit,34,70.72,3,RIDER2652
2652,ORDER2653,2023-07-14,Delivered,19,111.95,4,RIDER2653
2653,ORDER2654,2023-06-20,Failed,113,459.31,1,RIDER2654
2654,ORDER2655,2023-03-31,In Transit,118,420.33,3,RIDER2655
2655,ORDER2656,2023-05-20,Delivered,50,498.74,1,RIDER2656
2656,ORDER2657,2023-08-18,Failed,84,306.03,4,RIDER2657
2657,ORDER2658,2023-04-10,Failed,85,61.61,2,RIDER2658
2658,ORDER2659,2023-04-18,Delivered,69,454.71,1,RIDER2659
2659,ORDER2660,2023-04-17,In Transit,103,393.65,3,RIDER2660
2660,ORDER2661,2023-06-10,Failed,110,363.41,1,RIDER2661
2661,ORDER2662,2023-11-13,Failed,78,384.4,5,RIDER2662
2662,ORDER2663,2023-06-03,In Transit,50,349.49,5,RIDER2663
2663,ORDER2664,2023-12-12,In Transit,51,390.18,2,RIDER2664
2664,ORDER2665,2023-04-27,Failed,63,100.72,4,RIDER2665
2665,ORDER2666,2023-12-14,Failed,22,448.72,2,RIDER2666
2666,ORDER2667,2023-12-31,In Transit,80,399.73,5,RIDER2667
2667,ORDER2668,2023-04-17,Failed,112,168.58,5,RIDER2668
2668,ORDER2669,2023-09-25,Delivered,35,82.37,4,RIDER2669
2669,ORDER2670,2023-03-16,Delivered,17,86.4,5,RIDER2670
2670,ORDER2671,2023-05-01,In Transit,19,387.47,5,RIDER2671
2671,ORDER2672,2023-09-13,Delivered,91,257.6,4,RIDER2672
2672,ORDER2673,2023-05-07,Delivered,54,409.81,5,RIDER2673
2673,ORDER2674,2023-10-15,Delivered,91,448.2,4,RIDER2674
2674,ORDER2675,2023-06-24,In Transit,44,159.28,3,RIDER2675
2675,ORDER2676,2023-10-22,In Transit,52,205.5,1,RIDER2676
2676,ORDER2677,2023-07-01,Delivered,100,377.53,2,RIDER2677
2677,ORDER2678,2023-08-19,Failed,78,335.11,4,RIDER2678
2678,ORDER2679,2023-03-20,Failed,66,206.24,4,RIDER2679
2679,ORDER2680,2023-04-12,Delivered,77,154.27,1,RIDER2680
2680,ORDER2681,2023-09-04,In Transit,11,189.72,4,RIDER2681
2681,ORDER2682,2023-06-29,In Transit,75,186.0,3,RIDER2682
2682,ORDER2683,2023-04-24,Delivered,70,152.84,3,RIDER2683
2683,ORDER2684,2023-01-16,Delivered,76,487.47,4,RIDER2684
2684,ORDER2685,2023-05-05,In Transit,113,450.52,2,RIDER2685
2685,ORDER2686,2023-04-27,In Transit,102,306.04,2,RIDER2686
2686,ORDER2687,2023-06-24,Failed,103,270.44,2,RIDER2687
2687,ORDER2688,2023-10-23,In Transit,116,144.93,1,RIDER2688
2688,ORDER2689,2023-05-21,Delivered,25,217.47,3,RIDER2689
2689,ORDER2690,2023-03-26,Delivered,49,115.62,1,RIDER2690
2690,ORDER2691,2023-08-12,Failed,71,368.56,3,RIDER2691
2691,ORDER2692,2023-07-16,In Transit,51,219.19,4,RIDER2692
2692,ORDER2693,2023-04-29,In Transit,120,408.44,4,RIDER2693
2693,ORDER2694,2023-12-17,Failed,89,189.36,1,RIDER2694
2694,ORDER2695,2023-05-07,In Transit,52,345.06,2,RIDER2695
2695,ORDER2696,2023-01-14,Failed,52,434.21,1,RIDER2696
2696,ORDER2697,2023-02-09,Failed,89,237.19,1,RIDER2697
2697,ORDER2698,2023-12-10,Failed,87,97.13,3,RIDER2698
2698,ORDER2699,2023-10-28,Delivered,102,240.84,5,RIDER2699
2699,ORDER2700,2023-08-07,In Transit,114,201.45,5,RIDER2700
2700,ORDER2701,2023-10-04,In Transit,100,460.01,5,RIDER2701
2701,ORDER2702,2023-02-19,In Transit,107,463.28,4,RIDER2702
2702,ORDER2703,2023-02-25,Failed,55,352.97,1,RIDER2703
2703,ORDER2704,2023-08-20,In Transit,77,290.09,5,RIDER2704
2704,ORDER2705,2023-08-31,In Transit,37,257.43,2,RIDER2705
2705,ORDER2706,2023-09-17,In Transit,65,378.45,5,RIDER2706
2706,ORDER2707,2023-05-25,Delivered,100,104.66,5,RIDER2707
2707,ORDER2708,2023-08-20,In Transit,54,288.66,5,RIDER2708
2708,ORDER2709,2023-03-31,Failed,106,446.1,5,RIDER2709
2709,ORDER2710,2023-11-12,Delivered,97,238.03,1,RIDER2710
2710,ORDER2711,2023-04-25,Failed,55,122.6,4,RIDER2711
2711,ORDER2712,2023-12-30,Failed,14,127.68,1,RIDER2712
2712,ORDER2713,2023-08-07,Delivered,106,93.94,2,RIDER2713
2713,ORDER2714,2023-06-02,Delivered,27,64.37,1,RIDER2714
2714,ORDER2715,2023-10-05,Failed,87,91.96,5,RIDER2715
2715,ORDER2716,2023-01-06,Failed,23,260.49,5,RIDER2716
2716,ORDER2717,2023-06-09,Failed,37,316.48,3,RIDER2717
2717,ORDER2718,2023-11-02,In Transit,105,352.72,1,RIDER2718
2718,ORDER2719,2023-09-02,Failed,46,404.69,4,RIDER2719
2719,ORDER2720,2023-08-16,In Transit,24,344.32,4,RIDER2720
2720,ORDER2721,2023-04-13,In Transit,25,397.72,4,RIDER2721
2721,ORDER2722,2023-07-04,Delivered,53,477.67,2,RIDER2722
2722,ORDER2723,2023-09-29,Delivered,36,67.17,5,RIDER2723
2723,ORDER2724,2023-04-05,In Transit,46,363.84,2,RIDER2724
2724,ORDER2725,2023-10-15,In Transit,49,243.14,5,RIDER2725
2725,ORDER2726,2023-12-15,In Transit,116,146.88,2,RIDER2726
2726,ORDER2727,2023-12-05,Delivered,62,422.73,2,RIDER2727
2727,ORDER2728,2023-10-24,Delivered,99,254.96,5,RIDER2728
2728,ORDER2729,2023-07-03,Failed,89,265.89,2,RIDER2729
2729,ORDER2730,2023-02-22,Failed,75,309.18,5,RIDER2730
2730,ORDER2731,2023-01-20,Delivered,62,464.41,3,RIDER2731
2731,ORDER2732,2023-01-01,Delivered,108,494.01,4,RIDER2732
2732,ORDER2733,2023-06-17,In Transit,64,224.74,4,RIDER2733
2733,ORDER2734,2023-12-12,Failed,79,57.58,1,RIDER2734
2734,ORDER2735,2023-05-22,In Transit,18,285.6,1,RIDER2735
2735,ORDER2736,2023-10-17,Failed,51,344.55,3,RIDER2736
2736,ORDER2737,2023-03-11,In Transit,59,265.97,3,RIDER2737
2737,ORDER2738,2023-04-18,In Transit,84,74.68,4,RIDER2738
2738,ORDER2739,2023-04-13,Failed,116,366.05,4,RIDER2739
2739,ORDER2740,2023-10-09,In Transit,60,280.66,1,RIDER2740
2740,ORDER2741,2023-09-20,Delivered,31,365.67,1,RIDER2741
2741,ORDER2742,2023-11-23,In Transit,98,59.36,5,RIDER2742
2742,ORDER2743,2023-11-01,Failed,116,226.88,2,RIDER2743
2743,ORDER2744,2023-05-02,Failed,58,332.24,4,RIDER2744
2744,ORDER2745,2023-10-09,Failed,75,224.13,3,RIDER2745
2745,ORDER2746,2023-08-03,Failed,67,385.85,3,RIDER2746
2746,ORDER2747,2023-01-18,In Transit,53,225.19,4,RIDER2747
2747,ORDER2748,2023-04-17,Delivered,12,147.39,2,RIDER2748
2748,ORDER2749,2023-07-29,In Transit,103,96.0,5,RIDER2749
2749,ORDER2750,2023-02-04,Delivered,38,310.09,5,RIDER2750
2750,ORDER2751,2023-12-09,Delivered,81,353.69,3,RIDER2751
2751,ORDER2752,2023-01-29,In Transit,24,447.17,2,RIDER2752
2752,ORDER2753,2023-12-31,In Transit,18,364.2,4,RIDER2753
2753,ORDER2754,2023-03-14,Delivered,32,252.85,3,RIDER2754
2754,ORDER2755,2023-06-07,Delivered,120,177.82,4,RIDER2755
2755,ORDER2756,2023-08-13,Delivered,39,233.31,4,RIDER2756
2756,ORDER2757,2023-02-18,In Transit,109,439.95,2,RIDER2757
2757,ORDER2758,2023-09-28,Failed,21,104.21,1,RIDER2758
2758,ORDER2759,2023-05-23,Delivered,29,267.42,3,RIDER2759
2759,ORDER2760,2023-01-24,Failed,82,138.91,1,RIDER2760
2760,ORDER2761,2023-06-05,Failed,105,434.4,4,RIDER2761
2761,ORDER2762,2023-10-02,Delivered,52,409.93,2,RIDER2762
2762,ORDER2763,2023-07-30,Failed,33,150.17,4,RIDER2763
2763,ORDER2764,2023-10-13,Failed,36,207.88,3,RIDER2764
2764,ORDER2765,2023-06-21,Delivered,74,179.85,2,RIDER2765
2765,ORDER2766,2023-09-03,In Transit,92,136.08,3,RIDER2766
2766,ORDER2767,2023-01-02,Delivered,16,255.96,2,RIDER2767
2767,ORDER2768,2023-06-29,Failed,91,479.0,1,RIDER2768
2768,ORDER2769,2023-10-14,In Transit,106,195.1,2,RIDER2769
2769,ORDER2770,2023-05-13,In Transit,107,177.98,3,RIDER2770
2770,ORDER2771,2023-09-24,In Transit,92,59.16,5,RIDER2771
2771,ORDER2772,2023-12-15,Delivered,113,294.74,4,RIDER2772
2772,ORDER2773,2023-01-26,Delivered,113,346.04,4,RIDER2773
2773,ORDER2774,2023-08-23,In Transit,105,287.77,2,RIDER2774
2774,ORDER2775,2023-11-25,In Transit,83,364.73,5,RIDER2775
2775,ORDER2776,2023-11-14,In Transit,118,441.8,5,RIDER2776
2776,ORDER2777,2023-03-17,Failed,118,209.81,4,RIDER2777
2777,ORDER2778,2023-12-15,In Transit,113,337.32,4,RIDER2778
2778,ORDER2779,2023-04-18,In Transit,21,133.7,3,RIDER2779
2779,ORDER2780,2023-02-04,Failed,91,459.17,3,RIDER2780
2780,ORDER2781,2023-11-01,Failed,116,111.05,5,RIDER2781
2781,ORDER2782,2023-11-02,Failed,45,236.97,2,RIDER2782
2782,ORDER2783,2023-06-30,Failed,10,446.32,5,RIDER2783
2783,ORDER2784,2023-11-20,In Transit,85,101.83,5,RIDER2784
2784,ORDER2785,2023-02-08,In Transit,92,132.59,5,RIDER2785
2785,ORDER2786,2023-02-11,Failed,76,177.85,4,RIDER2786
2786,ORDER2787,2023-11-18,Failed,81,246.4,4,RIDER2787
2787,ORDER2788,2023-12-15,Failed,47,266.19,3,RIDER2788
2788,ORDER2789,2023-07-30,Delivered,81,316.36,2,RIDER2789
2789,ORDER2790,2023-01-07,Delivered,105,425.29,4,RIDER2790
2790,ORDER2791,2023-11-25,Delivered,44,113.92,1,RIDER2791
2791,ORDER2792,2023-09-27,Delivered,77,122.01,2,RIDER2792
2792,ORDER2793,2023-10-27,Failed,14,273.67,4,RIDER2793
2793,ORDER2794,2023-07-25,In Transit,96,291.24,1,RIDER2794
2794,ORDER2795,2023-09-11,In Transit,82,471.09,5,RIDER2795
2795,ORDER2796,2023-07-09,Failed,72,55.27,1,RIDER2796
2796,ORDER2797,2023-08-04,In Transit,45,120.1,4,RIDER2797
2797,ORDER2798,2023-06-11,Delivered,99,272.49,1,RIDER2798
2798,ORDER2799,2023-03-06,In Transit,30,379.13,4,RIDER2799
2799,ORDER2800,2023-03-12,In Transit,95,58.66,5,RIDER2800
2800,ORDER2801,2023-02-08,In Transit,53,71.32,2,RIDER2801
2801,ORDER2802,2023-11-30,In Transit,31,130.88,4,RIDER2802
2802,ORDER2803,2023-09-05,Failed,77,486.35,3,RIDER2803
2803,ORDER2804,2023-12-02,In Transit,59,481.66,2,RIDER2804
2804,ORDER2805,2023-11-16,Delivered,62,124.66,5,RIDER2805
2805,ORDER2806,2023-08-22,Failed,95,309.41,2,RIDER2806
2806,ORDER2807,2023-04-19,Failed,70,278.91,1,RIDER2807
2807,ORDER2808,2023-03-19,In Transit,112,143.74,2,RIDER2808
2808,ORDER2809,2023-04-16,Delivered,59,477.68,1,RIDER2809
2809,ORDER2810,2023-09-21,Failed,83,339.07,3,RIDER2810
2810,ORDER2811,2023-05-04,Delivered,96,94.68,4,RIDER2811
2811,ORDER2812,2023-07-06,Failed,69,446.65,3,RIDER2812
2812,ORDER2813,2023-08-28,In Transit,61,456.42,3,RIDER2813
2813,ORDER2814,2023-12-09,Failed,25,202.68,5,RIDER2814
2814,ORDER2815,2023-12-24,Delivered,59,455.52,1,RIDER2815
2815,ORDER2816,2023-10-16,In Transit,54,102.73,1,RIDER2816
2816,ORDER2817,2023-10-21,Failed,29,215.12,5,RIDER2817
2817,ORDER2818,2023-06-14,In Transit,43,438.66,5,RIDER2818
2818,ORDER2819,2023-04-10,Failed,27,495.31,2,RIDER2819
2819,ORDER2820,2023-03-04,Delivered,106,130.35,3,RIDER2820
2820,ORDER2821,2023-06-26,Delivered,57,219.59,3,RIDER2821
2821,ORDER2822,2023-09-06,In Transit,103,73.66,3,RIDER2822
2822,ORDER2823,2023-03-02,In Transit,31,163.05,3,RIDER2823
2823,ORDER2824,2023-12-17,Failed,51,157.92,4,RIDER2824
2824,ORDER2825,2023-06-13,In Transit,96,241.68,2,RIDER2825
2825,ORDER2826,2023-03-29,Failed,25,261.99,4,RIDER2826
2826,ORDER2827,2023-03-23,In Transit,64,272.72,1,RIDER2827
2827,ORDER2828,2023-05-06,In Transit,25,356.57,2,RIDER2828
2828,ORDER2829,2023-12-31,Failed,50,357.91,5,RIDER2829
2829,ORDER2830,2023-04-25,Delivered,27,484.8,2,RIDER2830
2830,ORDER2831,2023-07-26,Failed,114,476.87,2,RIDER2831
2831,ORDER2832,2023-04-06,In Transit,112,263.13,3,RIDER2832
2832,ORDER2833,2023-12-05,Delivered,102,329.74,1,RIDER2833
2833,ORDER2834,2023-03-01,In Transit,71,115.55,3,RIDER2834
2834,ORDER2835,2023-09-22,Delivered,61,136.19,3,RIDER2835
2835,ORDER2836,2023-04-19,Failed,102,211.78,1,RIDER2836
2836,ORDER2837,2023-02-02,In Transit,19,239.36,5,RIDER2837
2837,ORDER2838,2023-09-22,Failed,86,357.73,4,RIDER2838
2838,ORDER2839,2023-01-01,Failed,90,178.47,3,RIDER2839
2839,ORDER2840,2023-04-25,Delivered,108,358.49,1,RIDER2840
2840,ORDER2841,2023-12-28,Failed,68,97.06,1,RIDER2841
2841,ORDER2842,2023-11-15,Delivered,107,130.33,4,RIDER2842
2842,ORDER2843,2023-06-21,Failed,40,152.93,5,RIDER2843
2843,ORDER2844,2023-12-10,Failed,28,393.91,5,RIDER2844
2844,ORDER2845,2023-03-11,In Transit,90,273.2,5,RIDER2845
2845,ORDER2846,2023-08-12,Failed,54,273.12,2,RIDER2846
2846,ORDER2847,2023-04-02,Delivered,65,246.78,4,RIDER2847
2847,ORDER2848,2023-05-25,Delivered,61,181.53,2,RIDER2848
2848,ORDER2849,2023-05-26,In Transit,44,394.24,1,RIDER2849
2849,ORDER2850,2023-08-27,In Transit,97,373.35,3,RIDER2850
2850,ORDER2851,2023-04-14,Delivered,118,209.24,1,RIDER2851
2851,ORDER2852,2023-11-16,In Transit,119,421.53,1,RIDER2852
2852,ORDER2853,2023-11-02,Failed,62,353.81,2,RIDER2853
2853,ORDER2854,2023-06-09,Failed,26,365.49,3,RIDER2854
2854,ORDER2855,2023-02-09,Delivered,57,299.36,3,RIDER2855
2855,ORDER2856,2023-01-20,Delivered,59,278.8,3,RIDER2856
2856,ORDER2857,2023-06-13,Failed,111,75.49,2,RIDER2857
2857,ORDER2858,2023-06-25,Failed,102,119.29,3,RIDER2858
2858,ORDER2859,2023-09-25,Failed,21,499.26,5,RIDER2859
2859,ORDER2860,2023-10-23,In Transit,20,260.99,4,RIDER2860
2860,ORDER2861,2023-01-16,Failed,93,280.67,2,RIDER2861
2861,ORDER2862,2023-10-03,Delivered,25,453.83,1,RIDER2862
2862,ORDER2863,2023-01-13,Delivered,96,297.48,4,RIDER2863
2863,ORDER2864,2023-05-09,Delivered,87,256.63,5,RIDER2864
2864,ORDER2865,2023-07-25,Delivered,74,355.61,3,RIDER2865
2865,ORDER2866,2023-03-10,Failed,44,438.93,1,RIDER2866
2866,ORDER2867,2023-01-12,In Transit,18,195.21,4,RIDER2867
2867,ORDER2868,2023-10-04,In Transit,82,218.78,5,RIDER2868
2868,ORDER2869,2023-05-03,In Transit,27,179.85,2,RIDER2869
2869,ORDER2870,2023-08-10,Failed,64,149.03,1,RIDER2870
2870,ORDER2871,2023-03-05,Failed,96,403.29,3,RIDER2871
2871,ORDER2872,2023-10-01,Failed,52,101.89,1,RIDER2872
2872,ORDER2873,2023-06-04,In Transit,11,286.74,2,RIDER2873
2873,ORDER2874,2023-03-08,Failed,45,463.14,3,RIDER2874
2874,ORDER2875,2023-03-25,In Transit,39,68.0,2,RIDER2875
2875,ORDER2876,2023-11-13,Failed,117,236.42,4,RIDER2876
2876,ORDER2877,2023-05-26,Failed,55,184.11,4,RIDER2877
2877,ORDER2878,2023-11-10,Delivered,68,420.09,1,RIDER2878
2878,ORDER2879,2023-12-19,In Transit,119,53.8,3,RIDER2879
2879,ORDER2880,2023-07-17,In Transit,93,494.2,3,RIDER2880
2880,ORDER2881,2023-04-16,Failed,71,452.38,2,RIDER2881
2881,ORDER2882,2023-11-25,Failed,54,376.39,2,RIDER2882
2882,ORDER2883,2023-10-24,Failed,65,79.9,3,RIDER2883
2883,ORDER2884,2023-01-28,In Transit,94,249.23,3,RIDER2884
2884,ORDER2885,2023-11-10,Delivered,68,411.21,1,RIDER2885
2885,ORDER2886,2023-06-27,Failed,70,461.51,1,RIDER2886
2886,ORDER2887,2023-07-04,Failed,83,499.0,2,RIDER2887
2887,ORDER2888,2023-10-19,Delivered,64,304.33,2,RIDER2888
2888,ORDER2889,2023-01-26,In Transit,15,106.98,1,RIDER2889
2889,ORDER2890,2023-09-13,In Transit,114,395.85,4,RIDER2890
2890,ORDER2891,2023-05-25,Delivered,13,87.26,1,RIDER2891
2891,ORDER2892,2023-05-29,Failed,70,118.51,5,RIDER2892
2892,ORDER2893,2023-06-25,Failed,32,435.42,4,RIDER2893
2893,ORDER2894,2023-01-01,Failed,64,82.02,1,RIDER2894
2894,ORDER2895,2023-10-20,Delivered,99,294.27,3,RIDER2895
2895,ORDER2896,2023-06-06,Delivered,45,128.69,1,RIDER2896
2896,ORDER2897,2023-05-04,Failed,91,150.66,2,RIDER2897
2897,ORDER2898,2023-03-08,In Transit,66,145.65,4,RIDER2898
2898,ORDER2899,2023-10-30,Delivered,98,495.82,4,RIDER2899
2899,ORDER2900,2023-09-07,Failed,40,245.99,2,RIDER2900
2900,ORDER2901,2023-05-08,Failed,23,110.18,5,RIDER2901
2901,ORDER2902,2023-06-10,Delivered,22,175.25,1,RIDER2902
2902,ORDER2903,2023-04-06,Delivered,19,266.51,4,RIDER2903
2903,ORDER2904,2023-02-19,Delivered,80,398.78,3,RIDER2904
2904,ORDER2905,2023-05-13,Failed,40,495.97,5,RIDER2905
2905,ORDER2906,2023-03-16,Failed,44,280.32,3,RIDER2906
2906,ORDER2907,2023-03-15,Failed,42,186.27,2,RIDER2907
2907,ORDER2908,2023-05-25,In Transit,77,73.47,2,RIDER2908
2908,ORDER2909,2023-09-18,Failed,115,51.48,2,RIDER2909
2909,ORDER2910,2023-12-13,Delivered,64,87.77,4,RIDER2910
2910,ORDER2911,2023-01-21,In Transit,18,345.39,4,RIDER2911
2911,ORDER2912,2023-05-12,In Transit,92,117.82,2,RIDER2912
2912,ORDER2913,2023-02-13,Failed,101,123.0,1,RIDER2913
2913,ORDER2914,2023-06-18,Failed,56,360.82,5,RIDER2914
2914,ORDER2915,2023-08-22,In Transit,85,425.97,3,RIDER2915
2915,ORDER2916,2023-04-15,Failed,16,193.37,1,RIDER2916
2916,ORDER2917,2023-06-03,Delivered,29,265.54,5,RIDER2917
2917,ORDER2918,2023-12-12,Failed,38,438.89,2,RIDER2918
2918,ORDER2919,2023-01-23,Delivered,93,376.68,2,RIDER2919
2919,ORDER2920,2023-03-30,Delivered,43,187.88,4,RIDER2920
2920,ORDER2921,2023-02-23,Delivered,113,382.14,4,RIDER2921
2921,ORDER2922,2023-09-21,Failed,45,393.27,1,RIDER2922
2922,ORDER2923,2023-01-17,Delivered,37,319.85,2,RIDER2923
2923,ORDER2924,2023-01-08,Failed,102,458.95,5,RIDER2924
2924,ORDER2925,2023-09-15,Delivered,21,133.54,3,RIDER2925
2925,ORDER2926,2023-12-20,Delivered,13,173.72,5,RIDER2926
2926,ORDER2927,2023-04-10,In Transit,45,409.9,3,RIDER2927
2927,ORDER2928,2023-05-22,In Transit,11,133.86,2,RIDER2928
2928,ORDER2929,2023-06-09,Delivered,34,206.89,3,RIDER2929
2929,ORDER2930,2023-07-09,Delivered,82,422.19,3,RIDER2930
2930,ORDER2931,2023-03-21,In Transit,46,150.75,2,RIDER2931
2931,ORDER2932,2023-07-01,Failed,56,150.78,4,RIDER2932
2932,ORDER2933,2023-08-23,Delivered,57,217.64,3,RIDER2933
2933,ORDER2934,2023-01-15,Failed,15,304.59,4,RIDER2934
2934,ORDER2935,2023-03-26,Failed,39,481.93,5,RIDER2935
2935,ORDER2936,2023-09-06,Delivered,18,77.4,3,RIDER2936
2936,ORDER2937,2023-07-06,In Transit,91,213.29,3,RIDER2937
2937,ORDER2938,2023-04-26,Failed,20,180.21,5,RIDER2938
2938,ORDER2939,2023-06-12,Failed,38,94.5,1,RIDER2939
2939,ORDER2940,2023-07-12,In Transit,109,292.4,2,RIDER2940
2940,ORDER2941,2023-12-19,Failed,113,108.14,2,RIDER2941
2941,ORDER2942,2023-12-03,Delivered,113,50.08,3,RIDER2942
2942,ORDER2943,2023-10-01,Delivered,49,74.95,2,RIDER2943
2943,ORDER2944,2023-09-25,In Transit,49,376.65,5,RIDER2944
2944,ORDER2945,2023-09-06,In Transit,106,195.12,4,RIDER2945
2945,ORDER2946,2023-02-25,Delivered,22,314.06,4,RIDER2946
2946,ORDER2947,2023-01-10,In Transit,100,350.21,4,RIDER2947
2947,ORDER2948,2023-09-08,In Transit,73,340.78,3,RIDER2948
2948,ORDER2949,2023-05-22,In Transit,95,177.22,3,RIDER2949
2949,ORDER2950,2023-03-17,Delivered,65,267.82,5,RIDER2950
2950,ORDER2951,2023-03-03,In Transit,67,307.43,4,RIDER2951
2951,ORDER2952,2023-06-18,In Transit,35,266.87,5,RIDER2952
2952,ORDER2953,2023-10-04,Failed,35,106.25,4,RIDER2953
2953,ORDER2954,2023-04-13,Failed,44,97.18,1,RIDER2954
2954,ORDER2955,2023-07-21,Delivered,37,464.68,5,RIDER2955
2955,ORDER2956,2023-04-29,Delivered,88,368.47,2,RIDER2956
2956,ORDER2957,2023-09-29,Delivered,82,363.36,4,RIDER2957
2957,ORDER2958,2023-01-22,Delivered,22,106.69,3,RIDER2958
2958,ORDER2959,2023-06-02,In Transit,17,149.24,1,RIDER2959
2959,ORDER2960,2023-11-01,In Transit,81,470.5,3,RIDER2960
2960,ORDER2961,2023-01-17,Delivered,73,377.26,1,RIDER2961
2961,ORDER2962,2023-09-14,Failed,77,69.77,3,RIDER2962
2962,ORDER2963,2023-11-03,Delivered,120,308.49,4,RIDER2963
2963,ORDER2964,2023-12-12,Delivered,25,408.55,1,RIDER2964
2964,ORDER2965,2023-03-27,Failed,14,396.38,2,RIDER2965
2965,ORDER2966,2023-12-28,Failed,11,348.77,3,RIDER2966
2966,ORDER2967,2023-01-03,Failed,62,216.98,4,RIDER2967
2967,ORDER2968,2023-12-26,In Transit,94,377.53,3,RIDER2968
2968,ORDER2969,2023-10-07,Failed,72,460.56,2,RIDER2969
2969,ORDER2970,2023-10-13,Failed,69,413.94,3,RIDER2970
2970,ORDER2971,2023-07-06,Failed,65,373.98,4,RIDER2971
2971,ORDER2972,2023-01-02,Failed,100,420.89,4,RIDER2972
2972,ORDER2973,2023-11-23,Delivered,71,277.64,2,RIDER2973
2973,ORDER2974,2023-03-10,Failed,106,357.26,1,RIDER2974
2974,ORDER2975,2023-04-30,In Transit,69,162.53,3,RIDER2975
2975,ORDER2976,2023-10-05,Failed,87,237.9,5,RIDER2976
2976,ORDER2977,2023-07-02,In Transit,31,217.11,4,RIDER2977
2977,ORDER2978,2023-10-10,Failed,20,499.79,4,RIDER2978
2978,ORDER2979,2023-04-03,In Transit,59,486.33,3,RIDER2979
2979,ORDER2980,2023-12-12,Delivered,79,405.33,4,RIDER2980
2980,ORDER2981,2023-09-22,Failed,35,203.46,2,RIDER2981
2981,ORDER2982,2023-10-23,In Transit,107,157.86,3,RIDER2982
2982,ORDER2983,2023-10-02,Delivered,23,248.41,4,RIDER2983
2983,ORDER2984,2023-09-06,In Transit,33,251.81,4,RIDER2984
2984,ORDER2985,2023-06-30,Failed,55,367.76,2,RIDER2985
2985,ORDER2986,2023-03-28,Failed,33,313.07,1,RIDER2986
2986,ORDER2987,2023-03-05,Delivered,60,189.16,1,RIDER2987
2987,ORDER2988,2023-02-28,Delivered,59,115.5,5,RIDER2988
2988,ORDER2989,2023-11-01,Delivered,86,380.6,5,RIDER2989
2989,ORDER2990,2023-10-11,Delivered,116,290.49,3,RIDER2990
2990,ORDER2991,2023-08-29,In Transit,17,205.15,5,RIDER2991
2991,ORDER2992,2023-10-19,Delivered,53,337.52,5,RIDER2992
2992,ORDER2993,2023-10-06,Delivered,98,484.11,1,RIDER2993
2993,ORDER2994,2023-11-22,Failed,52,461.74,1,RIDER2994
2994,ORDER2995,2023-06-09,In Transit,31,419.12,2,RIDER2995
2995,ORDER2996,2023-03-07,Failed,74,443.93,4,RIDER2996
2996,ORDER2997,2023-06-22,Delivered,112,92.22,3,RIDER2997
2997,ORDER2998,2023-02-06,In Transit,24,231.29,3,RIDER2998
2998,ORDER2999,2023-01-07,Delivered,114,244.29,1,RIDER2999
2999,ORDER3000,2023-09-18,In Transit,70,94.61,4,RIDER3000
3000,ORDER3001,2023-05-13,Delivered,16,404.65,1,RIDER3001
3001,ORDER3002,2023-02-13,Failed,16,409.91,4,RIDER3002
3002,ORDER3003,2023-08-08,In Transit,86,142.23,1,RIDER3003
3003,ORDER3004,2023-07-11,In Transit,66,436.28,1,RIDER3004
3004,ORDER3005,2023-03-09,Failed,93,237.83,3,RIDER3005
3005,ORDER3006,2023-07-12,Failed,75,304.38,3,RIDER3006
3006,ORDER3007,2023-07-26,Delivered,75,420.78,4,RIDER3007
3007,ORDER3008,2023-01-21,Delivered,117,224.36,3,RIDER3008
3008,ORDER3009,2023-05-29,Delivered,47,321.72,1,RIDER3009
3009,ORDER3010,2023-11-19,Failed,94,441.65,2,RIDER3010
3010,ORDER3011,2023-10-30,Delivered,85,414.82,3,RIDER3011
3011,ORDER3012,2023-06-27,Delivered,81,470.46,2,RIDER3012
3012,ORDER3013,2023-09-23,In Transit,53,103.49,4,RIDER3013
3013,ORDER3014,2023-07-20,Failed,96,408.68,5,RIDER3014
3014,ORDER3015,2023-07-01,Failed,50,280.86,5,RIDER3015
3015,ORDER3016,2023-04-21,In Transit,26,276.25,2,RIDER3016
3016,ORDER3017,2023-06-23,In Transit,72,139.63,4,RIDER3017
3017,ORDER3018,2023-10-24,Failed,74,61.48,2,RIDER3018
3018,ORDER3019,2023-09-09,Failed,10,142.61,5,RIDER3019
3019,ORDER3020,2023-03-18,Failed,67,387.39,5,RIDER3020
3020,ORDER3021,2023-08-27,In Transit,103,75.81,4,RIDER3021
3021,ORDER3022,2023-07-16,Failed,76,493.87,5,RIDER3022
3022,ORDER3023,2023-05-21,In Transit,47,158.1,2,RIDER3023
3023,ORDER3024,2023-08-25,In Transit,76,214.22,2,RIDER3024
3024,ORDER3025,2023-05-11,Failed,97,186.93,3,RIDER3025
3025,ORDER3026,2023-08-09,Delivered,24,318.08,5,RIDER3026
3026,ORDER3027,2023-01-29,In Transit,18,293.74,4,RIDER3027
3027,ORDER3028,2023-04-24,Failed,106,195.39,3,RIDER3028
3028,ORDER3029,2023-07-22,Failed,84,131.3,4,RIDER3029
3029,ORDER3030,2023-12-22,Delivered,75,249.65,5,RIDER3030
3030,ORDER3031,2023-05-12,Delivered,76,358.68,5,RIDER3031
3031,ORDER3032,2023-01-30,Failed,35,62.5,2,RIDER3032
3032,ORDER3033,2023-04-08,In Transit,25,244.57,3,RIDER3033
3033,ORDER3034,2023-09-25,Failed,39,290.76,4,RIDER3034
3034,ORDER3035,2023-05-11,In Transit,21,451.61,5,RIDER3035
3035,ORDER3036,2023-09-22,Delivered,83,194.02,3,RIDER3036
3036,ORDER3037,2023-07-26,Delivered,39,373.39,2,RIDER3037
3037,ORDER3038,2023-06-22,In Transit,54,380.24,1,RIDER3038
3038,ORDER3039,2023-02-02,Failed,108,243.4,1,RIDER3039
3039,ORDER3040,2023-07-06,In Transit,23,94.82,3,RIDER3040
3040,ORDER3041,2023-12-14,Failed,118,96.08,3,RIDER3041
3041,ORDER3042,2023-06-15,Delivered,21,220.45,2,RIDER3042
3042,ORDER3043,2023-12-12,Delivered,12,146.95,2,RIDER3043
3043,ORDER3044,2023-03-03,In Transit,78,323.54,1,RIDER3044
3044,ORDER3045,2023-01-24,Failed,104,450.56,2,RIDER3045
3045,ORDER3046,2023-08-30,In Transit,18,264.69,1,RIDER3046
3046,ORDER3047,2023-03-07,Delivered,56,292.28,5,RIDER3047
3047,ORDER3048,2023-04-23,Delivered,104,429.98,1,RIDER3048
3048,ORDER3049,2023-05-27,Failed,65,315.49,4,RIDER3049
3049,ORDER3050,2023-03-28,Failed,18,327.98,1,RIDER3050
3050,ORDER3051,2023-01-11,Failed,103,354.38,2,RIDER3051
3051,ORDER3052,2023-04-19,Failed,19,86.85,4,RIDER3052
3052,ORDER3053,2023-11-14,Delivered,104,95.79,4,RIDER3053
3053,ORDER3054,2023-03-17,Delivered,72,286.22,3,RIDER3054
3054,ORDER3055,2023-03-21,Delivered,118,222.14,1,RIDER3055
3055,ORDER3056,2023-10-22,Delivered,48,169.37,3,RIDER3056
3056,ORDER3057,2023-08-30,Failed,98,137.35,1,RIDER3057
3057,ORDER3058,2023-10-29,Delivered,46,268.98,3,RIDER3058
3058,ORDER3059,2023-03-11,Delivered,95,258.79,1,RIDER3059
3059,ORDER3060,2023-08-25,Failed,110,249.28,4,RIDER3060
3060,ORDER3061,2023-05-19,In Transit,32,181.09,4,RIDER3061
3061,ORDER3062,2023-06-25,Delivered,49,400.86,3,RIDER3062
3062,ORDER3063,2023-12-29,In Transit,65,260.96,5,RIDER3063
3063,ORDER3064,2023-12-03,Failed,93,428.35,5,RIDER3064
3064,ORDER3065,2023-02-17,Failed,19,166.24,4,RIDER3065
3065,ORDER3066,2023-02-27,Delivered,71,128.95,2,RIDER3066
3066,ORDER3067,2023-11-20,Failed,65,96.61,1,RIDER3067
3067,ORDER3068,2023-03-13,Delivered,119,293.91,1,RIDER3068
3068,ORDER3069,2023-03-24,Delivered,115,499.49,3,RIDER3069
3069,ORDER3070,2023-12-09,In Transit,43,389.51,4,RIDER3070
3070,ORDER3071,2023-07-13,Failed,36,127.39,4,RIDER3071
3071,ORDER3072,2023-02-17,Failed,21,64.31,4,RIDER3072
3072,ORDER3073,2023-11-10,In Transit,84,346.37,1,RIDER3073
3073,ORDER3074,2023-12-19,Delivered,26,84.44,4,RIDER3074
3074,ORDER3075,2023-05-05,Failed,107,424.82,2,RIDER3075
3075,ORDER3076,2023-12-06,Failed,19,172.08,2,RIDER3076
3076,ORDER3077,2023-11-11,In Transit,83,69.98,1,RIDER3077
3077,ORDER3078,2023-11-14,Delivered,22,292.61,5,RIDER3078
3078,ORDER3079,2023-08-07,Failed,108,279.06,4,RIDER3079
3079,ORDER3080,2023-12-19,In Transit,60,380.78,5,RIDER3080
3080,ORDER3081,2023-11-20,Failed,14,260.27,5,RIDER3081
3081,ORDER3082,2023-07-09,Delivered,93,86.31,5,RIDER3082
3082,ORDER3083,2023-09-30,Delivered,58,192.78,1,RIDER3083
3083,ORDER3084,2023-01-29,Failed,97,456.98,1,RIDER3084
3084,ORDER3085,2023-05-05,Failed,55,437.52,5,RIDER3085
3085,ORDER3086,2023-09-26,In Transit,75,317.86,2,RIDER3086
3086,ORDER3087,2023-08-02,In Transit,95,302.44,1,RIDER3087
3087,ORDER3088,2023-11-15,Delivered,53,373.29,4,RIDER3088
3088,ORDER3089,2023-12-25,In Transit,37,80.12,1,RIDER3089
3089,ORDER3090,2023-03-05,Failed,24,357.2,4,RIDER3090
3090,ORDER3091,2023-01-09,Delivered,82,328.41,3,RIDER3091
3091,ORDER3092,2023-06-15,Failed,75,155.13,3,RIDER3092
3092,ORDER3093,2023-08-21,Failed,45,127.27,5,RIDER3093
3093,ORDER3094,2023-10-15,In Transit,37,324.75,5,RIDER3094
3094,ORDER3095,2023-04-29,In Transit,108,295.59,2,RIDER3095
3095,ORDER3096,2023-12-17,In Transit,90,241.11,3,RIDER3096
3096,ORDER3097,2023-06-12,In Transit,12,229.0,4,RIDER3097
3097,ORDER3098,2023-03-22,Delivered,116,460.32,5,RIDER3098
3098,ORDER3099,2023-02-12,Delivered,98,383.68,5,RIDER3099
3099,ORDER3100,2023-08-24,Delivered,36,210.98,3,RIDER3100
3100,ORDER3101,2023-05-21,Delivered,107,382.51,1,RIDER3101
3101,ORDER3102,2023-08-30,Failed,106,90.94,2,RIDER3102
3102,ORDER3103,2023-05-29,Delivered,77,88.91,3,RIDER3103
3103,ORDER3104,2023-11-13,Failed,66,59.19,4,RIDER3104
3104,ORDER3105,2023-05-27,Delivered,36,178.81,5,RIDER3105
3105,ORDER3106,2023-05-26,Delivered,119,461.61,3,RIDER3106
3106,ORDER3107,2023-09-26,Delivered,108,369.31,3,RIDER3107
3107,ORDER3108,2023-02-07,Failed,87,313.34,5,RIDER3108
3108,ORDER3109,2023-02-16,In Transit,11,485.51,4,RIDER3109
3109,ORDER3110,2023-03-31,In Transit,97,232.82,5,RIDER3110
3110,ORDER3111,2023-03-27,Delivered,83,423.82,5,RIDER3111
3111,ORDER3112,2023-12-05,Failed,10,294.84,1,RIDER3112
3112,ORDER3113,2023-02-09,In Transit,56,390.37,1,RIDER3113
3113,ORDER3114,2023-10-06,Delivered,28,60.41,3,RIDER3114
3114,ORDER3115,2023-08-29,In Transit,60,479.24,5,RIDER3115
3115,ORDER3116,2023-04-02,Failed,110,187.87,5,RIDER3116
3116,ORDER3117,2023-08-04,Failed,27,450.31,3,RIDER3117
3117,ORDER3118,2023-11-03,In Transit,105,61.63,5,RIDER3118
3118,ORDER3119,2023-05-29,Delivered,47,402.4,5,RIDER3119
3119,ORDER3120,2023-12-06,Delivered,21,232.6,4,RIDER3120
3120,ORDER3121,2023-04-07,Delivered,29,333.71,5,RIDER3121
3121,ORDER3122,2023-03-10,In Transit,64,110.63,5,RIDER3122
3122,ORDER3123,2023-08-02,Failed,66,110.05,3,RIDER3123
3123,ORDER3124,2023-09-01,Failed,100,461.38,2,RIDER3124
3124,ORDER3125,2023-07-15,In Transit,75,79.46,2,RIDER3125
3125,ORDER3126,2023-09-08,Failed,36,153.45,1,RIDER3126
3126,ORDER3127,2023-06-21,Delivered,67,444.03,1,RIDER3127
3127,ORDER3128,2023-04-23,Failed,65,472.02,5,RIDER3128
3128,ORDER3129,2023-01-28,Delivered,10,410.35,3,RIDER3129
3129,ORDER3130,2023-11-21,Failed,90,281.98,5,RIDER3130
3130,ORDER3131,2023-01-12,Delivered,77,118.98,3,RIDER3131
3131,ORDER3132,2023-04-05,In Transit,119,61.66,4,RIDER3132
3132,ORDER3133,2023-07-11,Delivered,27,418.18,2,RIDER3133
3133,ORDER3134,2023-01-04,Delivered,110,329.53,2,RIDER3134
3134,ORDER3135,2023-12-15,Failed,99,439.01,2,RIDER3135
3135,ORDER3136,2023-07-17,In Transit,26,395.64,2,RIDER3136
3136,ORDER3137,2023-05-05,In Transit,113,124.57,2,RIDER3137
3137,ORDER3138,2023-03-27,In Transit,86,210.52,1,RIDER3138
3138,ORDER3139,2023-08-22,In Transit,38,96.39,4,RIDER3139
3139,ORDER3140,2023-11-03,Delivered,42,366.24,3,RIDER3140
3140,ORDER3141,2023-12-03,In Transit,110,95.01,3,RIDER3141
3141,ORDER3142,2023-12-01,Delivered,62,104.5,1,RIDER3142
3142,ORDER3143,2023-08-23,Delivered,76,56.19,5,RIDER3143
3143,ORDER3144,2023-05-12,Delivered,16,311.19,3,RIDER3144
3144,ORDER3145,2023-09-22,In Transit,38,181.03,5,RIDER3145
3145,ORDER3146,2023-03-16,Failed,74,52.24,3,RIDER3146
3146,ORDER3147,2023-10-14,In Transit,104,448.61,4,RIDER3147
3147,ORDER3148,2023-03-16,Delivered,48,491.19,1,RIDER3148
3148,ORDER3149,2023-02-28,Delivered,74,486.23,3,RIDER3149
3149,ORDER3150,2023-11-03,In Transit,62,178.17,4,RIDER3150
3150,ORDER3151,2023-01-24,In Transit,32,422.39,4,RIDER3151
3151,ORDER3152,2023-10-03,In Transit,67,311.62,3,RIDER3152
3152,ORDER3153,2023-01-24,Delivered,94,266.83,2,RIDER3153
3153,ORDER3154,2023-01-16,Delivered,12,148.63,2,RIDER3154
3154,ORDER3155,2023-07-20,Delivered,97,438.02,3,RIDER3155
3155,ORDER3156,2023-01-25,In Transit,114,400.13,3,RIDER3156
3156,ORDER3157,2023-11-26,Failed,84,303.44,1,RIDER3157
3157,ORDER3158,2023-05-28,In Transit,111,122.26,4,RIDER3158
3158,ORDER3159,2023-02-20,In Transit,49,117.92,5,RIDER3159
3159,ORDER3160,2023-08-22,In Transit,97,74.22,3,RIDER3160
3160,ORDER3161,2023-05-06,In Transit,112,376.11,5,RIDER3161
3161,ORDER3162,2023-04-08,Delivered,57,186.6,5,RIDER3162
3162,ORDER3163,2023-07-02,In Transit,64,298.97,4,RIDER3163
3163,ORDER3164,2023-12-18,Delivered,12,347.86,4,RIDER3164
3164,ORDER3165,2023-07-31,In Transit,86,132.8,4,RIDER3165
3165,ORDER3166,2023-03-12,In Transit,108,473.39,4,RIDER3166
3166,ORDER3167,2023-02-28,In Transit,41,127.09,1,RIDER3167
3167,ORDER3168,2023-12-16,In Transit,47,238.49,3,RIDER3168
3168,ORDER3169,2023-07-20,Delivered,59,274.55,3,RIDER3169
3169,ORDER3170,2023-02-27,Delivered,39,401.6,1,RIDER3170
3170,ORDER3171,2023-07-27,Failed,106,267.42,1,RIDER3171
3171,ORDER3172,2023-04-29,Delivered,41,278.53,2,RIDER3172
3172,ORDER3173,2023-05-14,Delivered,105,242.32,1,RIDER3173
3173,ORDER3174,2023-01-01,Delivered,91,474.97,2,RIDER3174
3174,ORDER3175,2023-12-18,In Transit,55,60.45,3,RIDER3175
3175,ORDER3176,2023-08-21,Failed,64,143.88,2,RIDER3176
3176,ORDER3177,2023-10-02,Failed,67,173.41,2,RIDER3177
3177,ORDER3178,2023-02-28,In Transit,40,472.69,5,RIDER3178
3178,ORDER3179,2023-04-11,In Transit,60,231.04,5,RIDER3179
3179,ORDER3180,2023-02-27,In Transit,62,123.74,5,RIDER3180
3180,ORDER3181,2023-10-23,In Transit,86,70.07,2,RIDER3181
3181,ORDER3182,2023-03-18,Failed,36,97.9,5,RIDER3182
3182,ORDER3183,2023-04-26,Failed,20,187.15,2,RIDER3183
3183,ORDER3184,2023-05-29,Delivered,77,406.51,2,RIDER3184
3184,ORDER3185,2023-05-09,Delivered,62,477.2,3,RIDER3185
3185,ORDER3186,2023-12-01,Failed,51,353.9,5,RIDER3186
3186,ORDER3187,2023-09-14,In Transit,32,353.56,5,RIDER3187
3187,ORDER3188,2023-04-20,Delivered,48,275.58,4,RIDER3188
3188,ORDER3189,2023-08-01,Failed,64,260.65,3,RIDER3189
3189,ORDER3190,2023-05-22,In Transit,82,476.01,1,RIDER3190
3190,ORDER3191,2023-10-24,Failed,77,160.15,2,RIDER3191
3191,ORDER3192,2023-03-15,In Transit,100,130.0,3,RIDER3192
3192,ORDER3193,2023-12-28,Delivered,102,389.46,4,RIDER3193
3193,ORDER3194,2023-11-02,Delivered,26,93.11,3,RIDER3194
3194,ORDER3195,2023-10-12,Failed,23,282.01,3,RIDER3195
3195,ORDER3196,2023-07-20,Delivered,71,140.48,2,RIDER3196
3196,ORDER3197,2023-01-06,Delivered,41,319.69,5,RIDER3197
3197,ORDER3198,2023-07-31,In Transit,10,363.13,1,RIDER3198
3198,ORDER3199,2023-09-02,Failed,54,396.29,5,RIDER3199
3199,ORDER3200,2023-01-29,Failed,69,175.16,2,RIDER3200
3200,ORDER3201,2023-10-20,Delivered,89,262.89,5,RIDER3201
3201,ORDER3202,2023-07-10,Delivered,51,449.72,2,RIDER3202
3202,ORDER3203,2023-12-15,In Transit,96,376.95,5,RIDER3203
3203,ORDER3204,2023-11-27,Failed,100,477.23,5,RIDER3204
3204,ORDER3205,2023-08-28,Failed,10,141.42,5,RIDER3205
3205,ORDER3206,2023-01-25,Delivered,116,246.48,2,RIDER3206
3206,ORDER3207,2023-05-14,In Transit,89,463.73,4,RIDER3207
3207,ORDER3208,2023-09-08,Failed,42,476.64,2,RIDER3208
3208,ORDER3209,2023-11-13,Failed,114,106.31,4,RIDER3209
3209,ORDER3210,2023-07-28,Delivered,89,90.72,5,RIDER3210
3210,ORDER3211,2023-12-16,In Transit,16,433.29,5,RIDER3211
3211,ORDER3212,2023-07-17,Delivered,50,112.52,1,RIDER3212
3212,ORDER3213,2023-06-25,Delivered,31,227.32,3,RIDER3213
3213,ORDER3214,2023-08-16,In Transit,46,286.22,5,RIDER3214
3214,ORDER3215,2023-04-07,Failed,65,317.59,2,RIDER3215
3215,ORDER3216,2023-07-27,In Transit,73,295.07,1,RIDER3216
3216,ORDER3217,2023-01-14,Delivered,50,124.65,1,RIDER3217
3217,ORDER3218,2023-07-18,Failed,10,340.88,1,RIDER3218
3218,ORDER3219,2023-03-21,In Transit,116,66.72,4,RIDER3219
3219,ORDER3220,2023-01-21,Delivered,20,227.81,5,RIDER3220
3220,ORDER3221,2023-09-03,Delivered,93,334.77,3,RIDER3221
3221,ORDER3222,2023-04-19,Delivered,13,305.34,2,RIDER3222
3222,ORDER3223,2023-06-23,In Transit,43,153.45,1,RIDER3223
3223,ORDER3224,2023-01-08,Failed,29,158.91,2,RIDER3224
3224,ORDER3225,2023-12-12,In Transit,26,185.2,3,RIDER3225
3225,ORDER3226,2023-12-06,In Transit,33,74.48,3,RIDER3226
3226,ORDER3227,2023-05-14,Delivered,66,371.34,1,RIDER3227
3227,ORDER3228,2023-12-12,Failed,18,217.85,4,RIDER3228
3228,ORDER3229,2023-06-02,In Transit,89,249.65,4,RIDER3229
3229,ORDER3230,2023-03-06,In Transit,47,125.35,1,RIDER3230
3230,ORDER3231,2023-08-13,Failed,56,165.49,4,RIDER3231
3231,ORDER3232,2023-01-01,In Transit,52,153.46,5,RIDER3232
3232,ORDER3233,2023-02-26,Failed,12,94.12,2,RIDER3233
3233,ORDER3234,2023-11-01,Delivered,98,364.01,4,RIDER3234
3234,ORDER3235,2023-10-16,Failed,58,117.22,4,RIDER3235
3235,ORDER3236,2023-12-29,In Transit,23,483.03,3,RIDER3236
3236,ORDER3237,2023-12-01,Failed,58,131.64,4,RIDER3237
3237,ORDER3238,2023-03-30,In Transit,106,354.5,3,RIDER3238
3238,ORDER3239,2023-08-04,Failed,114,300.98,1,RIDER3239
3239,ORDER3240,2023-06-11,Delivered,100,106.52,5,RIDER3240
3240,ORDER3241,2023-05-18,Delivered,89,437.71,2,RIDER3241
3241,ORDER3242,2023-06-15,Failed,46,467.08,1,RIDER3242
3242,ORDER3243,2023-11-23,In Transit,75,468.34,5,RIDER3243
3243,ORDER3244,2023-08-18,Delivered,59,208.25,4,RIDER3244
3244,ORDER3245,2023-04-24,Delivered,51,59.26,4,RIDER3245
3245,ORDER3246,2023-04-21,Failed,47,427.1,2,RIDER3246
3246,ORDER3247,2023-06-21,Delivered,97,407.7,4,RIDER3247
3247,ORDER3248,2023-07-03,Failed,105,127.79,3,RIDER3248
3248,ORDER3249,2023-05-25,Failed,42,77.87,2,RIDER3249
3249,ORDER3250,2023-02-21,Failed,30,311.56,4,RIDER3250
3250,ORDER3251,2023-02-04,In Transit,69,296.33,5,RIDER3251
3251,ORDER3252,2023-06-05,In Transit,77,258.81,4,RIDER3252
3252,ORDER3253,2023-12-23,Failed,59,61.5,3,RIDER3253
3253,ORDER3254,2023-04-20,In Transit,15,185.56,4,RIDER3254
3254,ORDER3255,2023-10-21,Failed,70,158.86,2,RIDER3255
3255,ORDER3256,2023-08-24,Delivered,68,279.83,2,RIDER3256
3256,ORDER3257,2023-06-26,Delivered,69,104.19,5,RIDER3257
3257,ORDER3258,2023-05-24,Delivered,105,83.7,2,RIDER3258
3258,ORDER3259,2023-05-25,Delivered,35,145.18,1,RIDER3259
3259,ORDER3260,2023-09-13,In Transit,40,323.74,3,RIDER3260
3260,ORDER3261,2023-11-27,In Transit,87,297.99,1,RIDER3261
3261,ORDER3262,2023-09-08,Delivered,66,121.44,3,RIDER3262
3262,ORDER3263,2023-01-19,In Transit,47,349.33,2,RIDER3263
3263,ORDER3264,2023-01-30,In Transit,17,116.61,2,RIDER3264
3264,ORDER3265,2023-04-30,In Transit,81,314.58,3,RIDER3265
3265,ORDER3266,2023-04-23,In Transit,45,423.91,3,RIDER3266
3266,ORDER3267,2023-08-22,Delivered,73,401.2,5,RIDER3267
3267,ORDER3268,2023-08-14,In Transit,95,128.22,1,RIDER3268
3268,ORDER3269,2023-05-04,Delivered,81,428.97,1,RIDER3269
3269,ORDER3270,2023-09-14,Failed,18,323.96,5,RIDER3270
3270,ORDER3271,2023-05-13,Delivered,95,422.11,3,RIDER3271
3271,ORDER3272,2023-02-22,In Transit,30,344.37,3,RIDER3272
3272,ORDER3273,2023-07-05,In Transit,51,281.89,1,RIDER3273
3273,ORDER3274,2023-03-04,Delivered,96,376.69,2,RIDER3274
3274,ORDER3275,2023-04-17,In Transit,58,353.91,3,RIDER3275
3275,ORDER3276,2023-01-30,Failed,60,172.98,4,RIDER3276
3276,ORDER3277,2023-01-04,Failed,77,115.57,3,RIDER3277
3277,ORDER3278,2023-07-19,Delivered,82,318.81,4,RIDER3278
3278,ORDER3279,2023-06-28,In Transit,43,153.44,4,RIDER3279
3279,ORDER3280,2023-05-15,Delivered,13,193.33,5,RIDER3280
3280,ORDER3281,2023-05-26,Delivered,84,482.04,2,RIDER3281
3281,ORDER3282,2023-12-06,Delivered,109,416.34,2,RIDER3282
3282,ORDER3283,2023-03-14,Failed,63,477.49,4,RIDER3283
3283,ORDER3284,2023-02-25,Failed,18,75.95,1,RIDER3284
3284,ORDER3285,2023-04-15,Failed,82,477.72,5,RIDER3285
3285,ORDER3286,2023-12-11,Failed,56,449.08,5,RIDER3286
3286,ORDER3287,2023-06-22,In Transit,10,353.9,2,RIDER3287
3287,ORDER3288,2023-09-25,Failed,113,407.06,5,RIDER3288
3288,ORDER3289,2023-09-11,Failed,97,391.33,5,RIDER3289
3289,ORDER3290,2023-01-12,Failed,31,396.14,3,RIDER3290
3290,ORDER3291,2023-11-18,Delivered,79,309.8,4,RIDER3291
3291,ORDER3292,2023-06-06,Delivered,108,379.12,1,RIDER3292
3292,ORDER3293,2023-01-18,Failed,97,258.42,5,RIDER3293
3293,ORDER3294,2023-08-15,Failed,38,247.54,2,RIDER3294
3294,ORDER3295,2023-07-14,Delivered,112,228.19,4,RIDER3295
3295,ORDER3296,2023-12-23,Delivered,32,91.07,2,RIDER3296
3296,ORDER3297,2023-10-22,Delivered,103,69.1,1,RIDER3297
3297,ORDER3298,2023-12-16,In Transit,105,322.19,4,RIDER3298
3298,ORDER3299,2023-03-03,Failed,91,325.81,1,RIDER3299
3299,ORDER3300,2023-07-06,In Transit,54,279.24,3,RIDER3300
3300,ORDER3301,2023-04-21,In Transit,90,264.8,4,RIDER3301
3301,ORDER3302,2023-10-18,Delivered,47,291.0,2,RIDER3302
3302,ORDER3303,2023-09-15,Failed,100,459.97,2,RIDER3303
3303,ORDER3304,2023-07-21,In Transit,54,128.95,5,RIDER3304
3304,ORDER3305,2023-03-26,Failed,50,131.54,1,RIDER3305
3305,ORDER3306,2023-09-23,Delivered,33,148.94,3,RIDER3306
3306,ORDER3307,2023-02-09,Delivered,111,55.31,5,RIDER3307
3307,ORDER3308,2023-08-21,In Transit,53,434.31,2,RIDER3308
3308,ORDER3309,2023-07-15,In Transit,88,151.89,4,RIDER3309
3309,ORDER3310,2023-04-10,In Transit,35,440.67,3,RIDER3310
3310,ORDER3311,2023-03-23,Failed,89,320.3,1,RIDER3311
3311,ORDER3312,2023-06-22,Delivered,73,460.68,3,RIDER3312
3312,ORDER3313,2023-12-31,In Transit,70,303.24,3,RIDER3313
3313,ORDER3314,2023-04-09,Delivered,30,429.47,4,RIDER3314
3314,ORDER3315,2023-03-08,Failed,33,147.1,5,RIDER3315
3315,ORDER3316,2023-10-01,Failed,106,374.05,2,RIDER3316
3316,ORDER3317,2023-02-09,Delivered,95,141.5,5,RIDER3317
3317,ORDER3318,2023-01-20,In Transit,52,320.04,1,RIDER3318
3318,ORDER3319,2023-04-28,Failed,21,263.31,1,RIDER3319
3319,ORDER3320,2023-06-05,Failed,60,361.05,3,RIDER3320
3320,ORDER3321,2023-06-26,In Transit,16,65.74,3,RIDER3321
3321,ORDER3322,2023-01-31,In Transit,118,235.64,4,RIDER3322
3322,ORDER3323,2023-05-21,Failed,117,91.76,2,RIDER3323
3323,ORDER3324,2023-02-02,Delivered,29,221.85,4,RIDER3324
3324,ORDER3325,2023-05-17,In Transit,114,386.19,2,RIDER3325
3325,ORDER3326,2023-04-11,In Transit,48,469.64,1,RIDER3326
3326,ORDER3327,2023-08-25,Delivered,19,414.36,1,RIDER3327
3327,ORDER3328,2023-11-21,In Transit,67,252.53,4,RIDER3328
3328,ORDER3329,2023-08-11,Delivered,81,149.25,5,RIDER3329
3329,ORDER3330,2023-05-29,In Transit,21,55.17,1,RIDER3330
3330,ORDER3331,2023-01-12,Failed,60,483.18,4,RIDER3331
3331,ORDER3332,2023-06-18,Delivered,88,418.25,3,RIDER3332
3332,ORDER3333,2023-12-09,Delivered,114,70.74,5,RIDER3333
3333,ORDER3334,2023-09-23,In Transit,114,208.84,5,RIDER3334
3334,ORDER3335,2023-12-24,Delivered,58,275.74,1,RIDER3335
3335,ORDER3336,2023-03-18,In Transit,50,320.04,4,RIDER3336
3336,ORDER3337,2023-10-23,Delivered,12,497.34,2,RIDER3337
3337,ORDER3338,2023-05-25,Failed,49,77.81,1,RIDER3338
3338,ORDER3339,2023-06-25,In Transit,37,466.88,4,RIDER3339
3339,ORDER3340,2023-03-14,Delivered,62,429.21,4,RIDER3340
3340,ORDER3341,2023-06-28,Delivered,75,406.35,1,RIDER3341
3341,ORDER3342,2023-08-16,In Transit,71,174.16,5,RIDER3342
3342,ORDER3343,2023-10-03,In Transit,25,355.08,4,RIDER3343
3343,ORDER3344,2023-05-07,Failed,41,57.89,1,RIDER3344
3344,ORDER3345,2023-04-16,Failed,12,375.44,5,RIDER3345
3345,ORDER3346,2023-03-17,Failed,83,404.51,1,RIDER3346
3346,ORDER3347,2023-04-04,Failed,113,126.21,4,RIDER3347
3347,ORDER3348,2023-04-21,Delivered,90,131.85,1,RIDER3348
3348,ORDER3349,2023-06-15,In Transit,30,432.29,3,RIDER3349
3349,ORDER3350,2023-07-27,Delivered,61,348.97,3,RIDER3350
3350,ORDER3351,2023-07-11,In Transit,27,354.06,3,RIDER3351
3351,ORDER3352,2023-11-02,Failed,71,485.19,5,RIDER3352
3352,ORDER3353,2023-05-05,Delivered,76,278.59,4,RIDER3353
3353,ORDER3354,2023-11-10,Failed,46,218.52,1,RIDER3354
3354,ORDER3355,2023-04-13,Delivered,72,365.46,1,RIDER3355
3355,ORDER3356,2023-07-24,In Transit,39,279.55,5,RIDER3356
3356,ORDER3357,2023-03-31,Delivered,53,200.97,3,RIDER3357
3357,ORDER3358,2023-04-14,Delivered,116,334.1,3,RIDER3358
3358,ORDER3359,2023-06-19,Failed,66,275.91,3,RIDER3359
3359,ORDER3360,2023-11-10,Failed,14,309.33,3,RIDER3360
3360,ORDER3361,2023-11-26,Delivered,22,379.43,5,RIDER3361
3361,ORDER3362,2023-08-05,Failed,69,394.16,2,RIDER3362
3362,ORDER3363,2023-10-14,Failed,119,79.74,2,RIDER3363
3363,ORDER3364,2023-01-08,Delivered,36,480.51,5,RIDER3364
3364,ORDER3365,2023-02-24,Failed,99,308.85,4,RIDER3365
3365,ORDER3366,2023-05-19,In Transit,25,57.43,3,RIDER3366
3366,ORDER3367,2023-09-03,Failed,25,86.0,2,RIDER3367
3367,ORDER3368,2023-03-29,In Transit,72,66.1,3,RIDER3368
3368,ORDER3369,2023-11-27,In Transit,29,133.77,5,RIDER3369
3369,ORDER3370,2023-12-12,In Transit,91,60.98,1,RIDER3370
3370,ORDER3371,2023-09-15,In Transit,114,335.22,1,RIDER3371
3371,ORDER3372,2023-05-17,Failed,30,371.64,3,RIDER3372
3372,ORDER3373,2023-06-01,Delivered,74,56.69,4,RIDER3373
3373,ORDER3374,2023-01-03,In Transit,39,366.1,4,RIDER3374
3374,ORDER3375,2023-07-05,Failed,114,58.21,3,RIDER3375
3375,ORDER3376,2023-06-10,In Transit,116,179.77,2,RIDER3376
3376,ORDER3377,2023-01-17,Delivered,60,256.59,3,RIDER3377
3377,ORDER3378,2023-07-09,Failed,34,330.34,1,RIDER3378
3378,ORDER3379,2023-08-14,In Transit,108,323.35,3,RIDER3379
3379,ORDER3380,2023-11-13,Failed,69,61.87,1,RIDER3380
3380,ORDER3381,2023-03-20,Delivered,69,377.15,3,RIDER3381
3381,ORDER3382,2023-07-20,Delivered,55,377.73,5,RIDER3382
3382,ORDER3383,2023-11-25,Delivered,64,262.2,1,RIDER3383
3383,ORDER3384,2023-08-29,Delivered,70,163.46,1,RIDER3384
3384,ORDER3385,2023-09-03,Delivered,104,325.76,4,RIDER3385
3385,ORDER3386,2023-03-13,Delivered,84,138.25,5,RIDER3386
3386,ORDER3387,2023-08-07,Delivered,120,142.47,3,RIDER3387
3387,ORDER3388,2023-01-16,Delivered,50,55.77,1,RIDER3388
3388,ORDER3389,2023-05-19,In Transit,83,475.8,3,RIDER3389
3389,ORDER3390,2023-05-15,Delivered,27,98.02,3,RIDER3390
3390,ORDER3391,2023-10-31,Failed,105,353.83,3,RIDER3391
3391,ORDER3392,2023-05-12,In Transit,35,388.03,4,RIDER3392
3392,ORDER3393,2023-11-22,In Transit,69,172.85,2,RIDER3393
3393,ORDER3394,2023-08-14,Failed,11,150.96,3,RIDER3394
3394,ORDER3395,2023-01-13,Failed,64,333.21,3,RIDER3395
3395,ORDER3396,2023-09-13,Failed,66,281.37,5,RIDER3396
3396,ORDER3397,2023-05-05,Delivered,84,243.67,5,RIDER3397
3397,ORDER3398,2023-04-03,In Transit,58,227.18,5,RIDER3398
3398,ORDER3399,2023-11-24,Delivered,36,272.59,4,RIDER3399
3399,ORDER3400,2023-12-31,Delivered,79,352.19,2,RIDER3400
3400,ORDER3401,2023-11-16,Delivered,50,485.94,3,RIDER3401
3401,ORDER3402,2023-05-10,Delivered,112,251.76,2,RIDER3402
3402,ORDER3403,2023-06-11,Failed,117,64.05,5,RIDER3403
3403,ORDER3404,2023-01-20,Failed,84,412.59,3,RIDER3404
3404,ORDER3405,2023-06-09,Failed,57,102.33,1,RIDER3405
3405,ORDER3406,2023-09-05,In Transit,72,275.51,5,RIDER3406
3406,ORDER3407,2023-08-20,Failed,48,373.76,2,RIDER3407
3407,ORDER3408,2023-03-30,Delivered,61,211.49,4,RIDER3408
3408,ORDER3409,2023-01-25,In Transit,95,185.62,4,RIDER3409
3409,ORDER3410,2023-09-07,In Transit,110,496.91,1,RIDER3410
3410,ORDER3411,2023-01-11,In Transit,99,131.54,3,RIDER3411
3411,ORDER3412,2023-02-19,In Transit,115,299.44,4,RIDER3412
3412,ORDER3413,2023-12-22,Delivered,48,102.68,2,RIDER3413
3413,ORDER3414,2023-06-21,Failed,32,82.32,2,RIDER3414
3414,ORDER3415,2023-07-11,In Transit,115,145.79,2,RIDER3415
3415,ORDER3416,2023-04-18,Failed,56,134.31,5,RIDER3416
3416,ORDER3417,2023-12-06,Delivered,32,401.29,2,RIDER3417
3417,ORDER3418,2023-11-26,Failed,82,485.51,5,RIDER3418
3418,ORDER3419,2023-03-18,Delivered,55,135.02,1,RIDER3419
3419,ORDER3420,2023-06-15,Delivered,54,397.95,1,RIDER3420
3420,ORDER3421,2023-04-24,Failed,37,270.94,3,RIDER3421
3421,ORDER3422,2023-01-08,Failed,29,449.94,2,RIDER3422
3422,ORDER3423,2023-04-03,In Transit,13,79.36,1,RIDER3423
3423,ORDER3424,2023-02-05,In Transit,87,456.81,4,RIDER3424
3424,ORDER3425,2023-10-04,In Transit,85,278.15,5,RIDER3425
3425,ORDER3426,2023-08-17,Delivered,89,297.7,4,RIDER3426
3426,ORDER3427,2023-03-08,In Transit,52,199.32,4,RIDER3427
3427,ORDER3428,2023-02-11,Delivered,117,267.46,5,RIDER3428
3428,ORDER3429,2023-01-07,In Transit,90,74.16,1,RIDER3429
3429,ORDER3430,2023-06-28,Delivered,43,360.9,3,RIDER3430
3430,ORDER3431,2023-05-01,Delivered,96,357.94,2,RIDER3431
3431,ORDER3432,2023-02-21,In Transit,23,338.55,2,RIDER3432
3432,ORDER3433,2023-01-11,Failed,100,193.8,4,RIDER3433
3433,ORDER3434,2023-08-27,Delivered,85,344.91,1,RIDER3434
3434,ORDER3435,2023-11-10,Failed,52,253.33,5,RIDER3435
3435,ORDER3436,2023-07-08,Delivered,12,456.37,4,RIDER3436
3436,ORDER3437,2023-03-21,Failed,109,73.88,1,RIDER3437
3437,ORDER3438,2023-09-18,Failed,94,373.9,1,RIDER3438
3438,ORDER3439,2023-11-08,Delivered,38,125.32,2,RIDER3439
3439,ORDER3440,2023-09-10,In Transit,67,233.0,5,RIDER3440
3440,ORDER3441,2023-04-29,In Transit,44,194.34,4,RIDER3441
3441,ORDER3442,2023-11-09,Delivered,34,423.2,2,RIDER3442
3442,ORDER3443,2023-02-06,In Transit,18,327.72,5,RIDER3443
3443,ORDER3444,2023-07-23,Delivered,105,112.02,2,RIDER3444
3444,ORDER3445,2023-09-06,In Transit,71,427.27,4,RIDER3445
3445,ORDER3446,2023-08-31,Delivered,26,414.36,3,RIDER3446
3446,ORDER3447,2023-04-01,In Transit,55,180.96,1,RIDER3447
3447,ORDER3448,2023-07-18,Delivered,113,281.25,3,RIDER3448
3448,ORDER3449,2023-04-06,Delivered,101,384.24,3,RIDER3449
3449,ORDER3450,2023-06-28,In Transit,16,252.89,5,RIDER3450
3450,ORDER3451,2023-01-19,Delivered,104,487.24,1,RIDER3451
3451,ORDER3452,2023-09-30,Delivered,120,106.94,5,RIDER3452
3452,ORDER3453,2023-04-01,Delivered,105,469.79,2,RIDER3453
3453,ORDER3454,2023-01-29,Failed,79,321.01,5,RIDER3454
3454,ORDER3455,2023-12-21,Delivered,74,348.84,1,RIDER3455
3455,ORDER3456,2023-08-07,Delivered,11,365.57,4,RIDER3456
3456,ORDER3457,2023-08-21,Failed,36,363.31,1,RIDER3457
3457,ORDER3458,2023-01-25,Delivered,85,468.46,4,RIDER3458
3458,ORDER3459,2023-02-14,Failed,47,490.82,3,RIDER3459
3459,ORDER3460,2023-12-05,Delivered,37,117.94,1,RIDER3460
3460,ORDER3461,2023-10-30,Failed,115,163.39,2,RIDER3461
3461,ORDER3462,2023-09-04,Delivered,21,281.72,1,RIDER3462
3462,ORDER3463,2023-07-28,Delivered,86,279.73,5,RIDER3463
3463,ORDER3464,2023-03-06,Delivered,46,458.58,4,RIDER3464
3464,ORDER3465,2023-09-29,Failed,57,66.17,5,RIDER3465
3465,ORDER3466,2023-08-04,In Transit,64,116.1,3,RIDER3466
3466,ORDER3467,2023-07-31,Failed,104,181.9,4,RIDER3467
3467,ORDER3468,2023-10-21,Failed,88,498.89,3,RIDER3468
3468,ORDER3469,2023-12-26,Delivered,52,168.37,2,RIDER3469
3469,ORDER3470,2023-07-16,Failed,107,281.84,5,RIDER3470
3470,ORDER3471,2023-06-04,In Transit,79,295.43,3,RIDER3471
3471,ORDER3472,2023-04-27,Delivered,22,354.62,3,RIDER3472
3472,ORDER3473,2023-02-09,Delivered,43,328.75,2,RIDER3473
3473,ORDER3474,2023-07-22,In Transit,42,488.12,2,RIDER3474
3474,ORDER3475,2023-11-09,Delivered,45,320.97,3,RIDER3475
3475,ORDER3476,2023-11-11,In Transit,17,101.11,4,RIDER3476
3476,ORDER3477,2023-03-07,Failed,97,167.22,1,RIDER3477
3477,ORDER3478,2023-08-25,Delivered,119,238.78,3,RIDER3478
3478,ORDER3479,2023-05-21,In Transit,111,354.96,2,RIDER3479
3479,ORDER3480,2023-03-03,Delivered,19,171.71,3,RIDER3480
3480,ORDER3481,2023-03-15,Delivered,58,94.32,4,RIDER3481
3481,ORDER3482,2023-09-01,In Transit,67,373.92,1,RIDER3482
3482,ORDER3483,2023-01-02,In Transit,87,164.28,2,RIDER3483
3483,ORDER3484,2023-08-20,In Transit,100,245.25,5,RIDER3484
3484,ORDER3485,2023-11-29,Delivered,11,113.11,5,RIDER3485
3485,ORDER3486,2023-02-15,In Transit,96,267.79,1,RIDER3486
3486,ORDER3487,2023-05-05,Failed,115,96.17,5,RIDER3487
3487,ORDER3488,2023-01-19,Failed,83,265.62,1,RIDER3488
3488,ORDER3489,2023-04-14,Delivered,53,358.82,4,RIDER3489
3489,ORDER3490,2023-03-07,Delivered,42,372.6,3,RIDER3490
3490,ORDER3491,2023-01-05,Failed,45,69.83,1,RIDER3491
3491,ORDER3492,2023-03-26,Delivered,99,482.03,2,RIDER3492
3492,ORDER3493,2023-08-09,In Transit,10,129.5,2,RIDER3493
3493,ORDER3494,2023-12-18,In Transit,46,355.02,5,RIDER3494
3494,ORDER3495,2023-04-01,Failed,86,289.77,5,RIDER3495
3495,ORDER3496,2023-02-05,Delivered,79,155.6,1,RIDER3496
3496,ORDER3497,2023-10-15,Delivered,51,467.35,3,RIDER3497
3497,ORDER3498,2023-06-24,In Transit,46,480.71,4,RIDER3498
3498,ORDER3499,2023-12-14,In Transit,44,89.11,4,RIDER3499
3499,ORDER3500,2023-11-15,Failed,70,241.84,5,RIDER3500
3500,ORDER3501,2023-11-13,Delivered,39,178.42,3,RIDER3501
3501,ORDER3502,2023-02-11,In Transit,72,232.33,4,RIDER3502
3502,ORDER3503,2023-08-31,Failed,75,491.89,4,RIDER3503
3503,ORDER3504,2023-09-16,In Transit,62,417.76,2,RIDER3504
3504,ORDER3505,2023-06-28,Delivered,94,165.73,5,RIDER3505
3505,ORDER3506,2023-06-29,Delivered,35,111.53,5,RIDER3506
3506,ORDER3507,2023-12-30,Delivered,74,273.48,1,RIDER3507
3507,ORDER3508,2023-08-24,In Transit,95,426.2,1,RIDER3508
3508,ORDER3509,2023-10-06,In Transit,118,201.12,3,RIDER3509
3509,ORDER3510,2023-08-02,Delivered,54,375.67,1,RIDER3510
3510,ORDER3511,2023-01-22,In Transit,118,379.18,4,RIDER3511
3511,ORDER3512,2023-12-22,In Transit,105,70.92,4,RIDER3512
3512,ORDER3513,2023-08-05,Delivered,67,181.49,1,RIDER3513
3513,ORDER3514,2023-07-12,Delivered,29,234.3,5,RIDER3514
3514,ORDER3515,2023-10-24,Failed,104,81.54,2,RIDER3515
3515,ORDER3516,2023-09-05,Failed,74,480.34,2,RIDER3516
3516,ORDER3517,2023-07-24,Delivered,72,413.8,1,RIDER3517
3517,ORDER3518,2023-05-05,In Transit,77,197.74,4,RIDER3518
3518,ORDER3519,2023-04-12,Failed,94,175.15,1,RIDER3519
3519,ORDER3520,2023-09-26,Delivered,49,409.47,3,RIDER3520
3520,ORDER3521,2023-11-18,Delivered,88,175.73,1,RIDER3521
3521,ORDER3522,2023-04-17,Delivered,105,93.7,3,RIDER3522
3522,ORDER3523,2023-08-09,Delivered,51,448.41,2,RIDER3523
3523,ORDER3524,2023-06-21,Delivered,111,422.69,5,RIDER3524
3524,ORDER3525,2023-05-11,In Transit,72,286.71,2,RIDER3525
3525,ORDER3526,2023-08-31,Failed,117,421.66,5,RIDER3526
3526,ORDER3527,2023-02-11,Failed,68,396.51,5,RIDER3527
3527,ORDER3528,2023-02-10,Delivered,115,137.54,5,RIDER3528
3528,ORDER3529,2023-09-04,In Transit,70,421.59,4,RIDER3529
3529,ORDER3530,2023-07-22,In Transit,27,471.54,4,RIDER3530
3530,ORDER3531,2023-03-26,Failed,87,105.46,2,RIDER3531
3531,ORDER3532,2023-05-01,In Transit,36,485.3,1,RIDER3532
3532,ORDER3533,2023-07-23,In Transit,44,116.66,2,RIDER3533
3533,ORDER3534,2023-06-26,Failed,99,198.67,3,RIDER3534
3534,ORDER3535,2023-08-31,Delivered,37,339.02,4,RIDER3535
3535,ORDER3536,2023-12-25,Delivered,75,384.49,3,RIDER3536
3536,ORDER3537,2023-02-06,Delivered,116,150.84,5,RIDER3537
3537,ORDER3538,2023-09-16,In Transit,34,183.19,5,RIDER3538
3538,ORDER3539,2023-08-18,In Transit,10,201.77,2,RIDER3539
3539,ORDER3540,2023-07-04,Delivered,80,238.37,4,RIDER3540
3540,ORDER3541,2023-09-05,In Transit,111,458.03,5,RIDER3541
3541,ORDER3542,2023-04-25,In Transit,49,387.54,4,RIDER3542
3542,ORDER3543,2023-12-08,In Transit,97,365.35,2,RIDER3543
3543,ORDER3544,2023-09-22,Delivered,61,194.52,1,RIDER3544
3544,ORDER3545,2023-01-12,Failed,119,285.49,2,RIDER3545
3545,ORDER3546,2023-10-06,Failed,51,184.48,1,RIDER3546
3546,ORDER3547,2023-02-17,Failed,17,150.98,2,RIDER3547
3547,ORDER3548,2023-10-19,Failed,28,252.05,1,RIDER3548
3548,ORDER3549,2023-05-16,Failed,43,432.48,5,RIDER3549
3549,ORDER3550,2023-10-14,Failed,35,411.69,3,RIDER3550
3550,ORDER3551,2023-05-14,Delivered,76,70.23,5,RIDER3551
3551,ORDER3552,2023-03-21,Failed,13,282.21,4,RIDER3552
3552,ORDER3553,2023-11-07,In Transit,73,219.8,2,RIDER3553
3553,ORDER3554,2023-01-27,Failed,118,293.0,3,RIDER3554
3554,ORDER3555,2023-10-02,Failed,32,229.96,4,RIDER3555
3555,ORDER3556,2023-05-24,Failed,82,343.62,4,RIDER3556
3556,ORDER3557,2023-09-30,In Transit,75,127.76,4,RIDER3557
3557,ORDER3558,2023-11-11,In Transit,84,344.38,3,RIDER3558
3558,ORDER3559,2023-08-10,In Transit,40,228.29,4,RIDER3559
3559,ORDER3560,2023-09-20,Failed,96,78.27,5,RIDER3560
3560,ORDER3561,2023-11-17,In Transit,51,67.43,5,RIDER3561
3561,ORDER3562,2023-09-30,Delivered,83,332.63,1,RIDER3562
3562,ORDER3563,2023-09-27,Delivered,85,168.87,1,RIDER3563
3563,ORDER3564,2023-05-13,Delivered,12,228.46,4,RIDER3564
3564,ORDER3565,2023-07-20,In Transit,34,318.69,3,RIDER3565
3565,ORDER3566,2023-09-24,Failed,84,206.74,4,RIDER3566
3566,ORDER3567,2023-09-23,Delivered,43,198.76,4,RIDER3567
3567,ORDER3568,2023-03-12,Delivered,49,57.25,1,RIDER3568
3568,ORDER3569,2023-12-22,Failed,101,214.89,2,RIDER3569
3569,ORDER3570,2023-04-08,Delivered,74,373.76,3,RIDER3570
3570,ORDER3571,2023-02-28,Delivered,96,333.99,1,RIDER3571
3571,ORDER3572,2023-06-24,Failed,44,235.54,5,RIDER3572
3572,ORDER3573,2023-04-26,Delivered,81,163.33,4,RIDER3573
3573,ORDER3574,2023-12-23,Delivered,117,184.36,4,RIDER3574
3574,ORDER3575,2023-10-07,Delivered,102,418.68,4,RIDER3575
3575,ORDER3576,2023-11-29,In Transit,18,105.17,1,RIDER3576
3576,ORDER3577,2023-09-19,Failed,111,58.95,3,RIDER3577
3577,ORDER3578,2023-08-21,In Transit,25,330.55,5,RIDER3578
3578,ORDER3579,2023-07-01,Delivered,72,374.06,2,RIDER3579
3579,ORDER3580,2023-01-17,Failed,31,252.29,2,RIDER3580
3580,ORDER3581,2023-12-14,In Transit,14,84.41,1,RIDER3581
3581,ORDER3582,2023-08-08,Failed,49,326.37,2,RIDER3582
3582,ORDER3583,2023-06-11,Failed,47,378.24,3,RIDER3583
3583,ORDER3584,2023-06-02,In Transit,83,274.93,5,RIDER3584
3584,ORDER3585,2023-08-10,In Transit,108,118.11,4,RIDER3585
3585,ORDER3586,2023-09-10,In Transit,92,306.08,4,RIDER3586
3586,ORDER3587,2023-03-05,In Transit,120,466.09,1,RIDER3587
3587,ORDER3588,2023-09-28,Failed,34,223.62,5,RIDER3588
3588,ORDER3589,2023-08-28,Delivered,28,274.26,2,RIDER3589
3589,ORDER3590,2023-12-31,Delivered,93,120.57,5,RIDER3590
3590,ORDER3591,2023-02-13,Delivered,55,223.51,3,RIDER3591
3591,ORDER3592,2023-12-14,Delivered,99,161.0,5,RIDER3592
3592,ORDER3593,2023-10-02,In Transit,11,62.98,2,RIDER3593
3593,ORDER3594,2023-05-05,In Transit,79,416.54,5,RIDER3594
3594,ORDER3595,2023-12-08,In Transit,104,86.04,4,RIDER3595
3595,ORDER3596,2023-01-04,Delivered,97,493.2,2,RIDER3596
3596,ORDER3597,2023-11-02,In Transit,87,477.35,5,RIDER3597
3597,ORDER3598,2023-10-19,Failed,95,196.85,1,RIDER3598
3598,ORDER3599,2023-10-20,In Transit,102,226.92,5,RIDER3599
3599,ORDER3600,2023-11-19,Delivered,29,428.36,3,RIDER3600
3600,ORDER3601,2023-04-27,In Transit,114,179.9,2,RIDER3601
3601,ORDER3602,2023-09-19,Delivered,32,481.58,4,RIDER3602
3602,ORDER3603,2023-09-02,In Transit,75,357.04,2,RIDER3603
3603,ORDER3604,2023-01-25,Delivered,96,134.45,5,RIDER3604
3604,ORDER3605,2023-01-13,Delivered,87,108.58,1,RIDER3605
3605,ORDER3606,2023-06-07,Delivered,71,220.42,3,RIDER3606
3606,ORDER3607,2023-07-17,In Transit,92,253.1,1,RIDER3607
3607,ORDER3608,2023-05-19,Failed,23,399.66,1,RIDER3608
3608,ORDER3609,2023-01-15,Failed,101,195.69,5,RIDER3609
3609,ORDER3610,2023-09-27,Failed,85,470.09,2,RIDER3610
3610,ORDER3611,2023-05-30,In Transit,30,118.14,2,RIDER3611
3611,ORDER3612,2023-01-07,In Transit,59,387.25,4,RIDER3612
3612,ORDER3613,2023-08-10,Failed,107,468.69,3,RIDER3613
3613,ORDER3614,2023-05-11,Delivered,99,139.62,2,RIDER3614
3614,ORDER3615,2023-06-09,Failed,45,205.56,3,RIDER3615
3615,ORDER3616,2023-07-27,Failed,91,306.87,2,RIDER3616
3616,ORDER3617,2023-04-14,Delivered,32,468.21,2,RIDER3617
3617,ORDER3618,2023-09-30,Failed,104,174.36,4,RIDER3618
3618,ORDER3619,2023-05-29,In Transit,113,351.94,5,RIDER3619
3619,ORDER3620,2023-03-13,Delivered,100,133.1,5,RIDER3620
3620,ORDER3621,2023-04-19,Failed,69,475.34,2,RIDER3621
3621,ORDER3622,2023-07-31,Failed,58,72.84,1,RIDER3622
3622,ORDER3623,2023-03-19,Failed,84,232.19,1,RIDER3623
3623,ORDER3624,2023-01-16,Failed,92,238.18,4,RIDER3624
3624,ORDER3625,2023-04-22,In Transit,34,312.37,1,RIDER3625
3625,ORDER3626,2023-05-08,Delivered,102,188.79,5,RIDER3626
3626,ORDER3627,2023-02-13,In Transit,47,94.66,1,RIDER3627
3627,ORDER3628,2023-05-28,In Transit,65,311.98,1,RIDER3628
3628,ORDER3629,2023-10-13,In Transit,81,82.72,1,RIDER3629
3629,ORDER3630,2023-12-14,Delivered,98,445.26,5,RIDER3630
3630,ORDER3631,2023-01-02,Delivered,33,476.1,3,RIDER3631
3631,ORDER3632,2023-04-22,Delivered,12,80.31,3,RIDER3632
3632,ORDER3633,2023-11-26,Failed,54,253.85,5,RIDER3633
3633,ORDER3634,2023-10-21,Delivered,13,153.77,2,RIDER3634
3634,ORDER3635,2023-08-12,In Transit,120,335.12,1,RIDER3635
3635,ORDER3636,2023-01-23,In Transit,84,343.94,1,RIDER3636
3636,ORDER3637,2023-08-16,Delivered,98,473.88,5,RIDER3637
3637,ORDER3638,2023-07-27,In Transit,101,89.65,1,RIDER3638
3638,ORDER3639,2023-10-04,Failed,61,308.35,3,RIDER3639
3639,ORDER3640,2023-02-13,In Transit,65,193.88,3,RIDER3640
3640,ORDER3641,2023-06-16,In Transit,109,369.13,3,RIDER3641
3641,ORDER3642,2023-11-15,Failed,83,202.19,1,RIDER3642
3642,ORDER3643,2023-12-03,In Transit,37,203.7,3,RIDER3643
3643,ORDER3644,2023-08-25,In Transit,64,356.6,5,RIDER3644
3644,ORDER3645,2023-06-14,In Transit,90,373.3,5,RIDER3645
3645,ORDER3646,2023-02-12,Delivered,93,449.3,3,RIDER3646
3646,ORDER3647,2023-03-03,In Transit,48,414.61,5,RIDER3647
3647,ORDER3648,2023-06-09,In Transit,83,116.56,5,RIDER3648
3648,ORDER3649,2023-10-26,In Transit,62,138.07,1,RIDER3649
3649,ORDER3650,2023-05-13,Failed,102,76.56,4,RIDER3650
3650,ORDER3651,2023-04-01,In Transit,37,208.67,3,RIDER3651
3651,ORDER3652,2023-05-29,Delivered,91,173.71,5,RIDER3652
3652,ORDER3653,2023-08-16,Failed,112,300.43,5,RIDER3653
3653,ORDER3654,2023-02-25,Delivered,94,355.16,4,RIDER3654
3654,ORDER3655,2023-10-06,Delivered,26,193.5,5,RIDER3655
3655,ORDER3656,2023-09-29,In Transit,85,127.39,3,RIDER3656
3656,ORDER3657,2023-05-02,Failed,77,366.2,1,RIDER3657
3657,ORDER3658,2023-05-02,Delivered,41,315.65,1,RIDER3658
3658,ORDER3659,2023-01-22,Delivered,79,373.0,2,RIDER3659
3659,ORDER3660,2023-04-16,In Transit,70,72.11,5,RIDER3660
3660,ORDER3661,2023-02-20,Delivered,76,87.54,2,RIDER3661
3661,ORDER3662,2023-07-08,Delivered,99,201.6,1,RIDER3662
3662,ORDER3663,2023-01-09,In Transit,77,441.93,5,RIDER3663
3663,ORDER3664,2023-09-08,Failed,70,304.11,1,RIDER3664
3664,ORDER3665,2023-07-14,Delivered,75,424.31,4,RIDER3665
3665,ORDER3666,2023-01-07,Delivered,16,237.84,3,RIDER3666
3666,ORDER3667,2023-01-31,Delivered,49,495.16,1,RIDER3667
3667,ORDER3668,2023-12-26,Delivered,58,269.47,3,RIDER3668
3668,ORDER3669,2023-09-26,In Transit,79,473.94,4,RIDER3669
3669,ORDER3670,2023-04-28,In Transit,41,240.86,4,RIDER3670
3670,ORDER3671,2023-03-22,In Transit,118,476.64,4,RIDER3671
3671,ORDER3672,2023-04-14,In Transit,29,268.7,1,RIDER3672
3672,ORDER3673,2023-05-23,Failed,112,160.55,1,RIDER3673
3673,ORDER3674,2023-05-10,Failed,80,166.53,3,RIDER3674
3674,ORDER3675,2023-04-22,In Transit,44,211.36,2,RIDER3675
3675,ORDER3676,2023-03-19,Delivered,28,394.37,1,RIDER3676
3676,ORDER3677,2023-02-24,Delivered,57,452.12,1,RIDER3677
3677,ORDER3678,2023-02-14,In Transit,109,455.48,2,RIDER3678
3678,ORDER3679,2023-09-14,Failed,16,366.5,3,RIDER3679
3679,ORDER3680,2023-01-20,Failed,31,80.59,2,RIDER3680
3680,ORDER3681,2023-02-09,Failed,31,176.9,5,RIDER3681
3681,ORDER3682,2023-11-26,Delivered,109,397.99,5,RIDER3682
3682,ORDER3683,2023-10-26,In Transit,42,66.9,2,RIDER3683
3683,ORDER3684,2023-10-19,Delivered,116,286.24,5,RIDER3684
3684,ORDER3685,2023-07-10,In Transit,41,121.49,5,RIDER3685
3685,ORDER3686,2023-02-28,Failed,30,384.25,2,RIDER3686
3686,ORDER3687,2023-07-12,Delivered,100,124.19,2,RIDER3687
3687,ORDER3688,2023-12-09,Delivered,91,88.55,4,RIDER3688
3688,ORDER3689,2023-01-16,In Transit,115,410.51,2,RIDER3689
3689,ORDER3690,2023-09-03,Failed,14,311.05,3,RIDER3690
3690,ORDER3691,2023-05-15,Failed,93,117.37,2,RIDER3691
3691,ORDER3692,2023-03-26,In Transit,49,392.74,2,RIDER3692
3692,ORDER3693,2023-07-26,In Transit,55,210.0,1,RIDER3693
3693,ORDER3694,2023-09-04,Delivered,56,392.35,4,RIDER3694
3694,ORDER3695,2023-06-22,Delivered,35,421.85,4,RIDER3695
3695,ORDER3696,2023-10-12,Failed,94,133.44,3,RIDER3696
3696,ORDER3697,2023-03-04,Failed,60,136.32,5,RIDER3697
3697,ORDER3698,2023-07-24,In Transit,57,457.46,4,RIDER3698
3698,ORDER3699,2023-10-12,In Transit,108,419.1,1,RIDER3699
3699,ORDER3700,2023-10-07,Failed,81,300.66,2,RIDER3700
3700,ORDER3701,2023-08-04,Failed,103,272.84,2,RIDER3701
3701,ORDER3702,2023-02-03,In Transit,119,244.63,5,RIDER3702
3702,ORDER3703,2023-11-29,Delivered,49,94.47,3,RIDER3703
3703,ORDER3704,2023-01-14,Delivered,62,464.07,4,RIDER3704
3704,ORDER3705,2023-06-22,Failed,37,384.18,5,RIDER3705
3705,ORDER3706,2023-07-11,Delivered,39,426.28,2,RIDER3706
3706,ORDER3707,2023-10-20,Delivered,115,214.85,2,RIDER3707
3707,ORDER3708,2023-09-20,In Transit,18,163.05,2,RIDER3708
3708,ORDER3709,2023-01-13,Delivered,72,311.5,2,RIDER3709
3709,ORDER3710,2023-05-05,In Transit,38,283.56,4,RIDER3710
3710,ORDER3711,2023-09-20,In Transit,35,384.16,2,RIDER3711
3711,ORDER3712,2023-10-20,Failed,80,364.89,1,RIDER3712
3712,ORDER3713,2023-12-27,In Transit,76,102.37,4,RIDER3713
3713,ORDER3714,2023-06-03,Failed,90,220.74,3,RIDER3714
3714,ORDER3715,2023-05-16,Failed,37,401.93,4,RIDER3715
3715,ORDER3716,2023-10-21,In Transit,88,317.23,5,RIDER3716
3716,ORDER3717,2023-10-25,In Transit,101,397.62,5,RIDER3717
3717,ORDER3718,2023-05-21,Delivered,42,360.36,2,RIDER3718
3718,ORDER3719,2023-07-07,Failed,85,302.04,4,RIDER3719
3719,ORDER3720,2023-09-17,In Transit,107,90.62,5,RIDER3720
3720,ORDER3721,2023-06-30,In Transit,79,323.5,1,RIDER3721
3721,ORDER3722,2023-10-13,In Transit,101,483.37,3,RIDER3722
3722,ORDER3723,2023-08-09,Failed,95,248.1,1,RIDER3723
3723,ORDER3724,2023-04-20,Delivered,55,484.47,4,RIDER3724
3724,ORDER3725,2023-04-23,Delivered,38,377.29,1,RIDER3725
3725,ORDER3726,2023-02-09,Delivered,61,479.12,5,RIDER3726
3726,ORDER3727,2023-12-05,Delivered,26,156.31,2,RIDER3727
3727,ORDER3728,2023-09-25,Delivered,40,51.28,3,RIDER3728
3728,ORDER3729,2023-10-14,Delivered,68,277.42,4,RIDER3729
3729,ORDER3730,2023-12-09,In Transit,33,126.95,1,RIDER3730
3730,ORDER3731,2023-09-02,In Transit,24,401.75,3,RIDER3731
3731,ORDER3732,2023-08-10,Delivered,101,113.81,1,RIDER3732
3732,ORDER3733,2023-08-07,In Transit,33,177.27,1,RIDER3733
3733,ORDER3734,2023-07-05,Delivered,69,170.18,1,RIDER3734
3734,ORDER3735,2023-11-24,In Transit,101,409.78,3,RIDER3735
3735,ORDER3736,2023-12-03,Failed,36,292.07,5,RIDER3736
3736,ORDER3737,2023-02-02,Failed,59,184.95,2,RIDER3737
3737,ORDER3738,2023-09-29,Failed,83,189.91,2,RIDER3738
3738,ORDER3739,2023-11-11,Failed,91,381.62,4,RIDER3739
3739,ORDER3740,2023-02-08,Delivered,40,290.49,3,RIDER3740
3740,ORDER3741,2023-01-29,Failed,119,328.95,2,RIDER3741
3741,ORDER3742,2023-07-13,Delivered,34,451.69,5,RIDER3742
3742,ORDER3743,2023-08-02,Failed,85,90.24,2,RIDER3743
3743,ORDER3744,2023-10-29,In Transit,36,316.62,1,RIDER3744
3744,ORDER3745,2023-02-03,Failed,65,253.51,1,RIDER3745
3745,ORDER3746,2023-06-05,Failed,102,475.22,1,RIDER3746
3746,ORDER3747,2023-12-28,Delivered,99,173.26,5,RIDER3747
3747,ORDER3748,2023-01-02,In Transit,79,205.47,5,RIDER3748
3748,ORDER3749,2023-06-08,In Transit,35,374.99,4,RIDER3749
3749,ORDER3750,2023-09-27,Delivered,40,329.08,2,RIDER3750
3750,ORDER3751,2023-01-14,In Transit,64,323.63,5,RIDER3751
3751,ORDER3752,2023-12-26,Delivered,110,300.15,3,RIDER3752
3752,ORDER3753,2023-06-17,Delivered,44,338.2,5,RIDER3753
3753,ORDER3754,2023-09-18,Delivered,50,121.79,1,RIDER3754
3754,ORDER3755,2023-11-05,Failed,37,325.21,2,RIDER3755
3755,ORDER3756,2023-05-20,In Transit,90,444.06,5,RIDER3756
3756,ORDER3757,2023-04-17,In Transit,60,240.69,4,RIDER3757
3757,ORDER3758,2023-06-07,Delivered,24,366.73,1,RIDER3758
3758,ORDER3759,2023-05-12,Failed,112,55.62,1,RIDER3759
3759,ORDER3760,2023-07-16,In Transit,59,494.14,1,RIDER3760
3760,ORDER3761,2023-12-02,Delivered,110,273.8,1,RIDER3761
3761,ORDER3762,2023-02-25,Delivered,11,395.3,5,RIDER3762
3762,ORDER3763,2023-06-24,Delivered,81,112.59,3,RIDER3763
3763,ORDER3764,2023-01-24,Failed,69,488.62,4,RIDER3764
3764,ORDER3765,2023-01-04,Failed,101,425.73,4,RIDER3765
3765,ORDER3766,2023-10-24,Delivered,22,386.2,1,RIDER3766
3766,ORDER3767,2023-10-02,Failed,45,260.91,1,RIDER3767
3767,ORDER3768,2023-08-22,In Transit,93,137.42,2,RIDER3768
3768,ORDER3769,2023-02-26,In Transit,77,112.93,1,RIDER3769
3769,ORDER3770,2023-02-12,Failed,29,441.32,1,RIDER3770
3770,ORDER3771,2023-08-06,In Transit,28,252.82,4,RIDER3771
3771,ORDER3772,2023-12-27,Delivered,88,356.17,2,RIDER3772
3772,ORDER3773,2023-09-21,Delivered,12,431.54,2,RIDER3773
3773,ORDER3774,2023-07-16,In Transit,15,247.27,2,RIDER3774
3774,ORDER3775,2023-04-10,Delivered,69,360.44,4,RIDER3775
3775,ORDER3776,2023-02-02,In Transit,119,265.9,1,RIDER3776
3776,ORDER3777,2023-03-27,Failed,69,118.46,5,RIDER3777
3777,ORDER3778,2023-04-05,Delivered,25,101.11,2,RIDER3778
3778,ORDER3779,2023-10-21,Failed,88,379.14,4,RIDER3779
3779,ORDER3780,2023-09-26,Delivered,30,317.11,5,RIDER3780
3780,ORDER3781,2023-10-13,Failed,68,210.58,1,RIDER3781
3781,ORDER3782,2023-10-28,In Transit,55,55.11,4,RIDER3782
3782,ORDER3783,2023-07-09,Delivered,83,288.48,3,RIDER3783
3783,ORDER3784,2023-06-21,Delivered,23,135.46,3,RIDER3784
3784,ORDER3785,2023-07-08,In Transit,100,412.42,3,RIDER3785
3785,ORDER3786,2023-06-19,Failed,69,260.99,1,RIDER3786
3786,ORDER3787,2023-04-10,Delivered,91,224.1,3,RIDER3787
3787,ORDER3788,2023-07-26,Delivered,86,401.13,2,RIDER3788
3788,ORDER3789,2023-04-09,Delivered,43,125.96,5,RIDER3789
3789,ORDER3790,2023-05-20,Delivered,55,460.45,2,RIDER3790
3790,ORDER3791,2023-07-24,Delivered,109,224.99,5,RIDER3791
3791,ORDER3792,2023-09-03,Failed,60,277.3,4,RIDER3792
3792,ORDER3793,2023-08-21,In Transit,77,454.87,2,RIDER3793
3793,ORDER3794,2023-10-15,Failed,49,266.56,1,RIDER3794
3794,ORDER3795,2023-10-22,Failed,27,400.13,4,RIDER3795
3795,ORDER3796,2023-12-31,Delivered,33,433.76,5,RIDER3796
3796,ORDER3797,2023-04-26,Delivered,62,102.59,4,RIDER3797
3797,ORDER3798,2023-07-08,Delivered,68,167.82,1,RIDER3798
3798,ORDER3799,2023-11-25,In Transit,71,210.26,5,RIDER3799
3799,ORDER3800,2023-04-19,Failed,54,172.94,2,RIDER3800
3800,ORDER3801,2023-07-23,In Transit,119,274.67,2,RIDER3801
3801,ORDER3802,2023-10-05,Failed,74,359.89,4,RIDER3802
3802,ORDER3803,2023-05-15,Delivered,115,145.31,1,RIDER3803
3803,ORDER3804,2023-03-13,Failed,89,84.82,5,RIDER3804
3804,ORDER3805,2023-03-05,In Transit,38,210.57,4,RIDER3805
3805,ORDER3806,2023-03-12,In Transit,106,51.2,2,RIDER3806
3806,ORDER3807,2023-08-17,Failed,112,355.36,1,RIDER3807
3807,ORDER3808,2023-11-09,Failed,52,177.29,2,RIDER3808
3808,ORDER3809,2023-01-30,In Transit,63,255.45,2,RIDER3809
3809,ORDER3810,2023-04-03,Failed,105,355.07,5,RIDER3810
3810,ORDER3811,2023-03-25,In Transit,55,469.18,2,RIDER3811
3811,ORDER3812,2023-06-09,Delivered,77,317.14,5,RIDER3812
3812,ORDER3813,2023-04-01,Delivered,16,239.55,5,RIDER3813
3813,ORDER3814,2023-07-16,In Transit,117,365.53,3,RIDER3814
3814,ORDER3815,2023-01-30,Failed,60,320.87,2,RIDER3815
3815,ORDER3816,2023-03-13,In Transit,106,168.73,1,RIDER3816
3816,ORDER3817,2023-12-11,Failed,61,124.33,5,RIDER3817
3817,ORDER3818,2023-06-15,In Transit,67,415.55,1,RIDER3818
3818,ORDER3819,2023-07-31,In Transit,59,151.28,2,RIDER3819
3819,ORDER3820,2023-09-19,In Transit,57,184.68,3,RIDER3820
3820,ORDER3821,2023-07-01,Delivered,82,246.03,5,RIDER3821
3821,ORDER3822,2023-01-01,Failed,44,160.49,3,RIDER3822
3822,ORDER3823,2023-05-11,Delivered,34,394.59,3,RIDER3823
3823,ORDER3824,2023-06-22,In Transit,40,284.54,5,RIDER3824
3824,ORDER3825,2023-12-06,Delivered,30,88.39,4,RIDER3825
3825,ORDER3826,2023-11-18,Delivered,109,55.03,3,RIDER3826
3826,ORDER3827,2023-04-08,In Transit,100,428.4,3,RIDER3827
3827,ORDER3828,2023-02-17,In Transit,113,175.64,5,RIDER3828
3828,ORDER3829,2023-10-29,In Transit,21,123.03,4,RIDER3829
3829,ORDER3830,2023-12-22,Delivered,37,359.42,2,RIDER3830
3830,ORDER3831,2023-04-04,Delivered,72,92.22,4,RIDER3831
3831,ORDER3832,2023-12-06,Failed,105,54.03,2,RIDER3832
3832,ORDER3833,2023-06-21,Delivered,66,104.26,4,RIDER3833
3833,ORDER3834,2023-12-13,Delivered,95,467.4,3,RIDER3834
3834,ORDER3835,2023-09-08,Failed,88,466.62,3,RIDER3835
3835,ORDER3836,2023-06-25,In Transit,58,472.13,3,RIDER3836
3836,ORDER3837,2023-06-10,Failed,118,94.43,2,RIDER3837
3837,ORDER3838,2023-01-20,Failed,74,315.62,5,RIDER3838
3838,ORDER3839,2023-05-29,In Transit,86,413.7,5,RIDER3839
3839,ORDER3840,2023-09-15,Delivered,95,382.65,3,RIDER3840
3840,ORDER3841,2023-01-22,In Transit,43,344.62,5,RIDER3841
3841,ORDER3842,2023-06-29,Delivered,94,354.96,5,RIDER3842
3842,ORDER3843,2023-07-16,Failed,10,448.38,2,RIDER3843
3843,ORDER3844,2023-11-22,Delivered,110,218.62,3,RIDER3844
3844,ORDER3845,2023-01-24,In Transit,48,129.64,3,RIDER3845
3845,ORDER3846,2023-08-04,In Transit,57,86.09,2,RIDER3846
3846,ORDER3847,2023-08-10,In Transit,104,394.34,5,RIDER3847
3847,ORDER3848,2023-10-29,Failed,84,119.61,5,RIDER3848
3848,ORDER3849,2023-10-06,Delivered,20,477.63,1,RIDER3849
3849,ORDER3850,2023-10-11,Failed,80,239.49,1,RIDER3850
3850,ORDER3851,2023-07-15,In Transit,76,254.24,4,RIDER3851
3851,ORDER3852,2023-05-14,Delivered,29,424.8,4,RIDER3852
3852,ORDER3853,2023-04-04,Failed,81,222.79,2,RIDER3853
3853,ORDER3854,2023-05-23,In Transit,92,403.0,3,RIDER3854
3854,ORDER3855,2023-08-15,Failed,118,330.64,5,RIDER3855
3855,ORDER3856,2023-01-10,Failed,43,394.38,4,RIDER3856
3856,ORDER3857,2023-09-07,Delivered,17,240.37,1,RIDER3857
3857,ORDER3858,2023-05-23,Delivered,74,248.46,1,RIDER3858
3858,ORDER3859,2023-12-17,Delivered,44,122.21,1,RIDER3859
3859,ORDER3860,2023-12-02,Failed,116,190.4,3,RIDER3860
3860,ORDER3861,2023-12-18,In Transit,32,90.15,1,RIDER3861
3861,ORDER3862,2023-12-10,Delivered,91,437.49,1,RIDER3862
3862,ORDER3863,2023-03-06,Failed,22,102.84,2,RIDER3863
3863,ORDER3864,2023-02-02,In Transit,100,91.08,5,RIDER3864
3864,ORDER3865,2023-10-30,In Transit,77,458.55,4,RIDER3865
3865,ORDER3866,2023-10-27,Failed,97,236.07,1,RIDER3866
3866,ORDER3867,2023-12-26,Delivered,19,245.87,3,RIDER3867
3867,ORDER3868,2023-09-21,Failed,29,82.33,1,RIDER3868
3868,ORDER3869,2023-06-21,Failed,70,364.78,2,RIDER3869
3869,ORDER3870,2023-06-30,Delivered,54,370.57,1,RIDER3870
3870,ORDER3871,2023-05-30,Failed,117,359.03,5,RIDER3871
3871,ORDER3872,2023-09-19,Delivered,30,196.78,2,RIDER3872
3872,ORDER3873,2023-06-01,Failed,71,278.11,5,RIDER3873
3873,ORDER3874,2023-05-24,In Transit,106,399.47,4,RIDER3874
3874,ORDER3875,2023-09-24,Delivered,93,273.14,1,RIDER3875
3875,ORDER3876,2023-04-04,In Transit,36,159.43,1,RIDER3876
3876,ORDER3877,2023-06-09,In Transit,97,429.17,2,RIDER3877
3877,ORDER3878,2023-08-25,Failed,53,231.74,4,RIDER3878
3878,ORDER3879,2023-12-23,Delivered,86,491.44,2,RIDER3879
3879,ORDER3880,2023-11-05,Delivered,33,145.85,2,RIDER3880
3880,ORDER3881,2023-11-22,Delivered,105,375.96,1,RIDER3881
3881,ORDER3882,2023-09-20,Delivered,111,126.54,1,RIDER3882
3882,ORDER3883,2023-09-07,Failed,94,390.17,5,RIDER3883
3883,ORDER3884,2023-01-26,Delivered,113,180.08,1,RIDER3884
3884,ORDER3885,2023-10-09,In Transit,94,76.65,4,RIDER3885
3885,ORDER3886,2023-10-04,Delivered,97,113.32,2,RIDER3886
3886,ORDER3887,2023-07-04,In Transit,80,69.58,2,RIDER3887
3887,ORDER3888,2023-12-15,In Transit,68,418.3,1,RIDER3888
3888,ORDER3889,2023-09-09,Failed,24,436.4,5,RIDER3889
3889,ORDER3890,2023-01-01,Delivered,73,344.39,4,RIDER3890
3890,ORDER3891,2023-12-10,In Transit,27,270.16,3,RIDER3891
3891,ORDER3892,2023-06-24,Delivered,58,217.66,5,RIDER3892
3892,ORDER3893,2023-08-13,Failed,108,292.05,3,RIDER3893
3893,ORDER3894,2023-09-21,In Transit,58,188.01,4,RIDER3894
3894,ORDER3895,2023-10-23,In Transit,15,268.82,1,RIDER3895
3895,ORDER3896,2023-04-12,Failed,77,425.24,2,RIDER3896
3896,ORDER3897,2023-11-11,Failed,119,282.63,2,RIDER3897
3897,ORDER3898,2023-07-03,Delivered,52,166.55,2,RIDER3898
3898,ORDER3899,2023-08-25,In Transit,21,497.24,2,RIDER3899
3899,ORDER3900,2023-08-20,Failed,16,478.36,5,RIDER3900
3900,ORDER3901,2023-06-20,Delivered,44,258.61,1,RIDER3901
3901,ORDER3902,2023-03-04,In Transit,94,336.23,2,RIDER3902
3902,ORDER3903,2023-01-08,Failed,40,281.69,2,RIDER3903
3903,ORDER3904,2023-12-26,Delivered,103,282.3,3,RIDER3904
3904,ORDER3905,2023-05-17,Delivered,24,498.48,1,RIDER3905
3905,ORDER3906,2023-03-16,Failed,21,279.16,5,RIDER3906
3906,ORDER3907,2023-03-27,In Transit,54,245.67,4,RIDER3907
3907,ORDER3908,2023-02-04,Failed,90,371.0,1,RIDER3908
3908,ORDER3909,2023-06-02,Failed,51,435.26,4,RIDER3909
3909,ORDER3910,2023-04-15,Failed,32,264.54,2,RIDER3910
3910,ORDER3911,2023-06-09,In Transit,32,449.62,1,RIDER3911
3911,ORDER3912,2023-09-27,Delivered,61,334.08,3,RIDER3912
3912,ORDER3913,2023-05-21,Delivered,79,259.13,5,RIDER3913
3913,ORDER3914,2023-07-17,In Transit,84,367.21,1,RIDER3914
3914,ORDER3915,2023-05-10,Delivered,86,69.6,5,RIDER3915
3915,ORDER3916,2023-05-18,Failed,89,199.45,4,RIDER3916
3916,ORDER3917,2023-11-07,In Transit,70,114.64,2,RIDER3917
3917,ORDER3918,2023-05-11,In Transit,52,469.86,1,RIDER3918
3918,ORDER3919,2023-12-13,Failed,92,89.54,5,RIDER3919
3919,ORDER3920,2023-06-04,Delivered,29,275.58,5,RIDER3920
3920,ORDER3921,2023-09-01,In Transit,118,492.73,3,RIDER3921
3921,ORDER3922,2023-02-03,Failed,93,239.93,5,RIDER3922
3922,ORDER3923,2023-09-06,In Transit,98,490.61,4,RIDER3923
3923,ORDER3924,2023-04-07,In Transit,28,197.86,2,RIDER3924
3924,ORDER3925,2023-07-11,In Transit,20,75.8,2,RIDER3925
3925,ORDER3926,2023-08-11,In Transit,120,326.41,5,RIDER3926
3926,ORDER3927,2023-12-02,In Transit,22,306.6,1,RIDER3927
3927,ORDER3928,2023-12-12,Failed,41,313.24,4,RIDER3928
3928,ORDER3929,2023-02-20,In Transit,29,489.54,2,RIDER3929
3929,ORDER3930,2023-05-20,In Transit,102,434.4,4,RIDER3930
3930,ORDER3931,2023-06-01,In Transit,58,203.9,2,RIDER3931
3931,ORDER3932,2023-03-27,Delivered,23,474.12,1,RIDER3932
3932,ORDER3933,2023-12-31,Delivered,27,114.15,4,RIDER3933
3933,ORDER3934,2023-08-07,Delivered,88,206.93,3,RIDER3934
3934,ORDER3935,2023-07-09,In Transit,18,120.95,2,RIDER3935
3935,ORDER3936,2023-12-12,Delivered,20,235.72,3,RIDER3936
3936,ORDER3937,2023-07-13,Failed,38,281.07,3,RIDER3937
3937,ORDER3938,2023-10-21,Delivered,88,204.81,4,RIDER3938
3938,ORDER3939,2023-02-23,Delivered,66,179.95,2,RIDER3939
3939,ORDER3940,2023-01-07,Failed,57,265.58,4,RIDER3940
3940,ORDER3941,2023-07-29,Delivered,40,250.1,5,RIDER3941
3941,ORDER3942,2023-04-26,Failed,70,348.94,3,RIDER3942
3942,ORDER3943,2023-12-11,In Transit,107,337.51,4,RIDER3943
3943,ORDER3944,2023-07-06,In Transit,93,299.68,1,RIDER3944
3944,ORDER3945,2023-10-30,Delivered,17,313.31,4,RIDER3945
3945,ORDER3946,2023-11-14,In Transit,77,319.41,1,RIDER3946
3946,ORDER3947,2023-08-22,In Transit,90,159.05,3,RIDER3947
3947,ORDER3948,2023-09-16,Failed,93,77.39,2,RIDER3948
3948,ORDER3949,2023-08-25,Delivered,28,367.29,1,RIDER3949
3949,ORDER3950,2023-08-31,Failed,29,377.95,2,RIDER3950
3950,ORDER3951,2023-05-03,Delivered,64,183.08,1,RIDER3951
3951,ORDER3952,2023-06-07,Failed,47,118.65,1,RIDER3952
3952,ORDER3953,2023-02-18,Delivered,45,151.68,1,RIDER3953
3953,ORDER3954,2023-02-09,Failed,94,171.23,5,RIDER3954
3954,ORDER3955,2023-09-17,Failed,103,424.44,1,RIDER3955
3955,ORDER3956,2023-10-11,Delivered,104,447.32,4,RIDER3956
3956,ORDER3957,2023-03-27,Failed,120,328.54,5,RIDER3957
3957,ORDER3958,2023-12-14,Delivered,27,67.34,1,RIDER3958
3958,ORDER3959,2023-11-23,In Transit,53,270.84,2,RIDER3959
3959,ORDER3960,2023-04-15,Failed,82,315.09,3,RIDER3960
3960,ORDER3961,2023-03-27,Failed,92,213.79,3,RIDER3961
3961,ORDER3962,2023-02-15,In Transit,65,405.52,1,RIDER3962
3962,ORDER3963,2023-04-15,Failed,115,291.1,2,RIDER3963
3963,ORDER3964,2023-06-12,Delivered,68,479.58,5,RIDER3964
3964,ORDER3965,2023-01-31,Delivered,71,394.25,5,RIDER3965
3965,ORDER3966,2023-11-22,Delivered,30,470.64,3,RIDER3966
3966,ORDER3967,2023-12-08,Failed,60,461.52,2,RIDER3967
3967,ORDER3968,2023-12-01,Failed,11,91.04,4,RIDER3968
3968,ORDER3969,2023-04-10,Delivered,99,121.7,3,RIDER3969
3969,ORDER3970,2023-04-03,Failed,108,86.04,3,RIDER3970
3970,ORDER3971,2023-05-17,Failed,34,334.0,2,RIDER3971
3971,ORDER3972,2023-05-16,Failed,67,126.93,2,RIDER3972
3972,ORDER3973,2023-11-28,Failed,60,391.49,2,RIDER3973
3973,ORDER3974,2023-09-24,In Transit,96,499.11,4,RIDER3974
3974,ORDER3975,2023-01-19,Failed,79,61.12,5,RIDER3975
3975,ORDER3976,2023-10-29,In Transit,106,428.91,3,RIDER3976
3976,ORDER3977,2023-01-19,In Transit,31,311.86,3,RIDER3977
3977,ORDER3978,2023-12-21,Failed,14,442.35,4,RIDER3978
3978,ORDER3979,2023-09-17,Delivered,66,221.72,5,RIDER3979
3979,ORDER3980,2023-11-04,Delivered,20,190.44,3,RIDER3980
3980,ORDER3981,2023-01-23,Delivered,40,482.08,5,RIDER3981
3981,ORDER3982,2023-04-14,Failed,13,349.46,4,RIDER3982
3982,ORDER3983,2023-12-09,Failed,54,314.29,2,RIDER3983
3983,ORDER3984,2023-01-10,In Transit,109,263.6,4,RIDER3984
3984,ORDER3985,2023-01-15,In Transit,110,441.25,4,RIDER3985
3985,ORDER3986,2023-12-12,In Transit,22,85.61,3,RIDER3986
3986,ORDER3987,2023-10-20,In Transit,48,114.66,5,RIDER3987
3987,ORDER3988,2023-10-28,Delivered,100,238.62,4,RIDER3988
3988,ORDER3989,2023-08-09,Failed,59,429.54,4,RIDER3989
3989,ORDER3990,2023-09-22,Failed,89,485.41,2,RIDER3990
3990,ORDER3991,2023-10-04,Failed,60,322.82,3,RIDER3991
3991,ORDER3992,2023-12-02,Failed,31,277.31,4,RIDER3992
3992,ORDER3993,2023-11-10,Delivered,21,325.2,4,RIDER3993
3993,ORDER3994,2023-08-30,Delivered,113,394.69,4,RIDER3994
3994,ORDER3995,2023-10-14,In Transit,62,74.6,1,RIDER3995
3995,ORDER3996,2023-06-24,Failed,28,72.27,3,RIDER3996
3996,ORDER3997,2023-05-09,Failed,95,349.81,5,RIDER3997
3997,ORDER3998,2023-05-25,Failed,35,171.23,3,RIDER3998
3998,ORDER3999,2023-07-04,Failed,40,186.47,3,RIDER3999
3999,ORDER4000,2023-12-11,In Transit,13,466.6,3,RIDER4000
4000,ORDER4001,2023-07-27,Delivered,97,349.08,4,RIDER4001
4001,ORDER4002,2023-02-01,Delivered,89,139.02,4,RIDER4002
4002,ORDER4003,2023-03-31,Failed,109,344.63,5,RIDER4003
4003,ORDER4004,2023-03-02,Failed,115,437.76,5,RIDER4004
4004,ORDER4005,2023-02-26,Delivered,63,353.52,4,RIDER4005
4005,ORDER4006,2023-01-01,Failed,111,158.93,2,RIDER4006
4006,ORDER4007,2023-08-15,In Transit,49,300.87,2,RIDER4007
4007,ORDER4008,2023-07-12,Failed,25,317.19,5,RIDER4008
4008,ORDER4009,2023-04-11,Failed,65,229.09,1,RIDER4009
4009,ORDER4010,2023-10-19,Failed,113,419.22,5,RIDER4010
4010,ORDER4011,2023-08-20,Delivered,11,446.08,4,RIDER4011
4011,ORDER4012,2023-05-07,Failed,29,115.2,3,RIDER4012
4012,ORDER4013,2023-08-15,Delivered,119,173.26,3,RIDER4013
4013,ORDER4014,2023-06-16,Failed,92,443.6,1,RIDER4014
4014,ORDER4015,2023-07-29,Failed,73,204.26,4,RIDER4015
4015,ORDER4016,2023-12-24,Failed,113,348.77,3,RIDER4016
4016,ORDER4017,2023-07-03,Delivered,66,446.13,3,RIDER4017
4017,ORDER4018,2023-09-01,Delivered,109,218.15,2,RIDER4018
4018,ORDER4019,2023-09-10,Delivered,106,459.39,5,RIDER4019
4019,ORDER4020,2023-10-05,Failed,47,402.0,2,RIDER4020
4020,ORDER4021,2023-10-13,In Transit,25,390.52,4,RIDER4021
4021,ORDER4022,2023-01-15,Delivered,83,136.23,4,RIDER4022
4022,ORDER4023,2023-11-30,In Transit,28,109.37,5,RIDER4023
4023,ORDER4024,2023-02-12,Failed,116,238.38,2,RIDER4024
4024,ORDER4025,2023-12-14,Delivered,13,64.83,4,RIDER4025
4025,ORDER4026,2023-11-20,Failed,45,65.82,1,RIDER4026
4026,ORDER4027,2023-11-10,In Transit,91,385.79,2,RIDER4027
4027,ORDER4028,2023-06-17,In Transit,26,97.78,5,RIDER4028
4028,ORDER4029,2023-09-05,Delivered,19,381.65,3,RIDER4029
4029,ORDER4030,2023-06-22,In Transit,19,241.63,1,RIDER4030
4030,ORDER4031,2023-01-12,Failed,38,426.56,4,RIDER4031
4031,ORDER4032,2023-05-13,Delivered,23,451.84,4,RIDER4032
4032,ORDER4033,2023-09-27,In Transit,71,186.54,2,RIDER4033
4033,ORDER4034,2023-08-09,Failed,99,107.12,3,RIDER4034
4034,ORDER4035,2023-02-25,Delivered,81,69.1,2,RIDER4035
4035,ORDER4036,2023-11-07,In Transit,36,174.59,5,RIDER4036
4036,ORDER4037,2023-09-13,In Transit,107,332.7,4,RIDER4037
4037,ORDER4038,2023-07-21,Delivered,93,188.06,4,RIDER4038
4038,ORDER4039,2023-10-17,Failed,102,252.16,3,RIDER4039
4039,ORDER4040,2023-04-20,Delivered,21,64.75,5,RIDER4040
4040,ORDER4041,2023-01-04,Delivered,56,259.68,1,RIDER4041
4041,ORDER4042,2023-11-20,In Transit,81,167.83,5,RIDER4042
4042,ORDER4043,2023-07-31,Delivered,20,296.8,2,RIDER4043
4043,ORDER4044,2023-10-16,Delivered,77,376.42,5,RIDER4044
4044,ORDER4045,2023-04-26,In Transit,117,214.7,3,RIDER4045
4045,ORDER4046,2023-06-30,In Transit,39,422.75,4,RIDER4046
4046,ORDER4047,2023-06-15,In Transit,59,424.1,2,RIDER4047
4047,ORDER4048,2023-04-21,Delivered,59,148.61,3,RIDER4048
4048,ORDER4049,2023-06-29,In Transit,15,413.88,4,RIDER4049
4049,ORDER4050,2023-09-16,In Transit,75,461.23,4,RIDER4050
4050,ORDER4051,2023-08-14,Delivered,17,383.82,1,RIDER4051
4051,ORDER4052,2023-09-01,Failed,82,71.32,5,RIDER4052
4052,ORDER4053,2023-09-17,In Transit,79,186.38,1,RIDER4053
4053,ORDER4054,2023-12-01,Failed,20,110.79,2,RIDER4054
4054,ORDER4055,2023-10-21,In Transit,112,298.14,5,RIDER4055
4055,ORDER4056,2023-12-14,Delivered,45,363.86,2,RIDER4056
4056,ORDER4057,2023-11-21,Delivered,103,387.91,4,RIDER4057
4057,ORDER4058,2023-03-17,Delivered,68,261.52,5,RIDER4058
4058,ORDER4059,2023-09-26,Failed,99,312.71,1,RIDER4059
4059,ORDER4060,2023-01-23,In Transit,68,179.13,4,RIDER4060
4060,ORDER4061,2023-06-10,Failed,17,51.7,2,RIDER4061
4061,ORDER4062,2023-04-22,Delivered,67,359.88,4,RIDER4062
4062,ORDER4063,2023-11-04,In Transit,23,235.41,3,RIDER4063
4063,ORDER4064,2023-12-15,Failed,73,448.15,2,RIDER4064
4064,ORDER4065,2023-03-19,Failed,73,429.68,1,RIDER4065
4065,ORDER4066,2023-08-15,Delivered,39,305.39,1,RIDER4066
4066,ORDER4067,2023-01-13,In Transit,117,57.17,3,RIDER4067
4067,ORDER4068,2023-08-30,Delivered,17,78.35,5,RIDER4068
4068,ORDER4069,2023-09-02,Delivered,106,207.35,1,RIDER4069
4069,ORDER4070,2023-04-26,Delivered,29,197.75,3,RIDER4070
4070,ORDER4071,2023-06-18,Delivered,116,136.72,4,RIDER4071
4071,ORDER4072,2023-08-03,Delivered,43,100.04,3,RIDER4072
4072,ORDER4073,2023-04-21,Delivered,80,378.42,2,RIDER4073
4073,ORDER4074,2023-02-02,Delivered,45,57.04,2,RIDER4074
4074,ORDER4075,2023-03-05,Failed,76,287.32,1,RIDER4075
4075,ORDER4076,2023-04-10,Delivered,76,272.44,3,RIDER4076
4076,ORDER4077,2023-02-14,Delivered,69,490.74,4,RIDER4077
4077,ORDER4078,2023-11-28,Delivered,34,400.14,1,RIDER4078
4078,ORDER4079,2023-05-02,Delivered,25,349.5,2,RIDER4079
4079,ORDER4080,2023-09-05,Failed,84,374.51,3,RIDER4080
4080,ORDER4081,2023-03-14,In Transit,30,477.27,1,RIDER4081
4081,ORDER4082,2023-06-27,Delivered,62,119.03,5,RIDER4082
4082,ORDER4083,2023-12-07,Failed,89,487.59,4,RIDER4083
4083,ORDER4084,2023-08-26,Delivered,82,349.99,2,RIDER4084
4084,ORDER4085,2023-10-01,Delivered,97,361.06,4,RIDER4085
4085,ORDER4086,2023-05-16,Failed,42,208.33,3,RIDER4086
4086,ORDER4087,2023-02-15,Delivered,119,89.95,5,RIDER4087
4087,ORDER4088,2023-12-27,In Transit,84,278.64,3,RIDER4088
4088,ORDER4089,2023-01-15,In Transit,47,103.77,3,RIDER4089
4089,ORDER4090,2023-06-12,In Transit,90,179.89,2,RIDER4090
4090,ORDER4091,2023-09-27,In Transit,42,309.93,1,RIDER4091
4091,ORDER4092,2023-10-29,Delivered,80,441.53,3,RIDER4092
4092,ORDER4093,2023-11-19,Failed,59,454.49,3,RIDER4093
4093,ORDER4094,2023-06-15,In Transit,43,115.54,1,RIDER4094
4094,ORDER4095,2023-12-26,Failed,86,494.87,1,RIDER4095
4095,ORDER4096,2023-01-05,Failed,68,175.63,4,RIDER4096
4096,ORDER4097,2023-03-20,Failed,77,231.26,2,RIDER4097
4097,ORDER4098,2023-10-05,In Transit,62,180.54,5,RIDER4098
4098,ORDER4099,2023-03-11,In Transit,63,303.29,4,RIDER4099
4099,ORDER4100,2023-11-24,In Transit,37,274.37,4,RIDER4100
4100,ORDER4101,2023-11-29,In Transit,14,141.75,1,RIDER4101
4101,ORDER4102,2023-07-12,Delivered,58,462.63,3,RIDER4102
4102,ORDER4103,2023-09-09,In Transit,89,194.47,4,RIDER4103
4103,ORDER4104,2023-09-25,Delivered,77,84.8,4,RIDER4104
4104,ORDER4105,2023-05-11,In Transit,50,164.84,2,RIDER4105
4105,ORDER4106,2023-10-30,In Transit,63,118.39,5,RIDER4106
4106,ORDER4107,2023-02-06,Failed,99,375.09,3,RIDER4107
4107,ORDER4108,2023-09-25,Failed,67,73.64,4,RIDER4108
4108,ORDER4109,2023-02-14,Failed,55,111.8,5,RIDER4109
4109,ORDER4110,2023-08-29,Delivered,80,353.28,2,RIDER4110
4110,ORDER4111,2023-11-25,Failed,15,84.49,3,RIDER4111
4111,ORDER4112,2023-06-20,Failed,106,410.79,5,RIDER4112
4112,ORDER4113,2023-02-09,Delivered,64,207.25,4,RIDER4113
4113,ORDER4114,2023-07-04,Delivered,87,151.63,4,RIDER4114
4114,ORDER4115,2023-10-22,In Transit,120,54.43,5,RIDER4115
4115,ORDER4116,2023-04-23,In Transit,68,246.55,4,RIDER4116
4116,ORDER4117,2023-02-15,Delivered,80,290.07,4,RIDER4117
4117,ORDER4118,2023-04-06,Failed,98,373.56,3,RIDER4118
4118,ORDER4119,2023-03-28,In Transit,12,440.15,5,RIDER4119
4119,ORDER4120,2023-03-07,Delivered,36,359.42,2,RIDER4120
4120,ORDER4121,2023-10-29,Failed,42,471.14,1,RIDER4121
4121,ORDER4122,2023-07-18,Failed,79,378.12,2,RIDER4122
4122,ORDER4123,2023-02-25,Delivered,21,219.34,3,RIDER4123
4123,ORDER4124,2023-02-04,In Transit,96,196.51,2,RIDER4124
4124,ORDER4125,2023-05-11,Failed,20,276.99,1,RIDER4125
4125,ORDER4126,2023-03-14,Failed,111,171.78,5,RIDER4126
4126,ORDER4127,2023-07-04,Failed,89,54.64,1,RIDER4127
4127,ORDER4128,2023-05-24,Delivered,108,361.91,3,RIDER4128
4128,ORDER4129,2023-02-17,Failed,109,496.39,5,RIDER4129
4129,ORDER4130,2023-06-16,Failed,61,402.92,3,RIDER4130
4130,ORDER4131,2023-01-21,Delivered,31,216.05,3,RIDER4131
4131,ORDER4132,2023-12-16,Delivered,73,244.78,3,RIDER4132
4132,ORDER4133,2023-11-03,Failed,37,456.57,2,RIDER4133
4133,ORDER4134,2023-05-25,In Transit,20,393.69,1,RIDER4134
4134,ORDER4135,2023-07-19,In Transit,38,280.71,1,RIDER4135
4135,ORDER4136,2023-08-07,Failed,26,397.59,3,RIDER4136
4136,ORDER4137,2023-12-08,In Transit,92,289.68,2,RIDER4137
4137,ORDER4138,2023-09-22,Delivered,105,57.14,5,RIDER4138
4138,ORDER4139,2023-12-08,Delivered,34,466.79,2,RIDER4139
4139,ORDER4140,2023-10-01,In Transit,34,372.93,2,RIDER4140
4140,ORDER4141,2023-07-19,Failed,41,147.32,4,RIDER4141
4141,ORDER4142,2023-09-03,Delivered,61,394.87,2,RIDER4142
4142,ORDER4143,2023-10-20,Failed,83,89.11,5,RIDER4143
4143,ORDER4144,2023-12-12,Failed,48,244.79,1,RIDER4144
4144,ORDER4145,2023-01-14,Delivered,99,170.57,4,RIDER4145
4145,ORDER4146,2023-07-01,In Transit,64,310.69,3,RIDER4146
4146,ORDER4147,2023-11-28,In Transit,59,146.79,2,RIDER4147
4147,ORDER4148,2023-08-16,Failed,68,237.34,1,RIDER4148
4148,ORDER4149,2023-01-06,Failed,89,154.96,2,RIDER4149
4149,ORDER4150,2023-10-26,Failed,68,255.45,5,RIDER4150
4150,ORDER4151,2023-07-23,In Transit,110,345.89,1,RIDER4151
4151,ORDER4152,2023-01-14,In Transit,59,431.26,4,RIDER4152
4152,ORDER4153,2023-11-30,In Transit,114,352.1,1,RIDER4153
4153,ORDER4154,2023-12-27,In Transit,112,314.31,4,RIDER4154
4154,ORDER4155,2023-09-26,Failed,84,495.94,5,RIDER4155
4155,ORDER4156,2023-04-04,Failed,20,417.78,4,RIDER4156
4156,ORDER4157,2023-09-27,In Transit,60,119.98,1,RIDER4157
4157,ORDER4158,2023-06-26,In Transit,101,198.7,3,RIDER4158
4158,ORDER4159,2023-02-24,Failed,27,396.26,3,RIDER4159
4159,ORDER4160,2023-02-22,Failed,113,445.39,2,RIDER4160
4160,ORDER4161,2023-05-03,In Transit,65,305.32,1,RIDER4161
4161,ORDER4162,2023-09-05,Failed,108,165.78,1,RIDER4162
4162,ORDER4163,2023-02-20,Delivered,35,167.99,1,RIDER4163
4163,ORDER4164,2023-07-29,In Transit,84,175.43,4,RIDER4164
4164,ORDER4165,2023-02-16,Failed,118,271.38,2,RIDER4165
4165,ORDER4166,2023-01-25,Delivered,55,262.48,4,RIDER4166
4166,ORDER4167,2023-07-28,Delivered,112,133.77,1,RIDER4167
4167,ORDER4168,2023-01-31,Failed,82,249.33,4,RIDER4168
4168,ORDER4169,2023-03-21,Delivered,98,442.81,1,RIDER4169
4169,ORDER4170,2023-05-26,Delivered,56,138.43,1,RIDER4170
4170,ORDER4171,2023-06-06,In Transit,19,321.84,4,RIDER4171
4171,ORDER4172,2023-05-25,Delivered,25,444.49,3,RIDER4172
4172,ORDER4173,2023-09-22,In Transit,72,460.87,1,RIDER4173
4173,ORDER4174,2023-03-09,In Transit,116,174.59,2,RIDER4174
4174,ORDER4175,2023-04-29,Delivered,81,317.05,1,RIDER4175
4175,ORDER4176,2023-03-27,In Transit,120,183.96,3,RIDER4176
4176,ORDER4177,2023-08-27,Delivered,84,222.28,1,RIDER4177
4177,ORDER4178,2023-08-31,Delivered,103,269.63,3,RIDER4178
4178,ORDER4179,2023-08-27,Delivered,32,178.29,1,RIDER4179
4179,ORDER4180,2023-09-05,In Transit,81,302.32,4,RIDER4180
4180,ORDER4181,2023-08-17,Delivered,61,397.5,3,RIDER4181
4181,ORDER4182,2023-03-12,In Transit,104,92.23,2,RIDER4182
4182,ORDER4183,2023-11-06,Failed,96,368.57,5,RIDER4183
4183,ORDER4184,2023-10-13,Delivered,107,228.73,5,RIDER4184
4184,ORDER4185,2023-12-13,Failed,13,167.6,4,RIDER4185
4185,ORDER4186,2023-07-02,Failed,69,270.28,3,RIDER4186
4186,ORDER4187,2023-02-15,Failed,119,56.89,3,RIDER4187
4187,ORDER4188,2023-10-31,In Transit,103,490.12,3,RIDER4188
4188,ORDER4189,2023-02-25,Failed,79,105.71,2,RIDER4189
4189,ORDER4190,2023-01-30,Failed,107,407.74,5,RIDER4190
4190,ORDER4191,2023-10-28,Delivered,54,445.6,5,RIDER4191
4191,ORDER4192,2023-03-17,Failed,99,393.62,3,RIDER4192
4192,ORDER4193,2023-06-09,Failed,59,314.03,1,RIDER4193
4193,ORDER4194,2023-11-10,Delivered,30,362.65,4,RIDER4194
4194,ORDER4195,2023-08-25,Delivered,118,375.0,2,RIDER4195
4195,ORDER4196,2023-06-22,Delivered,114,131.94,5,RIDER4196
4196,ORDER4197,2023-05-23,Delivered,36,208.94,3,RIDER4197
4197,ORDER4198,2023-08-06,In Transit,20,67.97,4,RIDER4198
4198,ORDER4199,2023-12-25,Failed,34,61.41,3,RIDER4199
4199,ORDER4200,2023-11-20,In Transit,14,173.23,4,RIDER4200
4200,ORDER4201,2023-04-15,In Transit,101,422.94,1,RIDER4201
4201,ORDER4202,2023-03-04,In Transit,99,321.25,1,RIDER4202
4202,ORDER4203,2023-11-17,In Transit,63,246.05,5,RIDER4203
4203,ORDER4204,2023-10-23,Failed,91,329.81,2,RIDER4204
4204,ORDER4205,2023-12-26,Failed,55,273.7,3,RIDER4205
4205,ORDER4206,2023-03-03,Delivered,104,238.88,3,RIDER4206
4206,ORDER4207,2023-07-23,Delivered,80,117.54,3,RIDER4207
4207,ORDER4208,2023-12-31,Failed,114,256.51,5,RIDER4208
4208,ORDER4209,2023-04-01,Failed,68,383.24,4,RIDER4209
4209,ORDER4210,2023-11-18,In Transit,67,158.2,2,RIDER4210
4210,ORDER4211,2023-02-07,In Transit,85,213.2,2,RIDER4211
4211,ORDER4212,2023-05-08,Delivered,92,78.31,5,RIDER4212
4212,ORDER4213,2023-02-18,Failed,21,77.64,5,RIDER4213
4213,ORDER4214,2023-09-09,Delivered,15,274.92,3,RIDER4214
4214,ORDER4215,2023-05-04,In Transit,20,295.43,1,RIDER4215
4215,ORDER4216,2023-04-18,In Transit,86,274.25,4,RIDER4216
4216,ORDER4217,2023-07-14,In Transit,40,499.82,2,RIDER4217
4217,ORDER4218,2023-07-11,In Transit,15,60.05,5,RIDER4218
4218,ORDER4219,2023-10-21,Failed,117,402.6,5,RIDER4219
4219,ORDER4220,2023-04-15,Delivered,14,433.63,2,RIDER4220
4220,ORDER4221,2023-11-16,In Transit,99,186.96,5,RIDER4221
4221,ORDER4222,2023-12-11,Delivered,34,352.4,5,RIDER4222
4222,ORDER4223,2023-08-17,In Transit,92,362.31,5,RIDER4223
4223,ORDER4224,2023-01-17,Delivered,57,454.62,1,RIDER4224
4224,ORDER4225,2023-12-23,Failed,69,256.07,5,RIDER4225
4225,ORDER4226,2023-10-15,Failed,48,316.91,3,RIDER4226
4226,ORDER4227,2023-05-07,Failed,111,111.47,4,RIDER4227
4227,ORDER4228,2023-01-30,In Transit,78,246.44,1,RIDER4228
4228,ORDER4229,2023-12-16,In Transit,33,450.95,3,RIDER4229
4229,ORDER4230,2023-02-05,In Transit,118,91.51,2,RIDER4230
4230,ORDER4231,2023-07-13,In Transit,13,380.31,1,RIDER4231
4231,ORDER4232,2023-09-23,Failed,52,254.48,2,RIDER4232
4232,ORDER4233,2023-09-03,Failed,14,209.28,3,RIDER4233
4233,ORDER4234,2023-11-07,Failed,93,450.59,4,RIDER4234
4234,ORDER4235,2023-01-24,In Transit,65,64.29,4,RIDER4235
4235,ORDER4236,2023-02-05,In Transit,94,262.73,4,RIDER4236
4236,ORDER4237,2023-06-29,In Transit,44,386.34,5,RIDER4237
4237,ORDER4238,2023-11-04,Delivered,79,286.17,3,RIDER4238
4238,ORDER4239,2023-03-14,Failed,92,431.58,2,RIDER4239
4239,ORDER4240,2023-03-08,Failed,95,103.06,3,RIDER4240
4240,ORDER4241,2023-02-04,In Transit,53,161.52,4,RIDER4241
4241,ORDER4242,2023-05-02,In Transit,104,188.6,1,RIDER4242
4242,ORDER4243,2023-08-04,Delivered,76,245.18,4,RIDER4243
4243,ORDER4244,2023-08-28,Delivered,87,202.26,4,RIDER4244
4244,ORDER4245,2023-02-28,Failed,87,450.05,5,RIDER4245
4245,ORDER4246,2023-04-05,In Transit,115,463.79,5,RIDER4246
4246,ORDER4247,2023-01-27,Delivered,19,310.95,2,RIDER4247
4247,ORDER4248,2023-12-26,Delivered,36,239.29,2,RIDER4248
4248,ORDER4249,2023-02-05,Delivered,78,86.44,2,RIDER4249
4249,ORDER4250,2023-09-24,Failed,35,257.85,1,RIDER4250
4250,ORDER4251,2023-02-07,Failed,104,78.08,3,RIDER4251
4251,ORDER4252,2023-01-19,In Transit,87,199.06,2,RIDER4252
4252,ORDER4253,2023-10-28,In Transit,114,126.8,1,RIDER4253
4253,ORDER4254,2023-08-26,Delivered,79,493.15,2,RIDER4254
4254,ORDER4255,2023-10-14,Failed,83,151.86,3,RIDER4255
4255,ORDER4256,2023-08-30,Delivered,25,141.43,5,RIDER4256
4256,ORDER4257,2023-12-27,Failed,34,451.63,3,RIDER4257
4257,ORDER4258,2023-11-25,Failed,113,116.53,3,RIDER4258
4258,ORDER4259,2023-11-02,Failed,62,416.61,2,RIDER4259
4259,ORDER4260,2023-07-07,Failed,76,405.86,3,RIDER4260
4260,ORDER4261,2023-09-24,In Transit,66,61.38,1,RIDER4261
4261,ORDER4262,2023-07-20,In Transit,60,408.84,3,RIDER4262
4262,ORDER4263,2023-01-22,Failed,97,146.46,1,RIDER4263
4263,ORDER4264,2023-02-25,In Transit,82,287.44,4,RIDER4264
4264,ORDER4265,2023-03-17,In Transit,47,478.25,2,RIDER4265
4265,ORDER4266,2023-07-20,Delivered,32,173.0,1,RIDER4266
4266,ORDER4267,2023-08-05,In Transit,84,107.2,1,RIDER4267
4267,ORDER4268,2023-06-09,Failed,64,106.66,1,RIDER4268
4268,ORDER4269,2023-01-10,Delivered,79,347.97,5,RIDER4269
4269,ORDER4270,2023-10-01,In Transit,71,154.12,2,RIDER4270
4270,ORDER4271,2023-01-03,Delivered,58,83.69,4,RIDER4271
4271,ORDER4272,2023-06-30,In Transit,46,96.45,1,RIDER4272
4272,ORDER4273,2023-01-18,Failed,30,369.45,2,RIDER4273
4273,ORDER4274,2023-04-03,Failed,39,459.8,2,RIDER4274
4274,ORDER4275,2023-05-26,Delivered,35,162.8,2,RIDER4275
4275,ORDER4276,2023-06-09,Delivered,53,163.18,3,RIDER4276
4276,ORDER4277,2023-01-18,Delivered,15,190.4,2,RIDER4277
4277,ORDER4278,2023-03-17,In Transit,91,407.74,2,RIDER4278
4278,ORDER4279,2023-03-04,Delivered,48,85.31,1,RIDER4279
4279,ORDER4280,2023-09-25,Delivered,46,96.32,5,RIDER4280
4280,ORDER4281,2023-01-19,In Transit,69,148.65,5,RIDER4281
4281,ORDER4282,2023-10-05,Failed,46,424.47,4,RIDER4282
4282,ORDER4283,2023-04-08,Failed,95,366.32,2,RIDER4283
4283,ORDER4284,2023-04-28,Delivered,10,241.85,1,RIDER4284
4284,ORDER4285,2023-01-21,In Transit,99,73.26,4,RIDER4285
4285,ORDER4286,2023-02-18,Failed,94,409.82,4,RIDER4286
4286,ORDER4287,2023-08-12,Delivered,30,306.68,2,RIDER4287
4287,ORDER4288,2023-01-02,In Transit,42,223.45,4,RIDER4288
4288,ORDER4289,2023-11-21,Delivered,94,460.97,1,RIDER4289
4289,ORDER4290,2023-11-21,In Transit,87,471.44,2,RIDER4290
4290,ORDER4291,2023-02-14,Delivered,91,199.1,2,RIDER4291
4291,ORDER4292,2023-09-21,Delivered,65,424.31,5,RIDER4292
4292,ORDER4293,2023-01-11,In Transit,26,498.44,4,RIDER4293
4293,ORDER4294,2023-12-09,In Transit,11,162.18,3,RIDER4294
4294,ORDER4295,2023-06-03,Failed,62,481.97,4,RIDER4295
4295,ORDER4296,2023-09-27,Delivered,51,426.22,2,RIDER4296
4296,ORDER4297,2023-10-12,Delivered,115,195.83,4,RIDER4297
4297,ORDER4298,2023-07-26,Failed,82,242.76,2,RIDER4298
4298,ORDER4299,2023-05-23,In Transit,62,266.25,4,RIDER4299
4299,ORDER4300,2023-06-24,Failed,108,150.2,3,RIDER4300
4300,ORDER4301,2023-07-07,Delivered,46,388.66,5,RIDER4301
4301,ORDER4302,2023-05-06,In Transit,43,214.25,3,RIDER4302
4302,ORDER4303,2023-10-06,Failed,48,60.02,4,RIDER4303
4303,ORDER4304,2023-03-02,In Transit,120,386.68,2,RIDER4304
4304,ORDER4305,2023-07-13,In Transit,113,270.27,3,RIDER4305
4305,ORDER4306,2023-11-25,Delivered,56,446.11,2,RIDER4306
4306,ORDER4307,2023-10-03,Failed,13,262.88,1,RIDER4307
4307,ORDER4308,2023-01-26,In Transit,85,186.59,3,RIDER4308
4308,ORDER4309,2023-11-10,In Transit,79,422.41,5,RIDER4309
4309,ORDER4310,2023-06-22,In Transit,48,323.86,5,RIDER4310
4310,ORDER4311,2023-05-10,In Transit,56,76.65,4,RIDER4311
4311,ORDER4312,2023-01-22,Failed,45,355.56,1,RIDER4312
4312,ORDER4313,2023-06-28,Delivered,34,399.78,1,RIDER4313
4313,ORDER4314,2023-05-22,Delivered,12,393.03,5,RIDER4314
4314,ORDER4315,2023-01-05,Delivered,12,414.44,1,RIDER4315
4315,ORDER4316,2023-04-20,Failed,108,370.27,1,RIDER4316
4316,ORDER4317,2023-07-13,Failed,77,130.05,3,RIDER4317
4317,ORDER4318,2023-10-20,Delivered,77,66.26,3,RIDER4318
4318,ORDER4319,2023-07-29,In Transit,87,381.95,3,RIDER4319
4319,ORDER4320,2023-02-22,Failed,32,264.57,4,RIDER4320
4320,ORDER4321,2023-02-07,Delivered,73,226.98,1,RIDER4321
4321,ORDER4322,2023-09-17,Failed,76,248.63,1,RIDER4322
4322,ORDER4323,2023-05-23,Failed,108,201.64,1,RIDER4323
4323,ORDER4324,2023-05-13,Failed,38,394.33,5,RIDER4324
4324,ORDER4325,2023-10-01,In Transit,55,105.76,1,RIDER4325
4325,ORDER4326,2023-01-02,Delivered,119,199.51,3,RIDER4326
4326,ORDER4327,2023-11-02,Delivered,65,298.91,4,RIDER4327
4327,ORDER4328,2023-10-18,Failed,65,175.18,2,RIDER4328
4328,ORDER4329,2023-11-11,Delivered,54,450.4,1,RIDER4329
4329,ORDER4330,2023-02-14,Delivered,78,235.22,5,RIDER4330
4330,ORDER4331,2023-12-30,Failed,25,233.08,5,RIDER4331
4331,ORDER4332,2023-09-02,In Transit,84,220.19,4,RIDER4332
4332,ORDER4333,2023-03-03,Failed,71,78.85,2,RIDER4333
4333,ORDER4334,2023-03-17,Delivered,58,324.42,4,RIDER4334
4334,ORDER4335,2023-02-20,Failed,29,142.63,2,RIDER4335
4335,ORDER4336,2023-05-10,In Transit,107,168.39,4,RIDER4336
4336,ORDER4337,2023-07-08,Delivered,46,371.68,4,RIDER4337
4337,ORDER4338,2023-05-05,Failed,60,94.04,5,RIDER4338
4338,ORDER4339,2023-11-13,Failed,28,407.74,3,RIDER4339
4339,ORDER4340,2023-12-08,Delivered,53,338.01,5,RIDER4340
4340,ORDER4341,2023-03-03,Delivered,70,293.83,1,RIDER4341
4341,ORDER4342,2023-12-04,In Transit,41,400.96,4,RIDER4342
4342,ORDER4343,2023-12-02,Delivered,71,318.81,3,RIDER4343
4343,ORDER4344,2023-05-21,Failed,92,332.5,4,RIDER4344
4344,ORDER4345,2023-08-17,Failed,24,493.74,5,RIDER4345
4345,ORDER4346,2023-12-14,Delivered,94,274.03,5,RIDER4346
4346,ORDER4347,2023-03-26,Delivered,76,354.1,2,RIDER4347
4347,ORDER4348,2023-09-21,Delivered,55,182.69,4,RIDER4348
4348,ORDER4349,2023-04-10,Delivered,52,238.06,4,RIDER4349
4349,ORDER4350,2023-01-20,Failed,35,118.14,1,RIDER4350
4350,ORDER4351,2023-08-03,Failed,34,276.49,3,RIDER4351
4351,ORDER4352,2023-02-15,In Transit,67,118.48,5,RIDER4352
4352,ORDER4353,2023-12-21,In Transit,71,291.48,2,RIDER4353
4353,ORDER4354,2023-12-07,Delivered,94,454.88,5,RIDER4354
4354,ORDER4355,2023-07-24,Failed,92,287.39,4,RIDER4355
4355,ORDER4356,2023-04-10,In Transit,48,298.64,2,RIDER4356
4356,ORDER4357,2023-08-18,Delivered,25,89.92,2,RIDER4357
4357,ORDER4358,2023-09-06,Delivered,41,119.03,5,RIDER4358
4358,ORDER4359,2023-01-24,In Transit,46,204.68,5,RIDER4359
4359,ORDER4360,2023-12-09,Delivered,114,430.73,2,RIDER4360
4360,ORDER4361,2023-04-30,Failed,90,344.29,4,RIDER4361
4361,ORDER4362,2023-10-03,In Transit,78,145.6,4,RIDER4362
4362,ORDER4363,2023-02-01,Delivered,120,368.23,5,RIDER4363
4363,ORDER4364,2023-07-27,In Transit,111,415.69,4,RIDER4364
4364,ORDER4365,2023-09-06,Delivered,47,485.61,1,RIDER4365
4365,ORDER4366,2023-01-05,In Transit,16,72.56,4,RIDER4366
4366,ORDER4367,2023-12-20,Failed,97,59.0,5,RIDER4367
4367,ORDER4368,2023-04-18,In Transit,109,325.86,5,RIDER4368
4368,ORDER4369,2023-01-31,Delivered,14,427.95,4,RIDER4369
4369,ORDER4370,2023-04-02,Failed,61,385.77,5,RIDER4370
4370,ORDER4371,2023-07-07,In Transit,45,185.01,2,RIDER4371
4371,ORDER4372,2023-10-27,Delivered,97,157.03,2,RIDER4372
4372,ORDER4373,2023-07-13,Failed,19,399.01,3,RIDER4373
4373,ORDER4374,2023-09-05,In Transit,14,418.59,1,RIDER4374
4374,ORDER4375,2023-09-05,Delivered,42,338.28,4,RIDER4375
4375,ORDER4376,2023-07-20,Delivered,24,65.41,4,RIDER4376
4376,ORDER4377,2023-07-28,Failed,115,254.77,1,RIDER4377
4377,ORDER4378,2023-09-19,In Transit,58,329.8,2,RIDER4378
4378,ORDER4379,2023-09-26,Delivered,23,112.81,1,RIDER4379
4379,ORDER4380,2023-11-03,In Transit,71,178.15,1,RIDER4380
4380,ORDER4381,2023-05-08,Failed,88,438.32,1,RIDER4381
4381,ORDER4382,2023-07-21,Failed,80,304.19,4,RIDER4382
4382,ORDER4383,2023-12-30,In Transit,24,376.13,2,RIDER4383
4383,ORDER4384,2023-11-27,Failed,86,486.92,4,RIDER4384
4384,ORDER4385,2023-08-23,Delivered,116,128.44,1,RIDER4385
4385,ORDER4386,2023-12-13,Failed,49,231.53,3,RIDER4386
4386,ORDER4387,2023-06-18,Delivered,83,409.41,5,RIDER4387
4387,ORDER4388,2023-04-24,In Transit,45,128.53,1,RIDER4388
4388,ORDER4389,2023-03-24,Failed,34,392.4,5,RIDER4389
4389,ORDER4390,2023-04-01,Delivered,74,453.55,4,RIDER4390
4390,ORDER4391,2023-01-08,Failed,96,336.94,1,RIDER4391
4391,ORDER4392,2023-10-27,Delivered,64,312.44,3,RIDER4392
4392,ORDER4393,2023-02-17,In Transit,51,56.26,4,RIDER4393
4393,ORDER4394,2023-03-04,Delivered,34,104.02,5,RIDER4394
4394,ORDER4395,2023-02-04,Delivered,116,207.29,5,RIDER4395
4395,ORDER4396,2023-09-06,Failed,62,403.05,5,RIDER4396
4396,ORDER4397,2023-08-06,Failed,14,65.36,4,RIDER4397
4397,ORDER4398,2023-05-07,Delivered,83,91.22,1,RIDER4398
4398,ORDER4399,2023-04-21,Failed,34,134.96,4,RIDER4399
4399,ORDER4400,2023-04-18,In Transit,36,307.92,1,RIDER4400
4400,ORDER4401,2023-02-25,In Transit,45,303.13,2,RIDER4401
4401,ORDER4402,2023-02-21,Delivered,77,316.95,3,RIDER4402
4402,ORDER4403,2023-07-15,Failed,21,364.7,4,RIDER4403
4403,ORDER4404,2023-06-03,Failed,10,446.13,2,RIDER4404
4404,ORDER4405,2023-01-29,Delivered,32,133.0,1,RIDER4405
4405,ORDER4406,2023-04-26,In Transit,71,79.41,4,RIDER4406
4406,ORDER4407,2023-09-27,In Transit,69,235.51,2,RIDER4407
4407,ORDER4408,2023-09-24,Delivered,36,328.23,4,RIDER4408
4408,ORDER4409,2023-02-12,In Transit,86,482.76,2,RIDER4409
4409,ORDER4410,2023-02-06,In Transit,24,269.64,1,RIDER4410
4410,ORDER4411,2023-08-17,Delivered,113,403.15,4,RIDER4411
4411,ORDER4412,2023-02-02,In Transit,105,87.01,3,RIDER4412
4412,ORDER4413,2023-01-06,In Transit,102,357.37,1,RIDER4413
4413,ORDER4414,2023-04-13,In Transit,73,400.48,3,RIDER4414
4414,ORDER4415,2023-10-16,Delivered,45,127.2,2,RIDER4415
4415,ORDER4416,2023-08-31,Delivered,49,225.67,1,RIDER4416
4416,ORDER4417,2023-02-12,Failed,107,205.7,5,RIDER4417
4417,ORDER4418,2023-05-03,Delivered,75,453.3,3,RIDER4418
4418,ORDER4419,2023-03-07,Delivered,101,328.43,4,RIDER4419
4419,ORDER4420,2023-12-20,Delivered,54,416.7,5,RIDER4420
4420,ORDER4421,2023-01-09,In Transit,21,487.85,5,RIDER4421
4421,ORDER4422,2023-06-24,Delivered,37,341.16,3,RIDER4422
4422,ORDER4423,2023-08-12,Failed,86,81.74,5,RIDER4423
4423,ORDER4424,2023-11-17,Delivered,13,81.16,1,RIDER4424
4424,ORDER4425,2023-07-08,Failed,51,201.89,2,RIDER4425
4425,ORDER4426,2023-02-07,In Transit,95,308.45,5,RIDER4426
4426,ORDER4427,2023-11-16,Failed,34,305.87,1,RIDER4427
4427,ORDER4428,2023-04-21,In Transit,113,200.58,4,RIDER4428
4428,ORDER4429,2023-03-14,Delivered,43,307.48,3,RIDER4429
4429,ORDER4430,2023-05-24,In Transit,93,152.95,2,RIDER4430
4430,ORDER4431,2023-07-05,Delivered,67,252.91,5,RIDER4431
4431,ORDER4432,2023-08-09,In Transit,119,69.88,4,RIDER4432
4432,ORDER4433,2023-12-06,Failed,29,257.09,4,RIDER4433
4433,ORDER4434,2023-08-10,Delivered,90,94.12,1,RIDER4434
4434,ORDER4435,2023-06-28,In Transit,56,119.81,3,RIDER4435
4435,ORDER4436,2023-08-06,Failed,87,365.36,3,RIDER4436
4436,ORDER4437,2023-02-11,Delivered,32,84.97,2,RIDER4437
4437,ORDER4438,2023-10-07,Delivered,107,220.41,4,RIDER4438
4438,ORDER4439,2023-04-02,In Transit,47,133.98,2,RIDER4439
4439,ORDER4440,2023-06-12,Delivered,87,145.31,5,RIDER4440
4440,ORDER4441,2023-04-17,Failed,87,114.88,2,RIDER4441
4441,ORDER4442,2023-09-01,In Transit,22,150.42,1,RIDER4442
4442,ORDER4443,2023-05-25,Failed,66,309.43,3,RIDER4443
4443,ORDER4444,2023-07-23,In Transit,119,114.12,1,RIDER4444
4444,ORDER4445,2023-02-28,Failed,50,373.87,1,RIDER4445
4445,ORDER4446,2023-03-17,In Transit,61,229.79,5,RIDER4446
4446,ORDER4447,2023-01-20,Delivered,90,51.05,5,RIDER4447
4447,ORDER4448,2023-03-22,In Transit,82,326.08,5,RIDER4448
4448,ORDER4449,2023-02-21,In Transit,68,232.71,2,RIDER4449
4449,ORDER4450,2023-03-21,In Transit,105,419.69,2,RIDER4450
4450,ORDER4451,2023-03-24,Delivered,64,196.65,2,RIDER4451
4451,ORDER4452,2023-08-23,Failed,105,163.51,3,RIDER4452
4452,ORDER4453,2023-05-04,In Transit,24,73.78,3,RIDER4453
4453,ORDER4454,2023-05-17,Failed,86,250.19,4,RIDER4454
4454,ORDER4455,2023-11-30,In Transit,57,214.09,2,RIDER4455
4455,ORDER4456,2023-04-08,In Transit,90,325.44,5,RIDER4456
4456,ORDER4457,2023-02-21,Delivered,48,75.05,4,RIDER4457
4457,ORDER4458,2023-11-30,Failed,26,122.21,3,RIDER4458
4458,ORDER4459,2023-03-24,Delivered,118,113.96,1,RIDER4459
4459,ORDER4460,2023-12-24,In Transit,71,490.35,3,RIDER4460
4460,ORDER4461,2023-05-15,Failed,93,226.92,5,RIDER4461
4461,ORDER4462,2023-10-26,Delivered,114,237.11,3,RIDER4462
4462,ORDER4463,2023-07-28,Delivered,40,275.13,2,RIDER4463
4463,ORDER4464,2023-03-12,In Transit,46,109.81,3,RIDER4464
4464,ORDER4465,2023-01-17,Delivered,83,128.69,5,RIDER4465
4465,ORDER4466,2023-04-05,Failed,63,485.84,4,RIDER4466
4466,ORDER4467,2023-09-22,In Transit,102,363.1,4,RIDER4467
4467,ORDER4468,2023-02-01,In Transit,28,365.2,2,RIDER4468
4468,ORDER4469,2023-04-05,Delivered,26,351.22,4,RIDER4469
4469,ORDER4470,2023-01-14,In Transit,87,84.08,3,RIDER4470
4470,ORDER4471,2023-12-11,Delivered,79,259.96,5,RIDER4471
4471,ORDER4472,2023-12-20,Delivered,13,327.22,1,RIDER4472
4472,ORDER4473,2023-06-20,Delivered,39,471.26,5,RIDER4473
4473,ORDER4474,2023-01-04,In Transit,68,178.89,3,RIDER4474
4474,ORDER4475,2023-02-05,In Transit,64,319.73,2,RIDER4475
4475,ORDER4476,2023-07-23,Failed,11,383.39,3,RIDER4476
4476,ORDER4477,2023-09-08,Delivered,10,455.95,4,RIDER4477
4477,ORDER4478,2023-08-10,Delivered,64,431.2,4,RIDER4478
4478,ORDER4479,2023-02-23,In Transit,117,406.38,4,RIDER4479
4479,ORDER4480,2023-12-20,Delivered,111,308.02,4,RIDER4480
4480,ORDER4481,2023-01-19,In Transit,67,167.46,2,RIDER4481
4481,ORDER4482,2023-12-03,Failed,48,267.8,2,RIDER4482
4482,ORDER4483,2023-10-08,In Transit,85,499.39,4,RIDER4483
4483,ORDER4484,2023-11-24,Failed,104,315.35,1,RIDER4484
4484,ORDER4485,2023-07-18,Failed,28,239.92,2,RIDER4485
4485,ORDER4486,2023-03-09,Delivered,94,375.66,3,RIDER4486
4486,ORDER4487,2023-11-13,In Transit,77,66.68,3,RIDER4487
4487,ORDER4488,2023-09-15,Failed,94,383.37,2,RIDER4488
4488,ORDER4489,2023-11-02,In Transit,71,265.92,1,RIDER4489
4489,ORDER4490,2023-08-24,In Transit,91,378.69,3,RIDER4490
4490,ORDER4491,2023-01-06,Failed,76,67.74,1,RIDER4491
4491,ORDER4492,2023-10-12,Failed,38,251.03,3,RIDER4492
4492,ORDER4493,2023-10-20,Delivered,40,53.99,2,RIDER4493
4493,ORDER4494,2023-03-04,In Transit,61,331.17,5,RIDER4494
4494,ORDER4495,2023-08-29,In Transit,80,200.69,1,RIDER4495
4495,ORDER4496,2023-01-02,Delivered,33,249.63,2,RIDER4496
4496,ORDER4497,2023-01-14,Failed,90,418.57,5,RIDER4497
4497,ORDER4498,2023-02-05,Delivered,56,227.7,4,RIDER4498
4498,ORDER4499,2023-09-24,Delivered,69,217.74,2,RIDER4499
4499,ORDER4500,2023-08-08,In Transit,113,247.7,3,RIDER4500
4500,ORDER4501,2023-02-19,Failed,82,156.79,1,RIDER4501
4501,ORDER4502,2023-04-02,Failed,52,209.28,1,RIDER4502
4502,ORDER4503,2023-05-29,Delivered,55,480.92,3,RIDER4503
4503,ORDER4504,2023-07-05,In Transit,109,365.9,3,RIDER4504
4504,ORDER4505,2023-06-07,In Transit,30,460.21,2,RIDER4505
4505,ORDER4506,2023-01-14,Failed,111,457.17,4,RIDER4506
4506,ORDER4507,2023-03-10,Delivered,108,152.06,5,RIDER4507
4507,ORDER4508,2023-07-16,In Transit,93,145.67,5,RIDER4508
4508,ORDER4509,2023-03-09,Failed,77,103.17,3,RIDER4509
4509,ORDER4510,2023-03-20,In Transit,71,93.02,4,RIDER4510
4510,ORDER4511,2023-10-30,Failed,70,125.77,5,RIDER4511
4511,ORDER4512,2023-09-15,Failed,80,65.15,3,RIDER4512
4512,ORDER4513,2023-10-25,Delivered,19,399.34,5,RIDER4513
4513,ORDER4514,2023-07-18,In Transit,54,442.09,5,RIDER4514
4514,ORDER4515,2023-04-15,Failed,37,346.12,3,RIDER4515
4515,ORDER4516,2023-05-26,Delivered,19,307.39,2,RIDER4516
4516,ORDER4517,2023-05-04,In Transit,49,450.4,5,RIDER4517
4517,ORDER4518,2023-08-28,Delivered,113,235.8,3,RIDER4518
4518,ORDER4519,2023-11-30,In Transit,22,400.18,1,RIDER4519
4519,ORDER4520,2023-09-03,Failed,99,191.81,3,RIDER4520
4520,ORDER4521,2023-01-25,Failed,89,82.0,4,RIDER4521
4521,ORDER4522,2023-05-16,Delivered,35,446.47,4,RIDER4522
4522,ORDER4523,2023-06-30,Delivered,64,289.47,3,RIDER4523
4523,ORDER4524,2023-05-23,Delivered,76,205.61,3,RIDER4524
4524,ORDER4525,2023-07-20,In Transit,30,226.01,2,RIDER4525
4525,ORDER4526,2023-12-11,In Transit,37,416.53,1,RIDER4526
4526,ORDER4527,2023-09-01,In Transit,70,331.32,1,RIDER4527
4527,ORDER4528,2023-02-03,In Transit,106,151.7,4,RIDER4528
4528,ORDER4529,2023-03-13,Delivered,97,484.36,3,RIDER4529
4529,ORDER4530,2023-07-28,Failed,58,283.11,5,RIDER4530
4530,ORDER4531,2023-09-10,Failed,111,480.98,1,RIDER4531
4531,ORDER4532,2023-11-14,In Transit,48,274.07,4,RIDER4532
4532,ORDER4533,2023-05-22,In Transit,95,429.82,3,RIDER4533
4533,ORDER4534,2023-02-14,Failed,78,56.87,2,RIDER4534
4534,ORDER4535,2023-07-13,Delivered,114,486.87,5,RIDER4535
4535,ORDER4536,2023-01-19,Delivered,109,446.35,1,RIDER4536
4536,ORDER4537,2023-04-19,In Transit,119,441.5,4,RIDER4537
4537,ORDER4538,2023-02-04,In Transit,86,208.73,2,RIDER4538
4538,ORDER4539,2023-10-16,Failed,117,437.1,2,RIDER4539
4539,ORDER4540,2023-11-24,Delivered,87,422.51,3,RIDER4540
4540,ORDER4541,2023-08-04,Delivered,112,198.57,2,RIDER4541
4541,ORDER4542,2023-03-03,Failed,55,498.62,1,RIDER4542
4542,ORDER4543,2023-01-25,Failed,12,288.38,5,RIDER4543
4543,ORDER4544,2023-06-11,In Transit,50,277.57,5,RIDER4544
4544,ORDER4545,2023-06-22,In Transit,118,279.7,3,RIDER4545
4545,ORDER4546,2023-03-17,Failed,52,213.74,1,RIDER4546
4546,ORDER4547,2023-07-04,Delivered,92,273.48,3,RIDER4547
4547,ORDER4548,2023-09-28,Failed,116,179.92,5,RIDER4548
4548,ORDER4549,2023-06-09,Failed,89,148.73,2,RIDER4549
4549,ORDER4550,2023-08-07,Delivered,21,361.34,4,RIDER4550
4550,ORDER4551,2023-12-31,In Transit,31,356.96,5,RIDER4551
4551,ORDER4552,2023-01-08,In Transit,56,400.29,4,RIDER4552
4552,ORDER4553,2023-07-06,Delivered,63,245.56,1,RIDER4553
4553,ORDER4554,2023-09-15,Delivered,90,112.68,2,RIDER4554
4554,ORDER4555,2023-01-28,Delivered,27,123.93,1,RIDER4555
4555,ORDER4556,2023-11-27,In Transit,83,333.34,4,RIDER4556
4556,ORDER4557,2023-04-06,In Transit,43,431.04,5,RIDER4557
4557,ORDER4558,2023-05-28,In Transit,65,339.1,1,RIDER4558
4558,ORDER4559,2023-11-08,Failed,19,167.11,2,RIDER4559
4559,ORDER4560,2023-03-08,Failed,46,167.87,5,RIDER4560
4560,ORDER4561,2023-01-22,Delivered,37,250.19,2,RIDER4561
4561,ORDER4562,2023-02-05,In Transit,93,146.9,3,RIDER4562
4562,ORDER4563,2023-07-22,Failed,22,127.94,1,RIDER4563
4563,ORDER4564,2023-04-14,Delivered,94,53.46,4,RIDER4564
4564,ORDER4565,2023-07-21,Delivered,83,110.19,3,RIDER4565
4565,ORDER4566,2023-02-17,Delivered,116,336.43,2,RIDER4566
4566,ORDER4567,2023-12-06,In Transit,79,172.97,4,RIDER4567
4567,ORDER4568,2023-07-21,Delivered,67,449.07,4,RIDER4568
4568,ORDER4569,2023-07-25,In Transit,117,312.8,3,RIDER4569
4569,ORDER4570,2023-12-09,In Transit,21,132.6,3,RIDER4570
4570,ORDER4571,2023-02-08,Delivered,51,293.75,5,RIDER4571
4571,ORDER4572,2023-08-29,Failed,119,161.14,1,RIDER4572
4572,ORDER4573,2023-10-10,Delivered,19,217.94,1,RIDER4573
4573,ORDER4574,2023-04-10,In Transit,81,493.77,2,RIDER4574
4574,ORDER4575,2023-09-09,Failed,86,357.36,5,RIDER4575
4575,ORDER4576,2023-12-27,Delivered,10,476.23,5,RIDER4576
4576,ORDER4577,2023-12-16,In Transit,21,387.25,4,RIDER4577
4577,ORDER4578,2023-06-21,In Transit,112,417.93,1,RIDER4578
4578,ORDER4579,2023-08-28,In Transit,84,244.96,2,RIDER4579
4579,ORDER4580,2023-01-16,Failed,62,242.48,3,RIDER4580
4580,ORDER4581,2023-02-26,In Transit,79,154.62,4,RIDER4581
4581,ORDER4582,2023-05-26,Failed,84,111.61,2,RIDER4582
4582,ORDER4583,2023-09-05,Delivered,61,62.31,3,RIDER4583
4583,ORDER4584,2023-06-25,Failed,39,171.03,5,RIDER4584
4584,ORDER4585,2023-06-03,In Transit,102,462.34,4,RIDER4585
4585,ORDER4586,2023-05-21,Delivered,33,138.76,4,RIDER4586
4586,ORDER4587,2023-10-24,Delivered,108,157.42,4,RIDER4587
4587,ORDER4588,2023-11-22,Failed,20,473.1,5,RIDER4588
4588,ORDER4589,2023-04-01,Failed,13,442.01,1,RIDER4589
4589,ORDER4590,2023-12-18,In Transit,117,441.23,1,RIDER4590
4590,ORDER4591,2023-10-12,Failed,77,74.09,4,RIDER4591
4591,ORDER4592,2023-09-21,Delivered,19,55.99,4,RIDER4592
4592,ORDER4593,2023-09-22,Delivered,79,217.14,1,RIDER4593
4593,ORDER4594,2023-03-05,Delivered,108,436.28,2,RIDER4594
4594,ORDER4595,2023-06-23,Failed,112,436.27,3,RIDER4595
4595,ORDER4596,2023-06-25,Failed,106,315.2,4,RIDER4596
4596,ORDER4597,2023-03-10,Failed,31,366.18,2,RIDER4597
4597,ORDER4598,2023-02-20,Delivered,14,203.75,5,RIDER4598
4598,ORDER4599,2023-03-30,Delivered,69,234.8,5,RIDER4599
4599,ORDER4600,2023-07-22,In Transit,24,188.9,4,RIDER4600
4600,ORDER4601,2023-06-26,Failed,45,229.0,5,RIDER4601
4601,ORDER4602,2023-11-02,Failed,27,477.29,2,RIDER4602
4602,ORDER4603,2023-02-25,Failed,70,281.32,1,RIDER4603
4603,ORDER4604,2023-10-21,Failed,43,150.36,2,RIDER4604
4604,ORDER4605,2023-05-12,In Transit,23,241.28,1,RIDER4605
4605,ORDER4606,2023-09-12,In Transit,77,75.3,1,RIDER4606
4606,ORDER4607,2023-12-18,In Transit,44,79.09,4,RIDER4607
4607,ORDER4608,2023-09-23,Failed,34,72.9,2,RIDER4608
4608,ORDER4609,2023-10-04,Failed,68,194.85,3,RIDER4609
4609,ORDER4610,2023-05-30,Failed,16,473.18,3,RIDER4610
4610,ORDER4611,2023-08-06,Delivered,13,449.52,4,RIDER4611
4611,ORDER4612,2023-11-14,In Transit,89,137.42,3,RIDER4612
4612,ORDER4613,2023-05-22,Delivered,85,186.96,3,RIDER4613
4613,ORDER4614,2023-11-23,Failed,114,222.19,3,RIDER4614
4614,ORDER4615,2023-07-03,Failed,16,216.88,3,RIDER4615
4615,ORDER4616,2023-01-30,Failed,77,390.44,2,RIDER4616
4616,ORDER4617,2023-02-11,In Transit,29,326.48,3,RIDER4617
4617,ORDER4618,2023-05-06,Failed,76,117.05,3,RIDER4618
4618,ORDER4619,2023-08-27,Failed,93,233.01,3,RIDER4619
4619,ORDER4620,2023-11-16,Failed,90,58.06,1,RIDER4620
4620,ORDER4621,2023-05-16,Failed,95,406.21,3,RIDER4621
4621,ORDER4622,2023-10-08,In Transit,118,119.95,5,RIDER4622
4622,ORDER4623,2023-06-15,In Transit,44,283.41,1,RIDER4623
4623,ORDER4624,2023-05-14,Failed,25,172.74,1,RIDER4624
4624,ORDER4625,2023-01-25,Failed,23,466.85,4,RIDER4625
4625,ORDER4626,2023-10-04,Delivered,44,306.3,1,RIDER4626
4626,ORDER4627,2023-09-28,In Transit,74,481.31,2,RIDER4627
4627,ORDER4628,2023-10-22,Delivered,78,357.88,5,RIDER4628
4628,ORDER4629,2023-01-08,Failed,20,421.59,2,RIDER4629
4629,ORDER4630,2023-11-12,Failed,57,175.02,3,RIDER4630
4630,ORDER4631,2023-10-31,Delivered,48,75.04,2,RIDER4631
4631,ORDER4632,2023-10-26,In Transit,73,79.23,1,RIDER4632
4632,ORDER4633,2023-02-20,Delivered,33,87.87,4,RIDER4633
4633,ORDER4634,2023-04-21,In Transit,79,87.31,1,RIDER4634
4634,ORDER4635,2023-08-30,Delivered,102,203.05,4,RIDER4635
4635,ORDER4636,2023-08-10,Delivered,33,94.89,2,RIDER4636
4636,ORDER4637,2023-02-24,Failed,15,155.42,5,RIDER4637
4637,ORDER4638,2023-04-17,In Transit,96,468.35,5,RIDER4638
4638,ORDER4639,2023-06-30,In Transit,115,295.28,4,RIDER4639
4639,ORDER4640,2023-07-22,Delivered,64,119.72,3,RIDER4640
4640,ORDER4641,2023-04-28,Failed,103,279.99,1,RIDER4641
4641,ORDER4642,2023-05-12,Failed,25,448.11,1,RIDER4642
4642,ORDER4643,2023-12-28,Delivered,10,78.75,2,RIDER4643
4643,ORDER4644,2023-01-13,Delivered,55,86.17,3,RIDER4644
4644,ORDER4645,2023-09-09,Delivered,45,262.69,4,RIDER4645
4645,ORDER4646,2023-09-09,Failed,74,206.53,5,RIDER4646
4646,ORDER4647,2023-05-05,Delivered,61,324.09,4,RIDER4647
4647,ORDER4648,2023-04-21,Failed,10,484.63,5,RIDER4648
4648,ORDER4649,2023-07-30,Failed,74,293.48,5,RIDER4649
4649,ORDER4650,2023-02-01,In Transit,43,325.72,2,RIDER4650
4650,ORDER4651,2023-07-07,Delivered,61,434.34,1,RIDER4651
4651,ORDER4652,2023-05-28,Delivered,99,400.75,2,RIDER4652
4652,ORDER4653,2023-06-25,In Transit,23,309.57,4,RIDER4653
4653,ORDER4654,2023-10-07,Delivered,69,361.44,5,RIDER4654
4654,ORDER4655,2023-02-06,In Transit,71,66.42,5,RIDER4655
4655,ORDER4656,2023-06-03,Failed,20,402.78,1,RIDER4656
4656,ORDER4657,2023-02-20,Delivered,80,90.26,3,RIDER4657
4657,ORDER4658,2023-06-05,Delivered,30,260.68,4,RIDER4658
4658,ORDER4659,2023-08-24,Delivered,83,225.41,2,RIDER4659
4659,ORDER4660,2023-11-13,In Transit,25,51.64,4,RIDER4660
4660,ORDER4661,2023-10-31,In Transit,101,400.94,2,RIDER4661
4661,ORDER4662,2023-11-16,Failed,52,267.58,3,RIDER4662
4662,ORDER4663,2023-07-15,In Transit,68,233.25,5,RIDER4663
4663,ORDER4664,2023-03-27,Failed,113,313.13,2,RIDER4664
4664,ORDER4665,2023-02-07,Failed,42,166.34,3,RIDER4665
4665,ORDER4666,2023-10-08,In Transit,113,267.69,4,RIDER4666
4666,ORDER4667,2023-12-13,Failed,71,394.64,5,RIDER4667
4667,ORDER4668,2023-11-04,Delivered,53,75.03,3,RIDER4668
4668,ORDER4669,2023-10-09,Delivered,115,483.29,5,RIDER4669
4669,ORDER4670,2023-07-13,In Transit,115,68.58,5,RIDER4670
4670,ORDER4671,2023-09-08,Failed,107,341.59,3,RIDER4671
4671,ORDER4672,2023-12-30,Delivered,100,124.27,2,RIDER4672
4672,ORDER4673,2023-05-07,In Transit,103,142.67,2,RIDER4673
4673,ORDER4674,2023-10-22,Delivered,97,299.17,3,RIDER4674
4674,ORDER4675,2023-10-03,Delivered,87,460.87,2,RIDER4675
4675,ORDER4676,2023-10-23,In Transit,78,332.59,1,RIDER4676
4676,ORDER4677,2023-03-06,In Transit,48,158.88,2,RIDER4677
4677,ORDER4678,2023-06-18,Delivered,32,250.41,4,RIDER4678
4678,ORDER4679,2023-06-09,Failed,17,487.41,2,RIDER4679
4679,ORDER4680,2023-10-05,Delivered,103,394.31,1,RIDER4680
4680,ORDER4681,2023-01-31,In Transit,35,379.68,2,RIDER4681
4681,ORDER4682,2023-04-14,Failed,29,228.3,5,RIDER4682
4682,ORDER4683,2023-05-17,Delivered,40,305.79,1,RIDER4683
4683,ORDER4684,2023-02-04,Failed,66,414.17,2,RIDER4684
4684,ORDER4685,2023-06-03,Failed,21,145.16,2,RIDER4685
4685,ORDER4686,2023-08-05,In Transit,11,97.55,3,RIDER4686
4686,ORDER4687,2023-12-05,Failed,86,194.76,1,RIDER4687
4687,ORDER4688,2023-05-22,In Transit,43,450.08,2,RIDER4688
4688,ORDER4689,2023-07-03,Failed,116,263.72,3,RIDER4689
4689,ORDER4690,2023-01-01,Failed,78,499.2,4,RIDER4690
4690,ORDER4691,2023-12-29,Failed,42,464.46,4,RIDER4691
4691,ORDER4692,2023-12-24,In Transit,91,167.0,4,RIDER4692
4692,ORDER4693,2023-08-01,In Transit,119,307.04,4,RIDER4693
4693,ORDER4694,2023-02-19,Failed,111,268.46,3,RIDER4694
4694,ORDER4695,2023-11-20,Delivered,114,372.95,2,RIDER4695
4695,ORDER4696,2023-09-11,Failed,77,232.93,5,RIDER4696
4696,ORDER4697,2023-09-08,Failed,102,55.0,4,RIDER4697
4697,ORDER4698,2023-11-22,Delivered,13,244.09,3,RIDER4698
4698,ORDER4699,2023-04-21,Delivered,48,52.38,1,RIDER4699
4699,ORDER4700,2023-12-06,Delivered,78,384.9,4,RIDER4700
4700,ORDER4701,2023-08-29,Failed,96,192.01,2,RIDER4701
4701,ORDER4702,2023-11-30,In Transit,54,200.05,3,RIDER4702
4702,ORDER4703,2023-09-15,Delivered,93,346.07,1,RIDER4703
4703,ORDER4704,2023-09-28,In Transit,70,118.52,4,RIDER4704
4704,ORDER4705,2023-12-13,In Transit,120,131.41,2,RIDER4705
4705,ORDER4706,2023-07-27,Failed,109,288.47,5,RIDER4706
4706,ORDER4707,2023-06-06,In Transit,79,75.07,5,RIDER4707
4707,ORDER4708,2023-06-15,Failed,26,450.9,3,RIDER4708
4708,ORDER4709,2023-11-28,In Transit,41,291.02,4,RIDER4709
4709,ORDER4710,2023-07-04,Delivered,113,142.96,5,RIDER4710
4710,ORDER4711,2023-06-20,Delivered,31,401.37,1,RIDER4711
4711,ORDER4712,2023-04-09,Delivered,104,434.56,2,RIDER4712
4712,ORDER4713,2023-04-09,In Transit,16,476.93,2,RIDER4713
4713,ORDER4714,2023-01-21,In Transit,112,463.23,1,RIDER4714
4714,ORDER4715,2023-10-08,Failed,80,420.8,4,RIDER4715
4715,ORDER4716,2023-08-30,Delivered,17,193.88,1,RIDER4716
4716,ORDER4717,2023-04-23,Failed,16,124.64,1,RIDER4717
4717,ORDER4718,2023-03-04,In Transit,66,271.52,2,RIDER4718
4718,ORDER4719,2023-08-07,In Transit,91,226.88,4,RIDER4719
4719,ORDER4720,2023-04-20,Failed,69,470.59,4,RIDER4720
4720,ORDER4721,2023-08-01,In Transit,42,161.05,5,RIDER4721
4721,ORDER4722,2023-06-05,In Transit,19,478.02,2,RIDER4722
4722,ORDER4723,2023-06-10,Failed,96,173.12,5,RIDER4723
4723,ORDER4724,2023-03-29,Failed,28,468.34,1,RIDER4724
4724,ORDER4725,2023-12-15,Delivered,93,269.08,3,RIDER4725
4725,ORDER4726,2023-04-16,In Transit,98,344.28,2,RIDER4726
4726,ORDER4727,2023-04-05,Delivered,36,440.46,4,RIDER4727
4727,ORDER4728,2023-12-07,Delivered,120,171.94,5,RIDER4728
4728,ORDER4729,2023-02-21,Failed,33,210.29,5,RIDER4729
4729,ORDER4730,2023-05-06,Failed,112,227.19,2,RIDER4730
4730,ORDER4731,2023-02-27,Delivered,113,81.46,5,RIDER4731
4731,ORDER4732,2023-01-15,Failed,113,157.36,2,RIDER4732
4732,ORDER4733,2023-01-04,Failed,100,374.64,3,RIDER4733
4733,ORDER4734,2023-08-10,In Transit,116,79.17,5,RIDER4734
4734,ORDER4735,2023-03-17,Failed,98,207.97,1,RIDER4735
4735,ORDER4736,2023-08-08,Delivered,28,131.24,3,RIDER4736
4736,ORDER4737,2023-09-21,In Transit,118,344.71,2,RIDER4737
4737,ORDER4738,2023-10-18,In Transit,75,313.15,1,RIDER4738
4738,ORDER4739,2023-04-02,In Transit,60,104.31,5,RIDER4739
4739,ORDER4740,2023-03-05,Failed,29,477.87,4,RIDER4740
4740,ORDER4741,2023-10-22,Delivered,94,271.68,4,RIDER4741
4741,ORDER4742,2023-10-07,In Transit,45,450.56,4,RIDER4742
4742,ORDER4743,2023-06-19,Delivered,13,51.53,3,RIDER4743
4743,ORDER4744,2023-05-13,Delivered,74,348.9,4,RIDER4744
4744,ORDER4745,2023-02-17,Delivered,12,73.18,5,RIDER4745
4745,ORDER4746,2023-03-12,Delivered,76,380.06,3,RIDER4746
4746,ORDER4747,2023-09-08,In Transit,118,351.76,4,RIDER4747
4747,ORDER4748,2023-02-24,In Transit,49,466.45,5,RIDER4748
4748,ORDER4749,2023-10-14,Failed,14,51.91,5,RIDER4749
4749,ORDER4750,2023-01-14,Delivered,11,174.13,5,RIDER4750
4750,ORDER4751,2023-09-26,In Transit,94,127.97,4,RIDER4751
4751,ORDER4752,2023-06-30,Failed,71,413.31,2,RIDER4752
4752,ORDER4753,2023-08-10,Delivered,18,132.3,5,RIDER4753
4753,ORDER4754,2023-09-03,Delivered,107,285.69,1,RIDER4754
4754,ORDER4755,2023-06-02,Delivered,13,334.51,2,RIDER4755
4755,ORDER4756,2023-06-02,Delivered,33,387.48,1,RIDER4756
4756,ORDER4757,2023-02-13,Delivered,28,153.29,5,RIDER4757
4757,ORDER4758,2023-12-19,Delivered,99,236.86,5,RIDER4758
4758,ORDER4759,2023-10-18,Delivered,45,328.04,5,RIDER4759
4759,ORDER4760,2023-05-18,Delivered,51,184.72,1,RIDER4760
4760,ORDER4761,2023-01-02,Delivered,40,482.27,5,RIDER4761
4761,ORDER4762,2023-07-13,In Transit,43,451.67,1,RIDER4762
4762,ORDER4763,2023-07-10,Failed,96,390.24,5,RIDER4763
4763,ORDER4764,2023-02-27,Delivered,82,69.35,1,RIDER4764
4764,ORDER4765,2023-11-14,Failed,11,498.65,5,RIDER4765
4765,ORDER4766,2023-06-20,Failed,91,252.68,5,RIDER4766
4766,ORDER4767,2023-07-05,Delivered,84,385.56,3,RIDER4767
4767,ORDER4768,2023-01-28,Delivered,78,412.96,5,RIDER4768
4768,ORDER4769,2023-12-03,In Transit,24,428.11,3,RIDER4769
4769,ORDER4770,2023-05-12,Failed,94,211.02,1,RIDER4770
4770,ORDER4771,2023-11-08,In Transit,101,272.57,1,RIDER4771
4771,ORDER4772,2023-01-12,Delivered,36,89.53,3,RIDER4772
4772,ORDER4773,2023-09-26,In Transit,56,416.54,2,RIDER4773
4773,ORDER4774,2023-12-28,Failed,109,86.76,1,RIDER4774
4774,ORDER4775,2023-09-18,Delivered,19,352.25,5,RIDER4775
4775,ORDER4776,2023-09-11,Failed,77,437.96,3,RIDER4776
4776,ORDER4777,2023-03-27,Failed,21,356.77,5,RIDER4777
4777,ORDER4778,2023-01-24,In Transit,29,464.6,1,RIDER4778
4778,ORDER4779,2023-03-24,Failed,48,381.7,1,RIDER4779
4779,ORDER4780,2023-01-23,In Transit,98,475.16,1,RIDER4780
4780,ORDER4781,2023-04-18,In Transit,92,454.65,4,RIDER4781
4781,ORDER4782,2023-01-18,Failed,101,141.31,1,RIDER4782
4782,ORDER4783,2023-05-25,Delivered,110,375.07,4,RIDER4783
4783,ORDER4784,2023-12-05,In Transit,95,383.39,4,RIDER4784
4784,ORDER4785,2023-02-11,Delivered,36,438.14,5,RIDER4785
4785,ORDER4786,2023-03-10,Delivered,22,187.19,2,RIDER4786
4786,ORDER4787,2023-07-30,Delivered,110,113.0,4,RIDER4787
4787,ORDER4788,2023-08-02,Delivered,50,292.57,4,RIDER4788
4788,ORDER4789,2023-01-09,Failed,96,216.89,5,RIDER4789
4789,ORDER4790,2023-06-27,Failed,15,467.25,2,RIDER4790
4790,ORDER4791,2023-08-02,Delivered,62,198.72,5,RIDER4791
4791,ORDER4792,2023-03-23,Failed,55,59.69,4,RIDER4792
4792,ORDER4793,2023-05-11,Delivered,74,202.6,5,RIDER4793
4793,ORDER4794,2023-04-07,Delivered,42,211.1,1,RIDER4794
4794,ORDER4795,2023-06-19,Delivered,40,53.08,3,RIDER4795
4795,ORDER4796,2023-07-23,In Transit,60,337.96,4,RIDER4796
4796,ORDER4797,2023-10-17,In Transit,47,175.33,3,RIDER4797
4797,ORDER4798,2023-09-24,In Transit,53,88.92,2,RIDER4798
4798,ORDER4799,2023-05-21,Delivered,105,361.15,3,RIDER4799
4799,ORDER4800,2023-12-27,In Transit,48,308.31,3,RIDER4800
4800,ORDER4801,2023-02-05,Delivered,115,276.06,5,RIDER4801
4801,ORDER4802,2023-08-23,Failed,31,247.69,4,RIDER4802
4802,ORDER4803,2023-06-03,In Transit,50,486.61,2,RIDER4803
4803,ORDER4804,2023-06-05,Delivered,95,237.79,1,RIDER4804
4804,ORDER4805,2023-03-11,In Transit,69,491.46,3,RIDER4805
4805,ORDER4806,2023-02-20,Delivered,36,247.49,1,RIDER4806
4806,ORDER4807,2023-04-16,Delivered,44,135.59,5,RIDER4807
4807,ORDER4808,2023-09-10,Failed,63,142.33,2,RIDER4808
4808,ORDER4809,2023-10-30,Failed,45,464.94,5,RIDER4809
4809,ORDER4810,2023-04-07,Failed,25,173.06,4,RIDER4810
4810,ORDER4811,2023-09-09,In Transit,119,433.41,2,RIDER4811
4811,ORDER4812,2023-05-19,Failed,101,203.36,3,RIDER4812
4812,ORDER4813,2023-01-23,Failed,117,449.16,3,RIDER4813
4813,ORDER4814,2023-10-18,Failed,102,444.44,4,RIDER4814
4814,ORDER4815,2023-04-23,Failed,117,206.32,1,RIDER4815
4815,ORDER4816,2023-04-16,In Transit,35,324.62,5,RIDER4816
4816,ORDER4817,2023-06-02,Delivered,103,282.71,4,RIDER4817
4817,ORDER4818,2023-07-30,Delivered,70,179.44,5,RIDER4818
4818,ORDER4819,2023-05-23,Delivered,109,164.1,2,RIDER4819
4819,ORDER4820,2023-10-26,In Transit,71,469.25,5,RIDER4820
4820,ORDER4821,2023-07-07,Failed,41,160.19,4,RIDER4821
4821,ORDER4822,2023-04-04,In Transit,89,367.36,1,RIDER4822
4822,ORDER4823,2023-02-27,Failed,43,224.18,4,RIDER4823
4823,ORDER4824,2023-05-09,In Transit,40,275.92,4,RIDER4824
4824,ORDER4825,2023-10-14,In Transit,50,295.02,3,RIDER4825
4825,ORDER4826,2023-02-23,In Transit,16,320.66,2,RIDER4826
4826,ORDER4827,2023-06-07,In Transit,21,246.53,5,RIDER4827
4827,ORDER4828,2023-07-20,Failed,68,491.12,2,RIDER4828
4828,ORDER4829,2023-05-31,Failed,85,313.36,5,RIDER4829
4829,ORDER4830,2023-12-07,Failed,45,284.65,4,RIDER4830
4830,ORDER4831,2023-04-22,Failed,50,201.87,5,RIDER4831
4831,ORDER4832,2023-01-11,Delivered,63,333.73,2,RIDER4832
4832,ORDER4833,2023-09-26,Delivered,86,497.51,2,RIDER4833
4833,ORDER4834,2023-02-10,In Transit,19,103.44,4,RIDER4834
4834,ORDER4835,2023-01-17,Delivered,95,272.94,5,RIDER4835
4835,ORDER4836,2023-11-04,In Transit,103,326.27,3,RIDER4836
4836,ORDER4837,2023-07-20,Delivered,50,199.77,1,RIDER4837
4837,ORDER4838,2023-11-11,In Transit,111,318.64,2,RIDER4838
4838,ORDER4839,2023-10-31,In Transit,107,51.59,5,RIDER4839
4839,ORDER4840,2023-11-27,In Transit,84,429.26,3,RIDER4840
4840,ORDER4841,2023-11-21,In Transit,42,487.87,5,RIDER4841
4841,ORDER4842,2023-04-07,Delivered,83,190.71,2,RIDER4842
4842,ORDER4843,2023-01-29,Delivered,12,188.6,5,RIDER4843
4843,ORDER4844,2023-03-21,In Transit,42,491.55,4,RIDER4844
4844,ORDER4845,2023-04-17,Failed,99,289.89,1,RIDER4845
4845,ORDER4846,2023-11-12,In Transit,98,50.42,3,RIDER4846
4846,ORDER4847,2023-08-31,In Transit,99,287.29,3,RIDER4847
4847,ORDER4848,2023-10-17,Failed,94,205.17,5,RIDER4848
4848,ORDER4849,2023-03-18,Failed,77,128.29,2,RIDER4849
4849,ORDER4850,2023-07-26,Delivered,27,343.98,5,RIDER4850
4850,ORDER4851,2023-08-18,Delivered,59,168.98,5,RIDER4851
4851,ORDER4852,2023-07-20,In Transit,49,314.14,5,RIDER4852
4852,ORDER4853,2023-07-01,In Transit,73,144.04,4,RIDER4853
4853,ORDER4854,2023-08-29,Failed,81,129.72,5,RIDER4854
4854,ORDER4855,2023-10-16,Delivered,46,467.6,1,RIDER4855
4855,ORDER4856,2023-05-17,Failed,83,87.36,1,RIDER4856
4856,ORDER4857,2023-11-02,Delivered,71,461.44,3,RIDER4857
4857,ORDER4858,2023-01-27,Failed,75,454.88,5,RIDER4858
4858,ORDER4859,2023-10-26,Failed,43,307.5,5,RIDER4859
4859,ORDER4860,2023-02-06,Failed,110,479.51,2,RIDER4860
4860,ORDER4861,2023-07-05,Failed,21,166.85,4,RIDER4861
4861,ORDER4862,2023-05-01,Failed,53,425.45,1,RIDER4862
4862,ORDER4863,2023-05-08,Failed,43,319.18,1,RIDER4863
4863,ORDER4864,2023-01-14,Failed,108,331.75,4,RIDER4864
4864,ORDER4865,2023-10-20,Delivered,37,121.25,5,RIDER4865
4865,ORDER4866,2023-03-08,Failed,120,180.6,5,RIDER4866
4866,ORDER4867,2023-04-20,Delivered,88,73.17,4,RIDER4867
4867,ORDER4868,2023-04-03,Failed,93,248.03,2,RIDER4868
4868,ORDER4869,2023-02-02,In Transit,71,301.91,2,RIDER4869
4869,ORDER4870,2023-10-01,In Transit,82,209.48,2,RIDER4870
4870,ORDER4871,2023-02-11,In Transit,114,182.96,5,RIDER4871
4871,ORDER4872,2023-04-06,Delivered,104,192.79,4,RIDER4872
4872,ORDER4873,2023-03-08,Delivered,81,416.25,5,RIDER4873
4873,ORDER4874,2023-07-28,Failed,82,320.68,5,RIDER4874
4874,ORDER4875,2023-02-27,Failed,66,390.4,2,RIDER4875
4875,ORDER4876,2023-03-03,Delivered,69,188.26,1,RIDER4876
4876,ORDER4877,2023-07-19,Delivered,107,373.1,3,RIDER4877
4877,ORDER4878,2023-12-21,In Transit,114,354.99,2,RIDER4878
4878,ORDER4879,2023-01-29,In Transit,14,50.02,3,RIDER4879
4879,ORDER4880,2023-04-16,Failed,93,487.92,5,RIDER4880
4880,ORDER4881,2023-03-08,Failed,17,226.05,3,RIDER4881
4881,ORDER4882,2023-11-09,In Transit,104,118.86,1,RIDER4882
4882,ORDER4883,2023-08-16,In Transit,79,187.07,5,RIDER4883
4883,ORDER4884,2023-07-12,Delivered,61,493.2,5,RIDER4884
4884,ORDER4885,2023-06-20,Delivered,10,174.13,1,RIDER4885
4885,ORDER4886,2023-10-06,Delivered,73,149.02,2,RIDER4886
4886,ORDER4887,2023-10-22,In Transit,95,472.04,3,RIDER4887
4887,ORDER4888,2023-12-30,Delivered,96,126.94,2,RIDER4888
4888,ORDER4889,2023-03-23,Delivered,70,356.21,5,RIDER4889
4889,ORDER4890,2023-10-08,Failed,94,385.62,2,RIDER4890
4890,ORDER4891,2023-08-14,Delivered,19,265.35,5,RIDER4891
4891,ORDER4892,2023-09-25,In Transit,70,237.58,5,RIDER4892
4892,ORDER4893,2023-10-31,Delivered,16,270.87,1,RIDER4893
4893,ORDER4894,2023-07-27,In Transit,18,414.55,1,RIDER4894
4894,ORDER4895,2023-08-24,In Transit,19,402.76,1,RIDER4895
4895,ORDER4896,2023-02-17,In Transit,120,377.36,3,RIDER4896
4896,ORDER4897,2023-01-11,Failed,28,476.81,2,RIDER4897
4897,ORDER4898,2023-02-06,Failed,89,148.92,4,RIDER4898
4898,ORDER4899,2023-10-21,Failed,115,353.29,1,RIDER4899
4899,ORDER4900,2023-07-28,Delivered,98,324.91,3,RIDER4900
4900,ORDER4901,2023-03-19,Failed,89,332.89,5,RIDER4901
4901,ORDER4902,2023-11-20,Failed,46,311.98,4,RIDER4902
4902,ORDER4903,2023-09-11,In Transit,22,281.06,5,RIDER4903
4903,ORDER4904,2023-03-12,Delivered,47,485.69,4,RIDER4904
4904,ORDER4905,2023-07-30,Failed,74,372.33,2,RIDER4905
4905,ORDER4906,2023-07-22,Failed,82,241.78,5,RIDER4906
4906,ORDER4907,2023-03-10,Failed,29,401.57,3,RIDER4907
4907,ORDER4908,2023-11-30,In Transit,81,309.81,5,RIDER4908
4908,ORDER4909,2023-11-07,In Transit,66,143.77,1,RIDER4909
4909,ORDER4910,2023-05-11,In Transit,97,387.77,2,RIDER4910
4910,ORDER4911,2023-04-28,In Transit,32,52.45,1,RIDER4911
4911,ORDER4912,2023-09-10,Failed,52,433.41,5,RIDER4912
4912,ORDER4913,2023-06-03,Failed,53,459.56,5,RIDER4913
4913,ORDER4914,2023-11-24,Failed,29,358.87,1,RIDER4914
4914,ORDER4915,2023-02-26,In Transit,100,442.97,5,RIDER4915
4915,ORDER4916,2023-02-28,In Transit,21,155.88,1,RIDER4916
4916,ORDER4917,2023-10-18,In Transit,72,214.86,3,RIDER4917
4917,ORDER4918,2023-09-13,In Transit,81,169.49,4,RIDER4918
4918,ORDER4919,2023-04-25,Failed,77,400.9,4,RIDER4919
4919,ORDER4920,2023-09-28,Delivered,52,492.83,3,RIDER4920
4920,ORDER4921,2023-10-24,Delivered,45,301.4,1,RIDER4921
4921,ORDER4922,2023-01-04,In Transit,108,292.5,1,RIDER4922
4922,ORDER4923,2023-11-07,In Transit,107,148.33,4,RIDER4923
4923,ORDER4924,2023-10-20,Failed,66,347.23,2,RIDER4924
4924,ORDER4925,2023-12-09,Failed,114,70.18,2,RIDER4925
4925,ORDER4926,2023-01-21,In Transit,11,206.1,1,RIDER4926
4926,ORDER4927,2023-10-31,Failed,10,451.59,4,RIDER4927
4927,ORDER4928,2023-09-02,In Transit,65,441.24,1,RIDER4928
4928,ORDER4929,2023-02-06,Failed,19,374.59,5,RIDER4929
4929,ORDER4930,2023-06-11,In Transit,80,161.54,4,RIDER4930
4930,ORDER4931,2023-04-25,In Transit,22,321.46,5,RIDER4931
4931,ORDER4932,2023-06-19,Failed,115,211.24,4,RIDER4932
4932,ORDER4933,2023-12-25,In Transit,36,62.35,3,RIDER4933
4933,ORDER4934,2023-09-06,Delivered,53,283.96,2,RIDER4934
4934,ORDER4935,2023-10-26,Delivered,109,109.57,3,RIDER4935
4935,ORDER4936,2023-11-29,Failed,32,494.35,3,RIDER4936
4936,ORDER4937,2023-01-01,Delivered,87,244.57,4,RIDER4937
4937,ORDER4938,2023-04-18,Delivered,36,153.18,3,RIDER4938
4938,ORDER4939,2023-10-10,In Transit,115,152.97,4,RIDER4939
4939,ORDER4940,2023-04-25,Failed,70,357.46,3,RIDER4940
4940,ORDER4941,2023-05-01,In Transit,41,302.77,2,RIDER4941
4941,ORDER4942,2023-02-23,In Transit,26,402.18,5,RIDER4942
4942,ORDER4943,2023-08-07,Delivered,94,207.76,4,RIDER4943
4943,ORDER4944,2023-12-06,Failed,49,105.26,3,RIDER4944
4944,ORDER4945,2023-01-27,Failed,72,132.72,4,RIDER4945
4945,ORDER4946,2023-01-27,In Transit,25,207.38,1,RIDER4946
4946,ORDER4947,2023-12-10,Delivered,18,372.94,3,RIDER4947
4947,ORDER4948,2023-12-28,Failed,24,314.68,4,RIDER4948
4948,ORDER4949,2023-06-26,Failed,54,322.37,5,RIDER4949
4949,ORDER4950,2023-10-01,Delivered,58,227.34,2,RIDER4950
4950,ORDER4951,2023-04-19,Failed,47,348.08,3,RIDER4951
4951,ORDER4952,2023-10-03,Failed,106,395.96,1,RIDER4952
4952,ORDER4953,2023-09-08,In Transit,75,323.76,1,RIDER4953
4953,ORDER4954,2023-07-09,Delivered,42,257.75,4,RIDER4954
4954,ORDER4955,2023-08-10,Delivered,75,52.69,4,RIDER4955
4955,ORDER4956,2023-03-14,Delivered,119,149.27,1,RIDER4956
4956,ORDER4957,2023-09-13,In Transit,45,208.25,5,RIDER4957
4957,ORDER4958,2023-01-01,Delivered,59,248.69,2,RIDER4958
4958,ORDER4959,2023-09-01,Failed,29,179.83,2,RIDER4959
4959,ORDER4960,2023-03-07,Failed,112,184.87,1,RIDER4960
4960,ORDER4961,2023-03-12,Delivered,14,145.96,3,RIDER4961
4961,ORDER4962,2023-09-30,In Transit,83,396.67,2,RIDER4962
4962,ORDER4963,2023-06-30,In Transit,96,353.46,2,RIDER4963
4963,ORDER4964,2023-03-23,In Transit,60,100.02,4,RIDER4964
4964,ORDER4965,2023-01-24,In Transit,79,244.08,2,RIDER4965
4965,ORDER4966,2023-08-03,In Transit,10,221.26,2,RIDER4966
4966,ORDER4967,2023-08-31,Delivered,99,126.23,4,RIDER4967
4967,ORDER4968,2023-08-09,Failed,70,437.23,1,RIDER4968
4968,ORDER4969,2023-04-03,Failed,96,259.04,1,RIDER4969
4969,ORDER4970,2023-10-13,In Transit,86,110.26,5,RIDER4970
4970,ORDER4971,2023-08-19,Delivered,32,326.3,5,RIDER4971
4971,ORDER4972,2023-02-22,In Transit,40,383.79,1,RIDER4972
4972,ORDER4973,2023-07-06,Failed,43,105.16,4,RIDER4973
4973,ORDER4974,2023-04-15,Delivered,108,132.53,1,RIDER4974
4974,ORDER4975,2023-05-02,Failed,107,248.11,2,RIDER4975
4975,ORDER4976,2023-03-12,Delivered,10,376.22,3,RIDER4976
4976,ORDER4977,2023-02-02,Delivered,84,349.57,5,RIDER4977
4977,ORDER4978,2023-06-26,Failed,44,109.51,1,RIDER4978
4978,ORDER4979,2023-02-02,Delivered,95,121.66,3,RIDER4979
4979,ORDER4980,2023-10-13,In Transit,74,252.73,5,RIDER4980
4980,ORDER4981,2023-10-08,In Transit,96,331.02,5,RIDER4981
4981,ORDER4982,2023-08-17,In Transit,93,434.29,5,RIDER4982
4982,ORDER4983,2023-07-20,In Transit,14,473.44,2,RIDER4983
4983,ORDER4984,2023-02-11,In Transit,115,433.45,4,RIDER4984
4984,ORDER4985,2023-06-02,In Transit,35,139.6,4,RIDER4985
4985,ORDER4986,2023-07-11,Failed,14,162.59,1,RIDER4986
4986,ORDER4987,2023-03-04,Delivered,15,430.75,4,RIDER4987
4987,ORDER4988,2023-11-24,In Transit,78,68.15,4,RIDER4988
4988,ORDER4989,2023-01-11,In Transit,42,59.48,1,RIDER4989
4989,ORDER4990,2023-05-22,Delivered,29,130.46,5,RIDER4990
4990,ORDER4991,2023-11-18,Failed,26,95.86,2,RIDER4991
4991,ORDER4992,2023-09-24,In Transit,80,142.38,1,RIDER4992
4992,ORDER4993,2023-11-06,Failed,23,283.57,2,RIDER4993
4993,ORDER4994,2023-01-26,Delivered,105,65.95,2,RIDER4994
4994,ORDER4995,2023-03-04,In Transit,85,254.08,2,RIDER4995
4995,ORDER4996,2023-07-01,Delivered,82,373.4,5,RIDER4996
4996,ORDER4997,2023-08-28,Failed,43,423.01,5,RIDER4997
4997,ORDER4998,2023-07-30,Delivered,29,328.1,2,RIDER4998
4998,ORDER4999,2023-08-07,Failed,54,292.57,3,RIDER4999
4999,ORDER5000,2023-05-23,Failed,70,199.95,1,RIDER5000
5000,ORDER5001,2023-09-12,In Transit,62,190.37,2,RIDER5001
5001,ORDER5002,2023-03-02,Failed,89,319.19,5,RIDER5002
5002,ORDER5003,2023-07-30,Delivered,94,149.96,1,RIDER5003
5003,ORDER5004,2023-05-19,Delivered,22,434.06,3,RIDER5004
5004,ORDER5005,2023-12-20,Delivered,109,256.4,5,RIDER5005
5005,ORDER5006,2023-02-05,Failed,58,384.38,4,RIDER5006
5006,ORDER5007,2023-04-22,In Transit,96,94.83,4,RIDER5007
5007,ORDER5008,2023-10-24,In Transit,77,181.22,1,RIDER5008
5008,ORDER5009,2023-12-20,Delivered,18,490.37,2,RIDER5009
5009,ORDER5010,2023-10-23,Failed,61,144.78,4,RIDER5010
5010,ORDER5011,2023-01-23,Failed,18,289.53,4,RIDER5011
5011,ORDER5012,2023-10-23,Delivered,42,351.08,2,RIDER5012
5012,ORDER5013,2023-11-18,Failed,102,341.73,1,RIDER5013
5013,ORDER5014,2023-09-09,In Transit,35,436.19,2,RIDER5014
5014,ORDER5015,2023-10-10,Delivered,52,497.76,5,RIDER5015
5015,ORDER5016,2023-03-01,Failed,110,387.65,3,RIDER5016
5016,ORDER5017,2023-10-15,Delivered,91,149.06,1,RIDER5017
5017,ORDER5018,2023-02-25,Failed,117,294.48,1,RIDER5018
5018,ORDER5019,2023-10-19,Delivered,31,266.94,3,RIDER5019
5019,ORDER5020,2023-05-19,Failed,99,354.3,4,RIDER5020
5020,ORDER5021,2023-10-08,In Transit,99,387.84,2,RIDER5021
5021,ORDER5022,2023-07-01,Delivered,66,84.88,1,RIDER5022
5022,ORDER5023,2023-09-02,Delivered,101,87.72,3,RIDER5023
5023,ORDER5024,2023-09-11,Failed,23,249.06,2,RIDER5024
5024,ORDER5025,2023-03-19,In Transit,59,152.75,2,RIDER5025
5025,ORDER5026,2023-08-12,Failed,58,166.7,1,RIDER5026
5026,ORDER5027,2023-05-02,Delivered,56,288.29,3,RIDER5027
5027,ORDER5028,2023-12-15,Delivered,57,327.59,2,RIDER5028
5028,ORDER5029,2023-10-31,In Transit,54,478.64,2,RIDER5029
5029,ORDER5030,2023-03-26,Delivered,43,282.46,5,RIDER5030
5030,ORDER5031,2023-09-30,Delivered,57,68.74,2,RIDER5031
5031,ORDER5032,2023-12-20,Delivered,111,68.94,5,RIDER5032
5032,ORDER5033,2023-07-09,Delivered,101,271.58,3,RIDER5033
5033,ORDER5034,2023-07-22,In Transit,11,347.9,4,RIDER5034
5034,ORDER5035,2023-03-08,Failed,23,420.39,5,RIDER5035
5035,ORDER5036,2023-10-31,Failed,28,113.83,4,RIDER5036
5036,ORDER5037,2023-08-25,Delivered,18,127.29,5,RIDER5037
5037,ORDER5038,2023-10-22,Failed,69,179.72,4,RIDER5038
5038,ORDER5039,2023-08-09,In Transit,48,175.33,5,RIDER5039
5039,ORDER5040,2023-03-21,Failed,18,190.66,2,RIDER5040
5040,ORDER5041,2023-11-27,Delivered,58,445.53,4,RIDER5041
5041,ORDER5042,2023-08-16,Delivered,45,117.03,3,RIDER5042
5042,ORDER5043,2023-02-07,Delivered,14,321.44,2,RIDER5043
5043,ORDER5044,2023-09-18,In Transit,27,445.4,1,RIDER5044
5044,ORDER5045,2023-04-26,In Transit,11,164.72,4,RIDER5045
5045,ORDER5046,2023-06-28,In Transit,112,115.17,2,RIDER5046
5046,ORDER5047,2023-11-30,Failed,26,273.85,2,RIDER5047
5047,ORDER5048,2023-08-19,Failed,44,349.86,4,RIDER5048
5048,ORDER5049,2023-08-21,In Transit,112,246.4,5,RIDER5049
5049,ORDER5050,2023-08-17,In Transit,98,224.98,1,RIDER5050
5050,ORDER5051,2023-10-20,In Transit,56,82.47,4,RIDER5051
5051,ORDER5052,2023-12-01,Delivered,82,155.98,1,RIDER5052
5052,ORDER5053,2023-10-10,Delivered,49,322.3,1,RIDER5053
5053,ORDER5054,2023-05-31,Failed,17,336.84,1,RIDER5054
5054,ORDER5055,2023-10-16,In Transit,13,121.83,4,RIDER5055
5055,ORDER5056,2023-02-20,Delivered,82,188.88,2,RIDER5056
5056,ORDER5057,2023-04-08,Delivered,22,209.21,2,RIDER5057
5057,ORDER5058,2023-11-05,Failed,39,350.27,1,RIDER5058
5058,ORDER5059,2023-02-13,Failed,74,352.55,2,RIDER5059
5059,ORDER5060,2023-10-12,Delivered,56,486.43,3,RIDER5060
5060,ORDER5061,2023-05-19,Failed,59,419.14,2,RIDER5061
5061,ORDER5062,2023-03-16,Delivered,18,349.35,5,RIDER5062
5062,ORDER5063,2023-03-01,Delivered,95,427.26,5,RIDER5063
5063,ORDER5064,2023-06-11,Delivered,12,409.22,2,RIDER5064
5064,ORDER5065,2023-07-27,In Transit,115,63.76,5,RIDER5065
5065,ORDER5066,2023-08-02,In Transit,12,121.66,4,RIDER5066
5066,ORDER5067,2023-01-29,In Transit,37,253.07,3,RIDER5067
5067,ORDER5068,2023-06-09,Failed,45,189.31,2,RIDER5068
5068,ORDER5069,2023-08-03,In Transit,38,338.2,5,RIDER5069
5069,ORDER5070,2023-11-18,In Transit,118,221.61,4,RIDER5070
5070,ORDER5071,2023-10-17,Delivered,12,443.6,3,RIDER5071
5071,ORDER5072,2023-04-26,Failed,25,423.54,3,RIDER5072
5072,ORDER5073,2023-07-15,In Transit,73,209.24,5,RIDER5073
5073,ORDER5074,2023-05-03,Delivered,93,95.86,4,RIDER5074
5074,ORDER5075,2023-11-04,Delivered,27,175.48,3,RIDER5075
5075,ORDER5076,2023-05-22,Delivered,97,224.88,1,RIDER5076
5076,ORDER5077,2023-06-30,Delivered,45,66.96,5,RIDER5077
5077,ORDER5078,2023-09-29,In Transit,62,437.42,2,RIDER5078
5078,ORDER5079,2023-07-11,Delivered,21,231.8,2,RIDER5079
5079,ORDER5080,2023-06-13,In Transit,59,147.66,5,RIDER5080
5080,ORDER5081,2023-05-13,Failed,52,404.26,5,RIDER5081
5081,ORDER5082,2023-12-01,Delivered,36,416.93,1,RIDER5082
5082,ORDER5083,2023-02-04,In Transit,13,287.97,5,RIDER5083
5083,ORDER5084,2023-01-09,In Transit,102,420.42,4,RIDER5084
5084,ORDER5085,2023-08-18,Failed,49,51.25,5,RIDER5085
5085,ORDER5086,2023-05-04,In Transit,23,371.68,3,RIDER5086
5086,ORDER5087,2023-09-05,Failed,64,190.22,2,RIDER5087
5087,ORDER5088,2023-02-03,Delivered,20,207.06,4,RIDER5088
5088,ORDER5089,2023-11-16,Failed,51,129.56,4,RIDER5089
5089,ORDER5090,2023-12-21,Delivered,34,54.31,2,RIDER5090
5090,ORDER5091,2023-12-23,Failed,27,438.27,5,RIDER5091
5091,ORDER5092,2023-11-26,Failed,76,187.75,4,RIDER5092
5092,ORDER5093,2023-03-01,In Transit,13,261.33,4,RIDER5093
5093,ORDER5094,2023-02-20,Failed,74,264.69,1,RIDER5094
5094,ORDER5095,2023-09-28,In Transit,84,60.18,1,RIDER5095
5095,ORDER5096,2023-12-30,In Transit,74,188.85,2,RIDER5096
5096,ORDER5097,2023-08-17,Failed,46,366.34,3,RIDER5097
5097,ORDER5098,2023-04-26,In Transit,80,85.39,4,RIDER5098
5098,ORDER5099,2023-05-25,Delivered,26,107.13,2,RIDER5099
5099,ORDER5100,2023-08-23,Failed,113,210.49,4,RIDER5100
5100,ORDER5101,2023-09-13,In Transit,100,306.08,5,RIDER5101
5101,ORDER5102,2023-09-03,Delivered,69,119.7,5,RIDER5102
5102,ORDER5103,2023-11-08,Delivered,34,101.56,2,RIDER5103
5103,ORDER5104,2023-09-21,Delivered,11,174.88,4,RIDER5104
5104,ORDER5105,2023-10-08,Failed,38,347.37,2,RIDER5105
5105,ORDER5106,2023-01-02,Failed,39,392.42,3,RIDER5106
5106,ORDER5107,2023-05-22,Delivered,51,320.95,4,RIDER5107
5107,ORDER5108,2023-07-08,Delivered,75,401.8,5,RIDER5108
5108,ORDER5109,2023-10-05,Delivered,27,130.18,5,RIDER5109
5109,ORDER5110,2023-04-01,Delivered,68,445.45,3,RIDER5110
5110,ORDER5111,2023-02-06,Delivered,29,387.33,4,RIDER5111
5111,ORDER5112,2023-10-04,In Transit,91,330.01,4,RIDER5112
5112,ORDER5113,2023-11-05,Failed,95,283.36,5,RIDER5113
5113,ORDER5114,2023-06-06,Delivered,24,370.04,4,RIDER5114
5114,ORDER5115,2023-03-21,Failed,14,215.85,3,RIDER5115
5115,ORDER5116,2023-09-20,Failed,63,487.96,3,RIDER5116
5116,ORDER5117,2023-10-29,In Transit,32,260.98,4,RIDER5117
5117,ORDER5118,2023-04-18,Failed,10,268.1,1,RIDER5118
5118,ORDER5119,2023-08-21,In Transit,92,447.03,1,RIDER5119
5119,ORDER5120,2023-10-02,In Transit,88,303.99,3,RIDER5120
5120,ORDER5121,2023-06-30,Delivered,76,424.89,1,RIDER5121
5121,ORDER5122,2023-09-25,In Transit,63,407.47,5,RIDER5122
5122,ORDER5123,2023-04-16,Delivered,14,445.83,1,RIDER5123
5123,ORDER5124,2023-06-01,Failed,113,372.57,2,RIDER5124
5124,ORDER5125,2023-09-14,Delivered,15,348.96,3,RIDER5125
5125,ORDER5126,2023-11-30,Delivered,17,393.49,2,RIDER5126
5126,ORDER5127,2023-09-27,Delivered,87,402.92,2,RIDER5127
5127,ORDER5128,2023-09-20,Failed,120,110.56,4,RIDER5128
5128,ORDER5129,2023-10-12,Delivered,82,202.77,2,RIDER5129
5129,ORDER5130,2023-04-03,In Transit,71,223.14,3,RIDER5130
5130,ORDER5131,2023-06-05,Failed,119,208.64,2,RIDER5131
5131,ORDER5132,2023-03-30,Delivered,53,122.71,1,RIDER5132
5132,ORDER5133,2023-06-30,Delivered,75,57.98,1,RIDER5133
5133,ORDER5134,2023-01-02,In Transit,91,237.43,5,RIDER5134
5134,ORDER5135,2023-06-18,Delivered,116,249.03,4,RIDER5135
5135,ORDER5136,2023-09-03,Delivered,15,69.61,4,RIDER5136
5136,ORDER5137,2023-12-02,Failed,57,128.12,1,RIDER5137
5137,ORDER5138,2023-02-09,Failed,72,189.01,5,RIDER5138
5138,ORDER5139,2023-05-08,Delivered,111,191.36,3,RIDER5139
5139,ORDER5140,2023-02-21,In Transit,11,145.39,1,RIDER5140
5140,ORDER5141,2023-05-23,Delivered,76,253.53,2,RIDER5141
5141,ORDER5142,2023-11-07,Failed,98,270.46,5,RIDER5142
5142,ORDER5143,2023-11-13,Failed,50,250.16,4,RIDER5143
5143,ORDER5144,2023-09-19,In Transit,119,107.29,2,RIDER5144
5144,ORDER5145,2023-04-04,In Transit,61,323.3,1,RIDER5145
5145,ORDER5146,2023-02-26,Failed,95,271.48,1,RIDER5146
5146,ORDER5147,2023-08-05,Delivered,100,272.57,3,RIDER5147
5147,ORDER5148,2023-09-09,Delivered,67,284.03,4,RIDER5148
5148,ORDER5149,2023-12-01,In Transit,102,64.11,5,RIDER5149
5149,ORDER5150,2023-03-31,In Transit,62,387.11,3,RIDER5150
5150,ORDER5151,2023-04-21,In Transit,52,471.45,3,RIDER5151
5151,ORDER5152,2023-09-14,Delivered,53,103.64,2,RIDER5152
5152,ORDER5153,2023-02-15,Delivered,69,120.95,3,RIDER5153
5153,ORDER5154,2023-02-23,In Transit,55,456.33,4,RIDER5154
5154,ORDER5155,2023-09-30,Failed,117,65.87,5,RIDER5155
5155,ORDER5156,2023-06-27,In Transit,100,132.55,5,RIDER5156
5156,ORDER5157,2023-04-11,In Transit,95,411.86,2,RIDER5157
5157,ORDER5158,2023-02-12,In Transit,76,191.6,5,RIDER5158
5158,ORDER5159,2023-08-03,Delivered,91,167.12,3,RIDER5159
5159,ORDER5160,2023-08-10,Failed,68,130.88,5,RIDER5160
5160,ORDER5161,2023-06-25,Delivered,110,427.62,2,RIDER5161
5161,ORDER5162,2023-03-06,Failed,98,454.93,5,RIDER5162
5162,ORDER5163,2023-02-25,Failed,57,196.55,4,RIDER5163
5163,ORDER5164,2023-01-06,In Transit,37,259.31,2,RIDER5164
5164,ORDER5165,2023-04-18,Delivered,84,388.72,2,RIDER5165
5165,ORDER5166,2023-11-20,Failed,10,266.01,5,RIDER5166
5166,ORDER5167,2023-05-26,In Transit,64,200.86,1,RIDER5167
5167,ORDER5168,2023-07-16,In Transit,49,247.48,5,RIDER5168
5168,ORDER5169,2023-12-08,Failed,81,202.2,5,RIDER5169
5169,ORDER5170,2023-09-12,In Transit,77,397.68,4,RIDER5170
5170,ORDER5171,2023-06-06,Failed,51,200.03,1,RIDER5171
5171,ORDER5172,2023-03-05,Delivered,26,271.4,3,RIDER5172
5172,ORDER5173,2023-10-16,In Transit,38,259.32,4,RIDER5173
5173,ORDER5174,2023-08-05,In Transit,70,306.65,3,RIDER5174
5174,ORDER5175,2023-10-02,Delivered,94,297.99,4,RIDER5175
5175,ORDER5176,2023-09-23,Delivered,72,185.51,3,RIDER5176
5176,ORDER5177,2023-03-14,Failed,38,313.43,1,RIDER5177
5177,ORDER5178,2023-11-16,Delivered,57,59.19,3,RIDER5178
5178,ORDER5179,2023-01-04,In Transit,111,418.48,3,RIDER5179
5179,ORDER5180,2023-02-18,In Transit,26,391.28,1,RIDER5180
5180,ORDER5181,2023-05-17,In Transit,56,368.72,3,RIDER5181
5181,ORDER5182,2023-07-04,Delivered,56,71.83,5,RIDER5182
5182,ORDER5183,2023-08-17,In Transit,11,199.72,1,RIDER5183
5183,ORDER5184,2023-09-13,In Transit,35,426.98,5,RIDER5184
5184,ORDER5185,2023-01-07,In Transit,112,378.77,5,RIDER5185
5185,ORDER5186,2023-09-10,In Transit,34,274.98,2,RIDER5186
5186,ORDER5187,2023-09-06,In Transit,20,171.32,3,RIDER5187
5187,ORDER5188,2023-11-10,Delivered,62,298.04,3,RIDER5188
5188,ORDER5189,2023-03-09,In Transit,11,375.15,5,RIDER5189
5189,ORDER5190,2023-06-30,Failed,37,314.04,1,RIDER5190
5190,ORDER5191,2023-11-04,In Transit,21,153.73,2,RIDER5191
5191,ORDER5192,2023-10-18,In Transit,10,362.31,5,RIDER5192
5192,ORDER5193,2023-04-25,Delivered,107,60.45,4,RIDER5193
5193,ORDER5194,2023-04-06,In Transit,32,223.86,3,RIDER5194
5194,ORDER5195,2023-07-13,Failed,101,386.96,2,RIDER5195
5195,ORDER5196,2023-06-13,In Transit,106,181.16,1,RIDER5196
5196,ORDER5197,2023-04-20,Delivered,38,80.82,4,RIDER5197
5197,ORDER5198,2023-09-25,In Transit,27,493.03,4,RIDER5198
5198,ORDER5199,2023-09-27,Failed,98,328.3,3,RIDER5199
5199,ORDER5200,2023-01-25,Failed,94,380.92,5,RIDER5200
5200,ORDER5201,2023-10-08,Failed,51,167.96,3,RIDER5201
5201,ORDER5202,2023-06-25,Delivered,21,486.15,4,RIDER5202
5202,ORDER5203,2023-03-04,In Transit,98,69.67,3,RIDER5203
5203,ORDER5204,2023-04-05,Delivered,71,83.74,3,RIDER5204
5204,ORDER5205,2023-02-26,Delivered,17,288.68,4,RIDER5205
5205,ORDER5206,2023-11-30,Failed,98,102.42,5,RIDER5206
5206,ORDER5207,2023-05-21,Failed,114,54.28,5,RIDER5207
5207,ORDER5208,2023-08-10,In Transit,110,83.62,5,RIDER5208
5208,ORDER5209,2023-05-24,Delivered,39,293.47,1,RIDER5209
5209,ORDER5210,2023-04-26,Failed,66,383.53,2,RIDER5210
5210,ORDER5211,2023-08-20,In Transit,74,435.44,5,RIDER5211
5211,ORDER5212,2023-06-23,Delivered,71,327.78,3,RIDER5212
5212,ORDER5213,2023-06-25,In Transit,64,494.85,3,RIDER5213
5213,ORDER5214,2023-03-07,Failed,73,216.08,4,RIDER5214
5214,ORDER5215,2023-02-19,In Transit,101,382.92,2,RIDER5215
5215,ORDER5216,2023-12-16,Failed,86,435.21,2,RIDER5216
5216,ORDER5217,2023-04-05,Delivered,110,420.8,4,RIDER5217
5217,ORDER5218,2023-04-19,Delivered,98,388.4,1,RIDER5218
5218,ORDER5219,2023-09-04,In Transit,60,152.68,2,RIDER5219
5219,ORDER5220,2023-01-27,Failed,38,372.23,2,RIDER5220
5220,ORDER5221,2023-02-08,Failed,90,219.04,5,RIDER5221
5221,ORDER5222,2023-11-20,Failed,23,172.37,2,RIDER5222
5222,ORDER5223,2023-07-24,Failed,106,333.63,5,RIDER5223
5223,ORDER5224,2023-03-07,In Transit,43,167.91,5,RIDER5224
5224,ORDER5225,2023-02-08,Delivered,86,422.66,5,RIDER5225
5225,ORDER5226,2023-03-20,Delivered,56,244.95,3,RIDER5226
5226,ORDER5227,2023-08-12,In Transit,105,177.89,4,RIDER5227
5227,ORDER5228,2023-03-24,Delivered,31,314.77,4,RIDER5228
5228,ORDER5229,2023-12-13,Failed,35,232.81,2,RIDER5229
5229,ORDER5230,2023-10-22,Delivered,107,244.91,4,RIDER5230
5230,ORDER5231,2023-06-10,Failed,69,192.91,3,RIDER5231
5231,ORDER5232,2023-04-08,Failed,67,60.07,2,RIDER5232
5232,ORDER5233,2023-02-06,Failed,106,381.81,2,RIDER5233
5233,ORDER5234,2023-08-28,In Transit,13,438.16,5,RIDER5234
5234,ORDER5235,2023-02-07,Delivered,72,340.84,5,RIDER5235
5235,ORDER5236,2023-09-25,Delivered,71,152.18,5,RIDER5236
5236,ORDER5237,2023-07-25,Failed,108,263.28,5,RIDER5237
5237,ORDER5238,2023-12-09,Delivered,79,421.38,2,RIDER5238
5238,ORDER5239,2023-11-29,In Transit,49,316.96,2,RIDER5239
5239,ORDER5240,2023-11-21,In Transit,50,258.62,5,RIDER5240
5240,ORDER5241,2023-08-15,Delivered,119,382.02,4,RIDER5241
5241,ORDER5242,2023-07-11,In Transit,52,354.78,4,RIDER5242
5242,ORDER5243,2023-02-25,Failed,32,221.21,5,RIDER5243
5243,ORDER5244,2023-03-11,Delivered,100,208.4,5,RIDER5244
5244,ORDER5245,2023-02-18,Delivered,105,382.76,3,RIDER5245
5245,ORDER5246,2023-07-19,Failed,67,423.7,3,RIDER5246
5246,ORDER5247,2023-01-19,Failed,43,146.45,1,RIDER5247
5247,ORDER5248,2023-10-11,Failed,47,236.75,3,RIDER5248
5248,ORDER5249,2023-05-02,Failed,64,182.44,2,RIDER5249
5249,ORDER5250,2023-08-08,Delivered,27,321.4,1,RIDER5250
5250,ORDER5251,2023-07-24,In Transit,70,420.26,1,RIDER5251
5251,ORDER5252,2023-08-31,Failed,40,201.12,1,RIDER5252
5252,ORDER5253,2023-02-15,Delivered,103,394.18,3,RIDER5253
5253,ORDER5254,2023-10-08,Failed,30,477.01,2,RIDER5254
5254,ORDER5255,2023-01-11,Delivered,43,303.52,2,RIDER5255
5255,ORDER5256,2023-04-16,Failed,120,136.2,3,RIDER5256
5256,ORDER5257,2023-07-24,Failed,115,201.85,2,RIDER5257
5257,ORDER5258,2023-06-19,Failed,118,83.37,3,RIDER5258
5258,ORDER5259,2023-07-10,Failed,83,241.59,1,RIDER5259
5259,ORDER5260,2023-03-21,In Transit,10,258.65,3,RIDER5260
5260,ORDER5261,2023-02-22,Failed,105,451.4,1,RIDER5261
5261,ORDER5262,2023-11-11,In Transit,80,367.73,4,RIDER5262
5262,ORDER5263,2023-12-17,In Transit,117,125.24,3,RIDER5263
5263,ORDER5264,2023-09-17,Delivered,65,321.07,4,RIDER5264
5264,ORDER5265,2023-03-07,Delivered,18,68.83,5,RIDER5265
5265,ORDER5266,2023-04-23,Failed,29,165.77,2,RIDER5266
5266,ORDER5267,2023-02-26,Delivered,12,298.73,5,RIDER5267
5267,ORDER5268,2023-12-16,Delivered,25,331.6,3,RIDER5268
5268,ORDER5269,2023-01-08,In Transit,58,88.09,3,RIDER5269
5269,ORDER5270,2023-02-12,Failed,96,160.6,1,RIDER5270
5270,ORDER5271,2023-07-28,Failed,70,209.43,1,RIDER5271
5271,ORDER5272,2023-01-06,In Transit,29,140.04,5,RIDER5272
5272,ORDER5273,2023-08-01,Failed,103,201.96,2,RIDER5273
5273,ORDER5274,2023-08-20,In Transit,51,313.04,1,RIDER5274
5274,ORDER5275,2023-09-07,Delivered,96,177.57,4,RIDER5275
5275,ORDER5276,2023-10-02,Delivered,56,226.75,5,RIDER5276
5276,ORDER5277,2023-06-18,Failed,31,204.39,2,RIDER5277
5277,ORDER5278,2023-06-21,Failed,14,427.02,4,RIDER5278
5278,ORDER5279,2023-09-01,Failed,69,220.75,2,RIDER5279
5279,ORDER5280,2023-12-02,Failed,44,131.83,5,RIDER5280
5280,ORDER5281,2023-11-01,Failed,13,444.86,5,RIDER5281
5281,ORDER5282,2023-04-05,In Transit,96,224.53,1,RIDER5282
5282,ORDER5283,2023-10-03,In Transit,26,63.13,4,RIDER5283
5283,ORDER5284,2023-12-21,In Transit,72,215.37,1,RIDER5284
5284,ORDER5285,2023-07-22,In Transit,87,358.77,2,RIDER5285
5285,ORDER5286,2023-08-19,Failed,112,282.47,5,RIDER5286
5286,ORDER5287,2023-06-21,Failed,62,402.43,3,RIDER5287
5287,ORDER5288,2023-08-01,Failed,14,338.68,1,RIDER5288
5288,ORDER5289,2023-07-27,Delivered,77,352.8,4,RIDER5289
5289,ORDER5290,2023-06-14,Failed,22,145.51,1,RIDER5290
5290,ORDER5291,2023-06-17,In Transit,46,142.93,1,RIDER5291
5291,ORDER5292,2023-09-11,In Transit,78,206.93,3,RIDER5292
5292,ORDER5293,2023-07-12,In Transit,117,498.01,1,RIDER5293
5293,ORDER5294,2023-06-15,Failed,94,370.15,5,RIDER5294
5294,ORDER5295,2023-12-12,Delivered,42,271.39,1,RIDER5295
5295,ORDER5296,2023-12-10,Failed,119,166.48,5,RIDER5296
5296,ORDER5297,2023-11-30,Failed,84,259.98,3,RIDER5297
5297,ORDER5298,2023-06-24,Delivered,80,279.48,3,RIDER5298
5298,ORDER5299,2023-12-20,Delivered,96,214.72,4,RIDER5299
5299,ORDER5300,2023-03-21,Failed,34,199.42,1,RIDER5300
5300,ORDER5301,2023-09-11,Delivered,97,392.04,3,RIDER5301
5301,ORDER5302,2023-07-07,Failed,90,495.29,2,RIDER5302
5302,ORDER5303,2023-12-01,Delivered,109,74.26,5,RIDER5303
5303,ORDER5304,2023-12-22,Delivered,16,97.78,3,RIDER5304
5304,ORDER5305,2023-01-07,Delivered,22,271.92,4,RIDER5305
5305,ORDER5306,2023-07-04,Delivered,22,208.65,4,RIDER5306
5306,ORDER5307,2023-08-28,Delivered,114,403.54,1,RIDER5307
5307,ORDER5308,2023-05-04,In Transit,51,372.0,4,RIDER5308
5308,ORDER5309,2023-06-12,Delivered,48,389.6,4,RIDER5309
5309,ORDER5310,2023-09-24,Delivered,37,146.94,3,RIDER5310
5310,ORDER5311,2023-10-01,Failed,46,245.29,3,RIDER5311
5311,ORDER5312,2023-05-29,Delivered,88,463.05,4,RIDER5312
5312,ORDER5313,2023-02-27,Delivered,47,315.44,2,RIDER5313
5313,ORDER5314,2023-06-09,In Transit,52,401.08,2,RIDER5314
5314,ORDER5315,2023-09-02,Delivered,95,87.11,1,RIDER5315
5315,ORDER5316,2023-05-17,In Transit,88,349.41,4,RIDER5316
5316,ORDER5317,2023-02-25,In Transit,91,328.99,4,RIDER5317
5317,ORDER5318,2023-03-01,Delivered,97,291.85,5,RIDER5318
5318,ORDER5319,2023-09-14,Failed,80,230.75,5,RIDER5319
5319,ORDER5320,2023-02-01,Delivered,28,221.65,4,RIDER5320
5320,ORDER5321,2023-10-29,Delivered,11,221.85,4,RIDER5321
5321,ORDER5322,2023-05-16,In Transit,32,351.05,4,RIDER5322
5322,ORDER5323,2023-05-18,In Transit,108,457.83,5,RIDER5323
5323,ORDER5324,2023-03-07,In Transit,68,477.03,3,RIDER5324
5324,ORDER5325,2023-09-13,Failed,20,326.58,4,RIDER5325
5325,ORDER5326,2023-11-16,Failed,84,313.19,4,RIDER5326
5326,ORDER5327,2023-11-11,Failed,59,490.61,3,RIDER5327
5327,ORDER5328,2023-01-20,Delivered,49,153.0,4,RIDER5328
5328,ORDER5329,2023-03-26,Failed,83,186.45,4,RIDER5329
5329,ORDER5330,2023-10-18,Delivered,43,403.99,5,RIDER5330
5330,ORDER5331,2023-02-18,Delivered,70,131.62,1,RIDER5331
5331,ORDER5332,2023-05-17,Delivered,46,321.69,1,RIDER5332
5332,ORDER5333,2023-06-15,Failed,118,56.17,3,RIDER5333
5333,ORDER5334,2023-11-06,In Transit,109,99.98,5,RIDER5334
5334,ORDER5335,2023-10-31,In Transit,66,93.38,1,RIDER5335
5335,ORDER5336,2023-12-22,Delivered,18,220.91,5,RIDER5336
5336,ORDER5337,2023-12-26,In Transit,88,360.09,4,RIDER5337
5337,ORDER5338,2023-09-14,Delivered,67,375.64,1,RIDER5338
5338,ORDER5339,2023-01-12,Failed,107,370.93,2,RIDER5339
5339,ORDER5340,2023-01-25,Failed,64,327.03,5,RIDER5340
5340,ORDER5341,2023-10-04,Failed,46,410.18,4,RIDER5341
5341,ORDER5342,2023-07-20,Failed,99,105.56,2,RIDER5342
5342,ORDER5343,2023-08-26,Delivered,56,307.74,3,RIDER5343
5343,ORDER5344,2023-08-09,Delivered,96,230.39,4,RIDER5344
5344,ORDER5345,2023-08-13,Delivered,33,319.41,3,RIDER5345
5345,ORDER5346,2023-07-21,In Transit,55,85.65,5,RIDER5346
5346,ORDER5347,2023-05-06,Delivered,101,472.34,2,RIDER5347
5347,ORDER5348,2023-12-09,Failed,54,133.24,5,RIDER5348
5348,ORDER5349,2023-02-14,Delivered,40,60.55,4,RIDER5349
5349,ORDER5350,2023-11-12,Failed,15,367.1,4,RIDER5350
5350,ORDER5351,2023-03-03,In Transit,89,425.72,1,RIDER5351
5351,ORDER5352,2023-07-05,In Transit,48,316.6,1,RIDER5352
5352,ORDER5353,2023-06-07,In Transit,53,249.89,1,RIDER5353
5353,ORDER5354,2023-09-22,Delivered,94,416.81,2,RIDER5354
5354,ORDER5355,2023-09-19,In Transit,52,230.59,1,RIDER5355
5355,ORDER5356,2023-01-17,Failed,39,449.04,1,RIDER5356
5356,ORDER5357,2023-02-03,In Transit,112,273.08,2,RIDER5357
5357,ORDER5358,2023-12-16,Delivered,110,430.61,1,RIDER5358
5358,ORDER5359,2023-09-04,Delivered,102,176.14,5,RIDER5359
5359,ORDER5360,2023-03-23,Delivered,96,88.4,2,RIDER5360
5360,ORDER5361,2023-08-23,Failed,103,340.52,1,RIDER5361
5361,ORDER5362,2023-12-29,Failed,30,271.73,5,RIDER5362
5362,ORDER5363,2023-03-19,Delivered,32,418.84,1,RIDER5363
5363,ORDER5364,2023-04-24,Delivered,56,153.17,5,RIDER5364
5364,ORDER5365,2023-11-07,Failed,103,276.4,4,RIDER5365
5365,ORDER5366,2023-12-04,Delivered,33,388.09,2,RIDER5366
5366,ORDER5367,2023-07-02,In Transit,76,366.08,5,RIDER5367
5367,ORDER5368,2023-07-13,Delivered,65,247.35,4,RIDER5368
5368,ORDER5369,2023-10-31,Failed,14,108.11,5,RIDER5369
5369,ORDER5370,2023-04-17,Failed,109,390.66,5,RIDER5370
5370,ORDER5371,2023-09-17,Failed,57,94.86,2,RIDER5371
5371,ORDER5372,2023-03-20,Delivered,112,260.16,4,RIDER5372
5372,ORDER5373,2023-03-09,Failed,61,67.1,2,RIDER5373
5373,ORDER5374,2023-07-30,Failed,29,175.96,4,RIDER5374
5374,ORDER5375,2023-03-06,Delivered,98,175.01,2,RIDER5375
5375,ORDER5376,2023-06-14,Delivered,66,482.82,2,RIDER5376
5376,ORDER5377,2023-09-16,In Transit,12,430.36,4,RIDER5377
5377,ORDER5378,2023-11-28,In Transit,16,492.38,1,RIDER5378
5378,ORDER5379,2023-01-29,Delivered,78,429.7,1,RIDER5379
5379,ORDER5380,2023-11-21,Failed,95,217.87,3,RIDER5380
5380,ORDER5381,2023-03-03,Failed,25,102.95,5,RIDER5381
5381,ORDER5382,2023-10-26,Delivered,47,363.23,3,RIDER5382
5382,ORDER5383,2023-11-06,In Transit,110,69.25,4,RIDER5383
5383,ORDER5384,2023-04-29,Delivered,31,177.35,4,RIDER5384
5384,ORDER5385,2023-06-15,Failed,26,90.15,2,RIDER5385
5385,ORDER5386,2023-06-20,In Transit,16,376.97,3,RIDER5386
5386,ORDER5387,2023-10-12,In Transit,22,333.69,3,RIDER5387
5387,ORDER5388,2023-12-09,Delivered,100,233.48,3,RIDER5388
5388,ORDER5389,2023-02-18,Failed,21,113.01,2,RIDER5389
5389,ORDER5390,2023-04-12,Delivered,35,374.98,5,RIDER5390
5390,ORDER5391,2023-11-08,Delivered,90,223.36,1,RIDER5391
5391,ORDER5392,2023-01-03,Delivered,40,69.3,5,RIDER5392
5392,ORDER5393,2023-12-18,In Transit,10,132.82,2,RIDER5393
5393,ORDER5394,2023-06-23,In Transit,30,410.28,1,RIDER5394
5394,ORDER5395,2023-04-14,In Transit,101,207.7,1,RIDER5395
5395,ORDER5396,2023-11-05,In Transit,75,302.65,1,RIDER5396
5396,ORDER5397,2023-07-02,In Transit,106,77.18,3,RIDER5397
5397,ORDER5398,2023-10-17,Delivered,99,376.39,5,RIDER5398
5398,ORDER5399,2023-09-27,Delivered,100,90.84,2,RIDER5399
5399,ORDER5400,2023-03-10,In Transit,32,194.01,4,RIDER5400
5400,ORDER5401,2023-01-11,Failed,102,68.87,3,RIDER5401
5401,ORDER5402,2023-01-22,Delivered,80,433.33,3,RIDER5402
5402,ORDER5403,2023-10-15,Delivered,114,358.96,5,RIDER5403
5403,ORDER5404,2023-02-09,In Transit,61,468.08,3,RIDER5404
5404,ORDER5405,2023-03-28,Delivered,45,68.13,2,RIDER5405
5405,ORDER5406,2023-12-17,Failed,48,103.32,3,RIDER5406
5406,ORDER5407,2023-06-12,Failed,69,497.77,5,RIDER5407
5407,ORDER5408,2023-08-23,Delivered,12,352.18,1,RIDER5408
5408,ORDER5409,2023-11-18,In Transit,19,352.11,2,RIDER5409
5409,ORDER5410,2023-07-05,Failed,16,425.65,5,RIDER5410
5410,ORDER5411,2023-11-02,In Transit,116,257.65,3,RIDER5411
5411,ORDER5412,2023-03-25,Delivered,60,85.89,5,RIDER5412
5412,ORDER5413,2023-11-02,In Transit,45,498.94,5,RIDER5413
5413,ORDER5414,2023-01-20,Failed,21,372.4,3,RIDER5414
5414,ORDER5415,2023-11-17,In Transit,13,266.39,4,RIDER5415
5415,ORDER5416,2023-08-10,Delivered,41,304.99,1,RIDER5416
5416,ORDER5417,2023-05-31,In Transit,84,431.95,4,RIDER5417
5417,ORDER5418,2023-09-02,Failed,15,165.3,3,RIDER5418
5418,ORDER5419,2023-07-25,Failed,64,260.46,5,RIDER5419
5419,ORDER5420,2023-03-23,In Transit,36,409.53,2,RIDER5420
5420,ORDER5421,2023-03-22,In Transit,92,93.09,4,RIDER5421
5421,ORDER5422,2023-10-16,Failed,67,489.8,1,RIDER5422
5422,ORDER5423,2023-10-11,Delivered,97,136.28,1,RIDER5423
5423,ORDER5424,2023-03-15,Failed,119,158.49,1,RIDER5424
5424,ORDER5425,2023-10-09,Failed,77,222.67,4,RIDER5425
5425,ORDER5426,2023-10-22,Delivered,50,266.22,4,RIDER5426
5426,ORDER5427,2023-07-25,Failed,63,371.7,3,RIDER5427
5427,ORDER5428,2023-06-18,Failed,71,151.3,3,RIDER5428
5428,ORDER5429,2023-11-21,In Transit,50,279.87,1,RIDER5429
5429,ORDER5430,2023-03-29,In Transit,48,187.46,5,RIDER5430
5430,ORDER5431,2023-08-08,Failed,50,135.97,5,RIDER5431
5431,ORDER5432,2023-07-13,Failed,71,418.65,5,RIDER5432
5432,ORDER5433,2023-10-11,In Transit,84,114.76,3,RIDER5433
5433,ORDER5434,2023-03-02,Failed,56,69.85,5,RIDER5434
5434,ORDER5435,2023-12-20,Delivered,102,109.51,4,RIDER5435
5435,ORDER5436,2023-05-14,Delivered,107,194.17,5,RIDER5436
5436,ORDER5437,2023-11-18,In Transit,44,195.99,3,RIDER5437
5437,ORDER5438,2023-07-17,Failed,97,128.77,3,RIDER5438
5438,ORDER5439,2023-06-11,Delivered,69,159.31,1,RIDER5439
5439,ORDER5440,2023-10-13,In Transit,80,115.83,4,RIDER5440
5440,ORDER5441,2023-09-25,Failed,66,107.1,4,RIDER5441
5441,ORDER5442,2023-02-23,Failed,28,455.43,3,RIDER5442
5442,ORDER5443,2023-05-06,Failed,109,376.9,1,RIDER5443
5443,ORDER5444,2023-09-21,Failed,20,162.04,5,RIDER5444
5444,ORDER5445,2023-12-25,In Transit,87,468.97,4,RIDER5445
5445,ORDER5446,2023-07-31,Failed,82,339.51,2,RIDER5446
5446,ORDER5447,2023-03-30,Failed,93,71.6,1,RIDER5447
5447,ORDER5448,2023-03-21,Failed,44,265.1,3,RIDER5448
5448,ORDER5449,2023-02-20,In Transit,30,341.64,2,RIDER5449
5449,ORDER5450,2023-02-20,Delivered,55,164.87,1,RIDER5450
5450,ORDER5451,2023-05-20,Delivered,24,265.09,1,RIDER5451
5451,ORDER5452,2023-08-20,In Transit,97,394.31,3,RIDER5452
5452,ORDER5453,2023-02-07,Delivered,24,190.67,3,RIDER5453
5453,ORDER5454,2023-03-20,Failed,19,451.85,1,RIDER5454
5454,ORDER5455,2023-11-01,Failed,110,459.62,2,RIDER5455
5455,ORDER5456,2023-08-05,Failed,78,377.89,2,RIDER5456
5456,ORDER5457,2023-05-13,In Transit,12,139.13,1,RIDER5457
5457,ORDER5458,2023-12-25,Failed,44,175.51,3,RIDER5458
5458,ORDER5459,2023-06-23,Failed,10,326.49,1,RIDER5459
5459,ORDER5460,2023-03-24,Delivered,64,165.89,5,RIDER5460
5460,ORDER5461,2023-01-28,In Transit,66,188.65,4,RIDER5461
5461,ORDER5462,2023-12-21,Delivered,23,385.67,1,RIDER5462
5462,ORDER5463,2023-01-06,Delivered,91,94.85,4,RIDER5463
5463,ORDER5464,2023-11-13,Failed,45,377.64,2,RIDER5464
5464,ORDER5465,2023-05-04,In Transit,115,196.16,5,RIDER5465
5465,ORDER5466,2023-12-03,Delivered,90,466.28,3,RIDER5466
5466,ORDER5467,2023-01-01,Failed,26,65.42,2,RIDER5467
5467,ORDER5468,2023-03-29,Delivered,88,389.99,4,RIDER5468
5468,ORDER5469,2023-03-16,Failed,66,148.21,1,RIDER5469
5469,ORDER5470,2023-12-19,Delivered,118,347.64,2,RIDER5470
5470,ORDER5471,2023-03-04,Delivered,53,310.42,4,RIDER5471
5471,ORDER5472,2023-08-28,Delivered,67,450.87,4,RIDER5472
5472,ORDER5473,2023-09-13,Failed,78,183.61,5,RIDER5473
5473,ORDER5474,2023-10-13,In Transit,77,270.6,3,RIDER5474
5474,ORDER5475,2023-01-06,Failed,76,444.41,2,RIDER5475
5475,ORDER5476,2023-06-24,In Transit,32,98.24,2,RIDER5476
5476,ORDER5477,2023-03-24,Delivered,65,132.67,4,RIDER5477
5477,ORDER5478,2023-05-14,Delivered,29,188.02,5,RIDER5478
5478,ORDER5479,2023-05-03,Delivered,27,455.69,4,RIDER5479
5479,ORDER5480,2023-10-02,Failed,59,473.59,3,RIDER5480
5480,ORDER5481,2023-10-22,Failed,83,332.24,3,RIDER5481
5481,ORDER5482,2023-09-10,In Transit,113,148.13,5,RIDER5482
5482,ORDER5483,2023-01-22,Delivered,49,465.8,5,RIDER5483
5483,ORDER5484,2023-02-05,In Transit,68,257.64,1,RIDER5484
5484,ORDER5485,2023-01-25,Failed,108,275.41,5,RIDER5485
5485,ORDER5486,2023-08-17,Failed,17,120.98,3,RIDER5486
5486,ORDER5487,2023-05-14,Delivered,20,411.61,1,RIDER5487
5487,ORDER5488,2023-11-02,Failed,31,203.54,1,RIDER5488
5488,ORDER5489,2023-04-05,In Transit,76,360.09,4,RIDER5489
5489,ORDER5490,2023-03-27,Delivered,62,317.65,4,RIDER5490
5490,ORDER5491,2023-12-17,Delivered,68,351.0,4,RIDER5491
5491,ORDER5492,2023-12-17,In Transit,38,425.87,2,RIDER5492
5492,ORDER5493,2023-02-21,Failed,115,79.25,3,RIDER5493
5493,ORDER5494,2023-06-02,Failed,57,304.28,2,RIDER5494
5494,ORDER5495,2023-02-24,Failed,103,453.0,2,RIDER5495
5495,ORDER5496,2023-12-04,In Transit,115,309.87,4,RIDER5496
5496,ORDER5497,2023-01-05,Failed,55,323.11,1,RIDER5497
5497,ORDER5498,2023-11-28,Delivered,19,493.78,2,RIDER5498
5498,ORDER5499,2023-05-12,Delivered,70,399.82,1,RIDER5499
5499,ORDER5500,2023-01-23,In Transit,97,272.36,5,RIDER5500
5500,ORDER5501,2023-03-06,In Transit,17,275.94,1,RIDER5501
5501,ORDER5502,2023-04-12,Delivered,52,499.56,2,RIDER5502
5502,ORDER5503,2023-03-01,In Transit,25,139.25,3,RIDER5503
5503,ORDER5504,2023-05-22,Failed,59,447.03,5,RIDER5504
5504,ORDER5505,2023-02-18,Failed,101,276.81,4,RIDER5505
5505,ORDER5506,2023-10-12,Delivered,39,489.41,2,RIDER5506
5506,ORDER5507,2023-05-23,Failed,28,401.91,3,RIDER5507
5507,ORDER5508,2023-12-22,Failed,102,167.7,1,RIDER5508
5508,ORDER5509,2023-06-17,Failed,112,150.85,3,RIDER5509
5509,ORDER5510,2023-10-11,In Transit,117,309.61,1,RIDER5510
5510,ORDER5511,2023-09-02,Failed,96,122.38,5,RIDER5511
5511,ORDER5512,2023-05-05,Delivered,44,490.9,2,RIDER5512
5512,ORDER5513,2023-12-18,Failed,77,349.08,3,RIDER5513
5513,ORDER5514,2023-06-04,Failed,47,280.61,5,RIDER5514
5514,ORDER5515,2023-10-05,Failed,24,148.4,2,RIDER5515
5515,ORDER5516,2023-08-12,Failed,61,238.0,2,RIDER5516
5516,ORDER5517,2023-06-22,In Transit,75,201.95,2,RIDER5517
5517,ORDER5518,2023-05-11,Failed,114,477.21,3,RIDER5518
5518,ORDER5519,2023-03-07,Failed,60,451.13,5,RIDER5519
5519,ORDER5520,2023-10-07,In Transit,86,418.83,5,RIDER5520
5520,ORDER5521,2023-02-15,Failed,27,147.4,3,RIDER5521
5521,ORDER5522,2023-09-15,In Transit,45,497.95,4,RIDER5522
5522,ORDER5523,2023-07-14,Failed,38,141.17,2,RIDER5523
5523,ORDER5524,2023-11-03,In Transit,20,460.49,4,RIDER5524
5524,ORDER5525,2023-11-21,In Transit,12,429.5,4,RIDER5525
5525,ORDER5526,2023-12-31,Failed,14,122.89,2,RIDER5526
5526,ORDER5527,2023-02-12,Delivered,60,353.85,5,RIDER5527
5527,ORDER5528,2023-02-23,Delivered,48,260.97,4,RIDER5528
5528,ORDER5529,2023-11-03,Failed,92,274.05,1,RIDER5529
5529,ORDER5530,2023-09-20,In Transit,87,446.01,1,RIDER5530
5530,ORDER5531,2023-08-16,Failed,98,387.37,1,RIDER5531
5531,ORDER5532,2023-07-21,Delivered,23,121.91,2,RIDER5532
5532,ORDER5533,2023-01-01,Failed,54,382.04,4,RIDER5533
5533,ORDER5534,2023-11-05,Failed,15,77.76,4,RIDER5534
5534,ORDER5535,2023-08-08,Delivered,60,198.81,5,RIDER5535
5535,ORDER5536,2023-01-18,Delivered,87,99.37,1,RIDER5536
5536,ORDER5537,2023-05-15,In Transit,100,303.26,2,RIDER5537
5537,ORDER5538,2023-07-09,Delivered,15,296.54,1,RIDER5538
5538,ORDER5539,2023-01-27,Delivered,117,378.39,5,RIDER5539
5539,ORDER5540,2023-12-18,Failed,106,343.91,2,RIDER5540
5540,ORDER5541,2023-01-05,Failed,90,226.58,2,RIDER5541
5541,ORDER5542,2023-11-04,In Transit,67,436.49,3,RIDER5542
5542,ORDER5543,2023-08-21,In Transit,58,197.76,1,RIDER5543
5543,ORDER5544,2023-10-13,In Transit,70,154.46,5,RIDER5544
5544,ORDER5545,2023-09-10,In Transit,95,225.06,2,RIDER5545
5545,ORDER5546,2023-01-01,In Transit,53,484.84,5,RIDER5546
5546,ORDER5547,2023-04-11,Failed,113,458.18,1,RIDER5547
5547,ORDER5548,2023-10-26,Failed,10,381.84,4,RIDER5548
5548,ORDER5549,2023-09-27,In Transit,50,296.67,4,RIDER5549
5549,ORDER5550,2023-06-23,Delivered,80,417.36,1,RIDER5550
5550,ORDER5551,2023-07-24,In Transit,117,51.6,1,RIDER5551
5551,ORDER5552,2023-06-24,In Transit,104,424.86,1,RIDER5552
5552,ORDER5553,2023-05-15,Failed,48,231.78,3,RIDER5553
5553,ORDER5554,2023-04-20,Delivered,55,378.54,2,RIDER5554
5554,ORDER5555,2023-12-13,Failed,62,282.52,4,RIDER5555
5555,ORDER5556,2023-12-28,Delivered,46,125.06,3,RIDER5556
5556,ORDER5557,2023-08-16,Delivered,72,333.03,3,RIDER5557
5557,ORDER5558,2023-02-06,Delivered,89,130.52,5,RIDER5558
5558,ORDER5559,2023-10-04,Delivered,41,451.68,2,RIDER5559
5559,ORDER5560,2023-03-18,Delivered,72,213.28,5,RIDER5560
5560,ORDER5561,2023-03-11,Delivered,83,283.52,3,RIDER5561
5561,ORDER5562,2023-09-18,In Transit,111,218.62,3,RIDER5562
5562,ORDER5563,2023-03-14,Failed,52,125.5,5,RIDER5563
5563,ORDER5564,2023-02-19,In Transit,82,136.12,2,RIDER5564
5564,ORDER5565,2023-04-11,In Transit,68,497.13,4,RIDER5565
5565,ORDER5566,2023-12-18,Failed,70,149.61,3,RIDER5566
5566,ORDER5567,2023-04-25,Delivered,118,76.88,1,RIDER5567
5567,ORDER5568,2023-09-05,Delivered,47,472.46,5,RIDER5568
5568,ORDER5569,2023-01-20,Failed,11,327.17,5,RIDER5569
5569,ORDER5570,2023-05-28,Failed,10,492.85,1,RIDER5570
5570,ORDER5571,2023-09-16,Delivered,73,307.65,2,RIDER5571
5571,ORDER5572,2023-11-18,In Transit,87,207.61,4,RIDER5572
5572,ORDER5573,2023-11-15,Delivered,100,264.56,1,RIDER5573
5573,ORDER5574,2023-12-05,In Transit,39,163.51,1,RIDER5574
5574,ORDER5575,2023-11-21,Delivered,70,100.8,2,RIDER5575
5575,ORDER5576,2023-12-06,Delivered,115,304.11,1,RIDER5576
5576,ORDER5577,2023-01-05,In Transit,29,205.16,5,RIDER5577
5577,ORDER5578,2023-05-09,In Transit,47,55.08,1,RIDER5578
5578,ORDER5579,2023-06-14,In Transit,94,226.75,5,RIDER5579
5579,ORDER5580,2023-11-12,In Transit,56,411.31,3,RIDER5580
5580,ORDER5581,2023-04-06,In Transit,90,94.46,1,RIDER5581
5581,ORDER5582,2023-01-14,Failed,76,144.76,4,RIDER5582
5582,ORDER5583,2023-01-01,Failed,57,365.61,2,RIDER5583
5583,ORDER5584,2023-05-22,Delivered,64,338.36,2,RIDER5584
5584,ORDER5585,2023-08-04,Failed,93,261.22,4,RIDER5585
5585,ORDER5586,2023-06-17,Failed,62,468.21,1,RIDER5586
5586,ORDER5587,2023-08-06,Delivered,82,423.01,4,RIDER5587
5587,ORDER5588,2023-08-07,Failed,111,150.62,3,RIDER5588
5588,ORDER5589,2023-07-17,In Transit,103,328.93,2,RIDER5589
5589,ORDER5590,2023-08-24,Delivered,120,369.96,4,RIDER5590
5590,ORDER5591,2023-01-14,In Transit,22,333.42,3,RIDER5591
5591,ORDER5592,2023-05-18,In Transit,41,263.27,2,RIDER5592
5592,ORDER5593,2023-09-27,Delivered,54,345.41,5,RIDER5593
5593,ORDER5594,2023-05-28,Delivered,97,257.05,2,RIDER5594
5594,ORDER5595,2023-01-25,In Transit,46,415.5,1,RIDER5595
5595,ORDER5596,2023-05-06,Failed,73,475.29,2,RIDER5596
5596,ORDER5597,2023-12-08,In Transit,63,166.08,5,RIDER5597
5597,ORDER5598,2023-08-23,In Transit,117,278.07,3,RIDER5598
5598,ORDER5599,2023-10-22,Delivered,56,234.59,3,RIDER5599
5599,ORDER5600,2023-04-06,Delivered,29,250.08,2,RIDER5600
5600,ORDER5601,2023-09-06,Failed,11,171.81,3,RIDER5601
5601,ORDER5602,2023-03-07,Delivered,16,241.4,1,RIDER5602
5602,ORDER5603,2023-10-17,In Transit,17,393.8,1,RIDER5603
5603,ORDER5604,2023-03-21,Delivered,114,348.5,2,RIDER5604
5604,ORDER5605,2023-05-22,Delivered,75,425.35,3,RIDER5605
5605,ORDER5606,2023-04-28,Failed,47,419.27,5,RIDER5606
5606,ORDER5607,2023-01-29,In Transit,24,361.07,4,RIDER5607
5607,ORDER5608,2023-04-02,Failed,18,499.92,1,RIDER5608
5608,ORDER5609,2023-04-13,Failed,110,131.86,5,RIDER5609
5609,ORDER5610,2023-04-19,Delivered,21,222.48,1,RIDER5610
5610,ORDER5611,2023-10-25,Delivered,76,199.34,5,RIDER5611
5611,ORDER5612,2023-07-01,Delivered,66,271.8,2,RIDER5612
5612,ORDER5613,2023-03-28,Delivered,18,277.99,1,RIDER5613
5613,ORDER5614,2023-10-16,In Transit,94,337.44,5,RIDER5614
5614,ORDER5615,2023-08-18,Failed,54,122.3,4,RIDER5615
5615,ORDER5616,2023-05-28,Delivered,76,374.96,4,RIDER5616
5616,ORDER5617,2023-08-31,In Transit,66,395.63,4,RIDER5617
5617,ORDER5618,2023-07-17,In Transit,94,432.15,1,RIDER5618
5618,ORDER5619,2023-01-30,Delivered,62,384.27,3,RIDER5619
5619,ORDER5620,2023-06-06,Delivered,73,369.07,5,RIDER5620
5620,ORDER5621,2023-10-04,Failed,29,149.53,4,RIDER5621
5621,ORDER5622,2023-08-23,Failed,75,301.42,2,RIDER5622
5622,ORDER5623,2023-11-20,Delivered,66,164.64,4,RIDER5623
5623,ORDER5624,2023-05-26,Failed,38,201.38,4,RIDER5624
5624,ORDER5625,2023-04-26,In Transit,82,332.07,3,RIDER5625
5625,ORDER5626,2023-12-22,Delivered,93,346.4,5,RIDER5626
5626,ORDER5627,2023-12-06,Failed,36,335.52,5,RIDER5627
5627,ORDER5628,2023-06-12,In Transit,59,442.8,2,RIDER5628
5628,ORDER5629,2023-02-21,Delivered,118,200.55,2,RIDER5629
5629,ORDER5630,2023-11-22,In Transit,15,404.05,3,RIDER5630
5630,ORDER5631,2023-01-25,In Transit,28,54.87,5,RIDER5631
5631,ORDER5632,2023-04-04,Failed,78,440.55,4,RIDER5632
5632,ORDER5633,2023-08-07,Delivered,11,466.9,2,RIDER5633
5633,ORDER5634,2023-08-14,Failed,115,212.08,1,RIDER5634
5634,ORDER5635,2023-03-11,Delivered,25,382.37,5,RIDER5635
5635,ORDER5636,2023-06-16,In Transit,21,116.82,3,RIDER5636
5636,ORDER5637,2023-05-23,Failed,80,288.83,5,RIDER5637
5637,ORDER5638,2023-09-02,In Transit,117,231.08,2,RIDER5638
5638,ORDER5639,2023-04-30,Delivered,60,320.95,5,RIDER5639
5639,ORDER5640,2023-03-14,Failed,14,269.9,2,RIDER5640
5640,ORDER5641,2023-10-11,Delivered,77,121.54,3,RIDER5641
5641,ORDER5642,2023-09-06,Delivered,97,101.04,2,RIDER5642
5642,ORDER5643,2023-02-02,Failed,60,104.44,3,RIDER5643
5643,ORDER5644,2023-09-03,Delivered,51,158.32,3,RIDER5644
5644,ORDER5645,2023-10-01,In Transit,99,163.85,4,RIDER5645
5645,ORDER5646,2023-08-20,In Transit,108,323.38,4,RIDER5646
5646,ORDER5647,2023-06-24,Failed,110,247.73,2,RIDER5647
5647,ORDER5648,2023-11-08,Failed,45,79.26,5,RIDER5648
5648,ORDER5649,2023-05-25,In Transit,99,293.73,4,RIDER5649
5649,ORDER5650,2023-09-16,Failed,88,421.55,5,RIDER5650
5650,ORDER5651,2023-04-08,Failed,83,59.66,4,RIDER5651
5651,ORDER5652,2023-06-19,In Transit,16,490.26,4,RIDER5652
5652,ORDER5653,2023-10-12,In Transit,14,161.87,3,RIDER5653
5653,ORDER5654,2023-02-14,Delivered,78,77.69,2,RIDER5654
5654,ORDER5655,2023-07-06,Failed,64,281.95,5,RIDER5655
5655,ORDER5656,2023-01-04,Failed,19,188.88,2,RIDER5656
5656,ORDER5657,2023-08-14,Failed,74,462.35,1,RIDER5657
5657,ORDER5658,2023-03-02,Delivered,34,246.71,1,RIDER5658
5658,ORDER5659,2023-08-12,Delivered,44,223.99,3,RIDER5659
5659,ORDER5660,2023-10-11,In Transit,53,63.44,1,RIDER5660
5660,ORDER5661,2023-09-02,Failed,13,108.02,2,RIDER5661
5661,ORDER5662,2023-07-11,Failed,62,234.03,1,RIDER5662
5662,ORDER5663,2023-07-24,In Transit,39,415.59,5,RIDER5663
5663,ORDER5664,2023-09-16,Failed,58,346.76,3,RIDER5664
5664,ORDER5665,2023-02-14,Delivered,74,268.28,3,RIDER5665
5665,ORDER5666,2023-12-26,Delivered,73,431.12,3,RIDER5666
5666,ORDER5667,2023-09-15,In Transit,120,458.97,3,RIDER5667
5667,ORDER5668,2023-09-16,In Transit,91,231.29,3,RIDER5668
5668,ORDER5669,2023-02-25,In Transit,49,117.97,1,RIDER5669
5669,ORDER5670,2023-09-08,Delivered,23,150.37,1,RIDER5670
5670,ORDER5671,2023-05-30,Delivered,44,174.22,3,RIDER5671
5671,ORDER5672,2023-03-17,In Transit,30,202.19,2,RIDER5672
5672,ORDER5673,2023-01-20,Failed,107,160.36,1,RIDER5673
5673,ORDER5674,2023-10-01,Failed,63,167.78,3,RIDER5674
5674,ORDER5675,2023-06-10,Failed,89,70.72,5,RIDER5675
5675,ORDER5676,2023-09-26,Delivered,86,160.65,1,RIDER5676
5676,ORDER5677,2023-06-28,Failed,27,361.8,3,RIDER5677
5677,ORDER5678,2023-02-15,In Transit,34,481.5,5,RIDER5678
5678,ORDER5679,2023-06-09,Delivered,80,320.68,5,RIDER5679
5679,ORDER5680,2023-04-15,Failed,75,322.03,5,RIDER5680
5680,ORDER5681,2023-07-25,In Transit,34,114.25,2,RIDER5681
5681,ORDER5682,2023-04-23,Failed,20,471.01,1,RIDER5682
5682,ORDER5683,2023-09-29,Delivered,95,301.73,5,RIDER5683
5683,ORDER5684,2023-07-04,Failed,120,226.46,2,RIDER5684
5684,ORDER5685,2023-01-01,Delivered,84,441.16,1,RIDER5685
5685,ORDER5686,2023-12-13,Delivered,95,238.96,1,RIDER5686
5686,ORDER5687,2023-03-26,Failed,69,180.77,3,RIDER5687
5687,ORDER5688,2023-08-16,Delivered,32,434.4,1,RIDER5688
5688,ORDER5689,2023-11-04,In Transit,67,361.76,2,RIDER5689
5689,ORDER5690,2023-10-02,Delivered,110,174.19,4,RIDER5690
5690,ORDER5691,2023-06-15,In Transit,35,454.13,4,RIDER5691
5691,ORDER5692,2023-11-05,Failed,64,272.88,1,RIDER5692
5692,ORDER5693,2023-10-21,In Transit,68,223.8,4,RIDER5693
5693,ORDER5694,2023-04-14,Failed,90,387.19,3,RIDER5694
5694,ORDER5695,2023-08-24,Delivered,44,448.65,5,RIDER5695
5695,ORDER5696,2023-03-08,Failed,46,93.08,2,RIDER5696
5696,ORDER5697,2023-07-05,In Transit,109,447.75,1,RIDER5697
5697,ORDER5698,2023-03-10,Failed,34,458.98,2,RIDER5698
5698,ORDER5699,2023-07-19,Failed,116,340.15,3,RIDER5699
5699,ORDER5700,2023-07-05,Delivered,80,77.62,4,RIDER5700
5700,ORDER5701,2023-09-26,Delivered,78,218.67,4,RIDER5701
5701,ORDER5702,2023-10-30,Failed,13,135.9,4,RIDER5702
5702,ORDER5703,2023-04-12,In Transit,28,168.75,4,RIDER5703
5703,ORDER5704,2023-11-09,In Transit,86,87.31,5,RIDER5704
5704,ORDER5705,2023-12-24,In Transit,94,300.84,3,RIDER5705
5705,ORDER5706,2023-09-05,Failed,55,469.71,2,RIDER5706
5706,ORDER5707,2023-05-09,Failed,46,418.45,3,RIDER5707
5707,ORDER5708,2023-10-30,In Transit,69,392.38,2,RIDER5708
5708,ORDER5709,2023-11-09,In Transit,109,478.49,2,RIDER5709
5709,ORDER5710,2023-02-04,Failed,76,415.21,2,RIDER5710
5710,ORDER5711,2023-01-23,Failed,50,306.12,2,RIDER5711
5711,ORDER5712,2023-09-17,Delivered,100,79.95,2,RIDER5712
5712,ORDER5713,2023-02-25,Delivered,109,467.21,5,RIDER5713
5713,ORDER5714,2023-10-15,Delivered,72,373.1,4,RIDER5714
5714,ORDER5715,2023-05-26,Delivered,41,73.18,1,RIDER5715
5715,ORDER5716,2023-03-03,Delivered,16,144.61,4,RIDER5716
5716,ORDER5717,2023-05-23,In Transit,99,473.58,1,RIDER5717
5717,ORDER5718,2023-02-21,In Transit,78,370.18,5,RIDER5718
5718,ORDER5719,2023-04-24,Failed,48,113.62,3,RIDER5719
5719,ORDER5720,2023-09-18,In Transit,37,406.38,3,RIDER5720
5720,ORDER5721,2023-11-18,Failed,25,256.14,1,RIDER5721
5721,ORDER5722,2023-02-17,Failed,18,474.0,1,RIDER5722
5722,ORDER5723,2023-02-01,Delivered,35,376.87,1,RIDER5723
5723,ORDER5724,2023-10-26,Delivered,120,251.19,1,RIDER5724
5724,ORDER5725,2023-06-22,Failed,52,490.32,4,RIDER5725
5725,ORDER5726,2023-01-24,Delivered,76,345.62,5,RIDER5726
5726,ORDER5727,2023-08-08,In Transit,47,352.1,5,RIDER5727
5727,ORDER5728,2023-07-27,Delivered,18,210.14,2,RIDER5728
5728,ORDER5729,2023-07-20,Failed,107,477.58,4,RIDER5729
5729,ORDER5730,2023-11-04,Failed,71,51.31,2,RIDER5730
5730,ORDER5731,2023-07-18,Delivered,99,185.93,2,RIDER5731
5731,ORDER5732,2023-07-19,Delivered,76,58.29,4,RIDER5732
5732,ORDER5733,2023-03-07,In Transit,25,437.0,4,RIDER5733
5733,ORDER5734,2023-11-05,Delivered,77,95.29,3,RIDER5734
5734,ORDER5735,2023-02-11,Failed,29,127.58,4,RIDER5735
5735,ORDER5736,2023-06-14,In Transit,26,473.08,5,RIDER5736
5736,ORDER5737,2023-12-31,Delivered,104,302.93,5,RIDER5737
5737,ORDER5738,2023-01-16,In Transit,38,245.9,1,RIDER5738
5738,ORDER5739,2023-07-16,Failed,47,256.91,1,RIDER5739
5739,ORDER5740,2023-06-16,Delivered,23,272.58,3,RIDER5740
5740,ORDER5741,2023-07-27,Failed,73,343.48,1,RIDER5741
5741,ORDER5742,2023-08-19,In Transit,40,200.87,4,RIDER5742
5742,ORDER5743,2023-06-30,Failed,52,422.03,5,RIDER5743
5743,ORDER5744,2023-09-29,Failed,68,89.86,4,RIDER5744
5744,ORDER5745,2023-02-12,In Transit,98,456.23,2,RIDER5745
5745,ORDER5746,2023-11-18,Delivered,99,340.96,4,RIDER5746
5746,ORDER5747,2023-11-17,Failed,97,232.18,2,RIDER5747
5747,ORDER5748,2023-11-23,In Transit,117,302.76,4,RIDER5748
5748,ORDER5749,2023-10-04,In Transit,11,469.13,2,RIDER5749
5749,ORDER5750,2023-08-19,Failed,62,251.16,3,RIDER5750
5750,ORDER5751,2023-11-25,Failed,35,433.24,4,RIDER5751
5751,ORDER5752,2023-08-22,In Transit,93,362.02,4,RIDER5752
5752,ORDER5753,2023-04-24,Failed,94,74.87,5,RIDER5753
5753,ORDER5754,2023-07-26,Failed,23,469.72,3,RIDER5754
5754,ORDER5755,2023-12-28,In Transit,19,388.96,4,RIDER5755
5755,ORDER5756,2023-07-29,Failed,43,226.15,1,RIDER5756
5756,ORDER5757,2023-03-09,Failed,90,482.45,1,RIDER5757
5757,ORDER5758,2023-06-03,In Transit,30,421.41,2,RIDER5758
5758,ORDER5759,2023-05-22,Delivered,98,269.03,5,RIDER5759
5759,ORDER5760,2023-10-25,Failed,116,344.71,1,RIDER5760
5760,ORDER5761,2023-02-25,Delivered,37,346.81,2,RIDER5761
5761,ORDER5762,2023-08-22,Failed,11,486.2,1,RIDER5762
5762,ORDER5763,2023-05-03,Delivered,113,118.42,2,RIDER5763
5763,ORDER5764,2023-12-24,In Transit,119,444.45,4,RIDER5764
5764,ORDER5765,2023-04-20,Failed,120,95.2,1,RIDER5765
5765,ORDER5766,2023-08-02,In Transit,116,132.99,3,RIDER5766
5766,ORDER5767,2023-09-20,In Transit,59,171.42,5,RIDER5767
5767,ORDER5768,2023-05-22,Failed,35,405.22,4,RIDER5768
5768,ORDER5769,2023-07-22,Failed,23,265.77,3,RIDER5769
5769,ORDER5770,2023-03-19,In Transit,17,208.37,1,RIDER5770
5770,ORDER5771,2023-03-08,Delivered,45,57.69,2,RIDER5771
5771,ORDER5772,2023-01-31,In Transit,27,103.6,3,RIDER5772
5772,ORDER5773,2023-05-24,In Transit,86,176.76,5,RIDER5773
5773,ORDER5774,2023-04-25,Failed,117,280.97,5,RIDER5774
5774,ORDER5775,2023-03-08,Delivered,107,125.21,1,RIDER5775
5775,ORDER5776,2023-06-12,In Transit,26,139.31,3,RIDER5776
5776,ORDER5777,2023-09-30,Delivered,43,290.6,4,RIDER5777
5777,ORDER5778,2023-11-30,Failed,73,113.29,4,RIDER5778
5778,ORDER5779,2023-12-07,Delivered,51,182.44,5,RIDER5779
5779,ORDER5780,2023-10-29,In Transit,72,486.15,5,RIDER5780
5780,ORDER5781,2023-07-07,Delivered,107,302.11,4,RIDER5781
5781,ORDER5782,2023-05-07,In Transit,11,354.26,5,RIDER5782
5782,ORDER5783,2023-01-19,Failed,101,472.22,5,RIDER5783
5783,ORDER5784,2023-10-17,In Transit,22,250.72,2,RIDER5784
5784,ORDER5785,2023-07-06,Failed,118,445.87,2,RIDER5785
5785,ORDER5786,2023-11-28,Failed,85,427.27,1,RIDER5786
5786,ORDER5787,2023-02-11,In Transit,105,467.85,5,RIDER5787
5787,ORDER5788,2023-12-21,Delivered,59,389.67,1,RIDER5788
5788,ORDER5789,2023-05-26,Delivered,15,400.56,1,RIDER5789
5789,ORDER5790,2023-09-05,Failed,34,120.1,4,RIDER5790
5790,ORDER5791,2023-07-29,Failed,111,358.28,4,RIDER5791
5791,ORDER5792,2023-07-27,In Transit,102,171.12,2,RIDER5792
5792,ORDER5793,2023-05-20,Failed,81,387.89,3,RIDER5793
5793,ORDER5794,2023-10-20,Delivered,11,58.54,5,RIDER5794
5794,ORDER5795,2023-06-26,In Transit,113,198.51,1,RIDER5795
5795,ORDER5796,2023-02-17,Failed,21,361.77,1,RIDER5796
5796,ORDER5797,2023-08-17,Failed,89,448.35,2,RIDER5797
5797,ORDER5798,2023-11-27,In Transit,115,261.38,4,RIDER5798
5798,ORDER5799,2023-09-04,In Transit,25,343.73,2,RIDER5799
5799,ORDER5800,2023-02-03,Delivered,68,496.28,3,RIDER5800
5800,ORDER5801,2023-03-15,In Transit,107,121.34,1,RIDER5801
5801,ORDER5802,2023-06-27,In Transit,87,216.27,1,RIDER5802
5802,ORDER5803,2023-02-07,Failed,93,341.89,4,RIDER5803
5803,ORDER5804,2023-04-05,In Transit,58,383.67,4,RIDER5804
5804,ORDER5805,2023-04-08,Delivered,37,436.66,5,RIDER5805
5805,ORDER5806,2023-05-25,Delivered,22,142.27,4,RIDER5806
5806,ORDER5807,2023-11-03,Delivered,22,350.62,4,RIDER5807
5807,ORDER5808,2023-06-10,In Transit,54,106.89,5,RIDER5808
5808,ORDER5809,2023-06-09,Delivered,93,439.72,5,RIDER5809
5809,ORDER5810,2023-08-21,In Transit,71,395.02,5,RIDER5810
5810,ORDER5811,2023-02-12,Failed,90,390.96,5,RIDER5811
5811,ORDER5812,2023-09-09,Failed,36,263.0,2,RIDER5812
5812,ORDER5813,2023-04-12,In Transit,45,98.82,2,RIDER5813
5813,ORDER5814,2023-10-13,Delivered,54,169.75,3,RIDER5814
5814,ORDER5815,2023-07-04,Failed,68,198.88,2,RIDER5815
5815,ORDER5816,2023-08-08,In Transit,82,184.94,3,RIDER5816
5816,ORDER5817,2023-11-08,Delivered,113,488.14,5,RIDER5817
5817,ORDER5818,2023-06-13,In Transit,73,309.48,2,RIDER5818
5818,ORDER5819,2023-10-28,Failed,120,53.29,4,RIDER5819
5819,ORDER5820,2023-11-19,In Transit,89,215.3,3,RIDER5820
5820,ORDER5821,2023-03-28,Delivered,21,257.43,5,RIDER5821
5821,ORDER5822,2023-06-03,In Transit,94,230.2,5,RIDER5822
5822,ORDER5823,2023-12-27,Failed,84,301.9,1,RIDER5823
5823,ORDER5824,2023-09-10,Failed,63,246.52,1,RIDER5824
5824,ORDER5825,2023-06-14,Failed,113,130.72,2,RIDER5825
5825,ORDER5826,2023-06-12,In Transit,52,210.83,3,RIDER5826
5826,ORDER5827,2023-07-07,In Transit,58,72.86,2,RIDER5827
5827,ORDER5828,2023-10-17,Failed,17,251.29,5,RIDER5828
5828,ORDER5829,2023-11-30,Failed,97,169.76,3,RIDER5829
5829,ORDER5830,2023-03-29,Failed,35,280.64,2,RIDER5830
5830,ORDER5831,2023-04-06,Delivered,70,250.47,2,RIDER5831
5831,ORDER5832,2023-08-16,Failed,109,174.85,3,RIDER5832
5832,ORDER5833,2023-04-21,In Transit,16,277.89,1,RIDER5833
5833,ORDER5834,2023-11-15,In Transit,52,204.06,3,RIDER5834
5834,ORDER5835,2023-09-03,Failed,77,116.44,4,RIDER5835
5835,ORDER5836,2023-10-16,Delivered,96,486.97,4,RIDER5836
5836,ORDER5837,2023-07-16,Failed,107,266.52,4,RIDER5837
5837,ORDER5838,2023-10-10,In Transit,62,231.85,5,RIDER5838
5838,ORDER5839,2023-10-30,Delivered,25,451.53,5,RIDER5839
5839,ORDER5840,2023-08-05,Delivered,85,221.8,5,RIDER5840
5840,ORDER5841,2023-12-25,Delivered,41,324.69,5,RIDER5841
5841,ORDER5842,2023-11-09,In Transit,53,213.4,4,RIDER5842
5842,ORDER5843,2023-06-20,Delivered,104,493.56,5,RIDER5843
5843,ORDER5844,2023-12-16,Delivered,59,454.45,2,RIDER5844
5844,ORDER5845,2023-01-12,Failed,120,291.51,1,RIDER5845
5845,ORDER5846,2023-06-10,Failed,43,283.63,1,RIDER5846
5846,ORDER5847,2023-12-07,Delivered,44,330.31,3,RIDER5847
5847,ORDER5848,2023-11-11,In Transit,65,470.55,1,RIDER5848
5848,ORDER5849,2023-06-29,Delivered,36,57.85,4,RIDER5849
5849,ORDER5850,2023-06-08,Failed,62,379.21,4,RIDER5850
5850,ORDER5851,2023-11-23,Delivered,116,88.16,2,RIDER5851
5851,ORDER5852,2023-07-31,Failed,115,80.06,2,RIDER5852
5852,ORDER5853,2023-05-07,Delivered,91,105.74,5,RIDER5853
5853,ORDER5854,2023-10-16,In Transit,104,329.58,5,RIDER5854
5854,ORDER5855,2023-09-25,In Transit,115,255.6,2,RIDER5855
5855,ORDER5856,2023-03-25,Failed,44,372.25,3,RIDER5856
5856,ORDER5857,2023-08-01,Delivered,55,345.57,3,RIDER5857
5857,ORDER5858,2023-05-02,Delivered,58,152.23,1,RIDER5858
5858,ORDER5859,2023-01-13,Failed,99,260.35,2,RIDER5859
5859,ORDER5860,2023-03-22,Delivered,22,88.99,4,RIDER5860
5860,ORDER5861,2023-10-16,In Transit,65,285.16,5,RIDER5861
5861,ORDER5862,2023-04-28,Delivered,83,248.06,1,RIDER5862
5862,ORDER5863,2023-06-14,Failed,85,241.86,3,RIDER5863
5863,ORDER5864,2023-01-06,Failed,114,113.3,2,RIDER5864
5864,ORDER5865,2023-02-08,Failed,90,324.58,2,RIDER5865
5865,ORDER5866,2023-08-26,In Transit,91,98.95,2,RIDER5866
5866,ORDER5867,2023-10-03,Failed,26,483.92,3,RIDER5867
5867,ORDER5868,2023-08-09,In Transit,49,374.94,3,RIDER5868
5868,ORDER5869,2023-11-04,Delivered,21,228.79,4,RIDER5869
5869,ORDER5870,2023-07-19,In Transit,47,254.68,1,RIDER5870
5870,ORDER5871,2023-12-13,Failed,113,273.57,2,RIDER5871
5871,ORDER5872,2023-04-07,In Transit,56,194.76,5,RIDER5872
5872,ORDER5873,2023-11-21,Delivered,41,231.29,5,RIDER5873
5873,ORDER5874,2023-10-16,Delivered,45,74.15,1,RIDER5874
5874,ORDER5875,2023-12-20,In Transit,24,159.14,2,RIDER5875
5875,ORDER5876,2023-05-21,Delivered,18,162.05,5,RIDER5876
5876,ORDER5877,2023-12-15,In Transit,97,417.95,2,RIDER5877
5877,ORDER5878,2023-11-01,Delivered,67,479.03,4,RIDER5878
5878,ORDER5879,2023-04-16,Delivered,19,489.92,1,RIDER5879
5879,ORDER5880,2023-12-19,In Transit,57,287.64,2,RIDER5880
5880,ORDER5881,2023-01-18,In Transit,98,429.39,4,RIDER5881
5881,ORDER5882,2023-12-07,Delivered,30,480.83,3,RIDER5882
5882,ORDER5883,2023-07-12,Delivered,102,139.87,5,RIDER5883
5883,ORDER5884,2023-07-19,In Transit,43,430.82,5,RIDER5884
5884,ORDER5885,2023-08-01,Delivered,28,490.15,1,RIDER5885
5885,ORDER5886,2023-04-07,In Transit,117,334.71,1,RIDER5886
5886,ORDER5887,2023-02-06,Delivered,48,473.56,2,RIDER5887
5887,ORDER5888,2023-01-27,In Transit,14,299.27,3,RIDER5888
5888,ORDER5889,2023-11-28,Delivered,69,282.75,1,RIDER5889
5889,ORDER5890,2023-02-17,Delivered,69,337.86,5,RIDER5890
5890,ORDER5891,2023-01-30,Delivered,91,70.66,1,RIDER5891
5891,ORDER5892,2023-06-15,Delivered,35,262.52,5,RIDER5892
5892,ORDER5893,2023-05-07,In Transit,66,86.0,3,RIDER5893
5893,ORDER5894,2023-12-27,Delivered,83,409.46,4,RIDER5894
5894,ORDER5895,2023-12-02,Failed,64,88.53,3,RIDER5895
5895,ORDER5896,2023-06-06,Delivered,30,296.56,3,RIDER5896
5896,ORDER5897,2023-12-26,In Transit,29,311.34,2,RIDER5897
5897,ORDER5898,2023-02-26,Failed,95,111.63,3,RIDER5898
5898,ORDER5899,2023-03-16,In Transit,106,129.73,2,RIDER5899
5899,ORDER5900,2023-08-18,Failed,96,378.7,2,RIDER5900
5900,ORDER5901,2023-09-18,Failed,65,449.07,4,RIDER5901
5901,ORDER5902,2023-04-15,Failed,83,125.35,2,RIDER5902
5902,ORDER5903,2023-07-18,Failed,111,268.94,4,RIDER5903
5903,ORDER5904,2023-11-02,Delivered,75,484.71,3,RIDER5904
5904,ORDER5905,2023-06-20,Failed,64,489.48,5,RIDER5905
5905,ORDER5906,2023-06-26,In Transit,103,151.88,3,RIDER5906
5906,ORDER5907,2023-06-13,In Transit,101,343.73,1,RIDER5907
5907,ORDER5908,2023-04-17,Delivered,18,235.15,5,RIDER5908
5908,ORDER5909,2023-07-03,Failed,24,495.54,3,RIDER5909
5909,ORDER5910,2023-07-09,Delivered,35,395.11,4,RIDER5910
5910,ORDER5911,2023-10-29,Failed,85,170.72,3,RIDER5911
5911,ORDER5912,2023-05-19,In Transit,62,378.8,1,RIDER5912
5912,ORDER5913,2023-05-16,In Transit,44,141.59,2,RIDER5913
5913,ORDER5914,2023-06-06,In Transit,66,223.2,4,RIDER5914
5914,ORDER5915,2023-06-20,Delivered,46,54.79,4,RIDER5915
5915,ORDER5916,2023-03-26,Delivered,26,274.64,4,RIDER5916
5916,ORDER5917,2023-05-19,Delivered,60,422.11,5,RIDER5917
5917,ORDER5918,2023-10-19,In Transit,18,475.93,2,RIDER5918
5918,ORDER5919,2023-05-27,Failed,63,409.88,3,RIDER5919
5919,ORDER5920,2023-12-09,Delivered,79,384.28,1,RIDER5920
5920,ORDER5921,2023-07-28,In Transit,17,57.63,4,RIDER5921
5921,ORDER5922,2023-05-19,Failed,37,283.52,1,RIDER5922
5922,ORDER5923,2023-08-16,Failed,103,301.95,5,RIDER5923
5923,ORDER5924,2023-10-20,In Transit,89,293.87,3,RIDER5924
5924,ORDER5925,2023-05-24,In Transit,46,248.36,1,RIDER5925
5925,ORDER5926,2023-07-05,Delivered,76,51.66,5,RIDER5926
5926,ORDER5927,2023-10-21,Delivered,17,335.32,2,RIDER5927
5927,ORDER5928,2023-10-14,Delivered,24,130.75,4,RIDER5928
5928,ORDER5929,2023-12-04,Failed,63,175.41,3,RIDER5929
5929,ORDER5930,2023-04-28,In Transit,103,421.47,5,RIDER5930
5930,ORDER5931,2023-08-19,Delivered,72,159.86,3,RIDER5931
5931,ORDER5932,2023-10-11,Failed,59,167.67,3,RIDER5932
5932,ORDER5933,2023-04-13,Delivered,82,379.82,4,RIDER5933
5933,ORDER5934,2023-02-27,Failed,75,307.82,5,RIDER5934
5934,ORDER5935,2023-08-17,In Transit,55,405.13,2,RIDER5935
5935,ORDER5936,2023-02-26,Failed,69,302.94,1,RIDER5936
5936,ORDER5937,2023-03-16,Failed,120,250.13,2,RIDER5937
5937,ORDER5938,2023-05-20,Failed,59,318.64,2,RIDER5938
5938,ORDER5939,2023-03-09,In Transit,35,329.73,3,RIDER5939
5939,ORDER5940,2023-04-23,In Transit,47,136.15,5,RIDER5940
5940,ORDER5941,2023-06-08,Failed,25,198.64,2,RIDER5941
5941,ORDER5942,2023-07-30,Failed,24,488.82,4,RIDER5942
5942,ORDER5943,2023-07-24,In Transit,30,121.48,4,RIDER5943
5943,ORDER5944,2023-04-22,Failed,98,411.43,2,RIDER5944
5944,ORDER5945,2023-07-09,Delivered,53,406.3,4,RIDER5945
5945,ORDER5946,2023-07-09,In Transit,43,66.34,2,RIDER5946
5946,ORDER5947,2023-06-22,In Transit,114,189.43,3,RIDER5947
5947,ORDER5948,2023-05-27,Failed,34,111.01,2,RIDER5948
5948,ORDER5949,2023-02-27,Failed,23,235.41,4,RIDER5949
5949,ORDER5950,2023-10-08,Delivered,110,112.2,4,RIDER5950
5950,ORDER5951,2023-12-14,Delivered,93,298.89,3,RIDER5951
5951,ORDER5952,2023-05-17,Delivered,104,126.01,1,RIDER5952
5952,ORDER5953,2023-05-14,Failed,17,165.44,2,RIDER5953
5953,ORDER5954,2023-08-17,In Transit,39,378.17,4,RIDER5954
5954,ORDER5955,2023-09-16,Failed,117,300.99,4,RIDER5955
5955,ORDER5956,2023-03-28,Failed,48,257.54,5,RIDER5956
5956,ORDER5957,2023-06-06,In Transit,116,376.77,1,RIDER5957
5957,ORDER5958,2023-06-21,Failed,20,275.42,1,RIDER5958
5958,ORDER5959,2023-10-09,Delivered,112,304.42,3,RIDER5959
5959,ORDER5960,2023-07-12,Delivered,41,138.38,3,RIDER5960
5960,ORDER5961,2023-03-02,Failed,41,459.69,4,RIDER5961
5961,ORDER5962,2023-05-23,Failed,96,433.79,4,RIDER5962
5962,ORDER5963,2023-06-21,In Transit,55,139.32,4,RIDER5963
5963,ORDER5964,2023-08-22,In Transit,88,366.74,5,RIDER5964
5964,ORDER5965,2023-01-05,In Transit,37,277.28,2,RIDER5965
5965,ORDER5966,2023-07-06,In Transit,30,143.73,4,RIDER5966
5966,ORDER5967,2023-08-11,In Transit,86,330.93,2,RIDER5967
5967,ORDER5968,2023-08-30,In Transit,118,267.43,2,RIDER5968
5968,ORDER5969,2023-04-05,Failed,88,275.97,1,RIDER5969
5969,ORDER5970,2023-09-13,Failed,48,394.84,4,RIDER5970
5970,ORDER5971,2023-12-16,In Transit,19,303.69,3,RIDER5971
5971,ORDER5972,2023-01-21,Failed,47,430.13,2,RIDER5972
5972,ORDER5973,2023-01-08,Delivered,89,107.27,5,RIDER5973
5973,ORDER5974,2023-06-12,Delivered,43,247.14,1,RIDER5974
5974,ORDER5975,2023-11-28,In Transit,62,54.95,4,RIDER5975
5975,ORDER5976,2023-04-23,Delivered,95,187.24,3,RIDER5976
5976,ORDER5977,2023-09-09,In Transit,73,50.73,4,RIDER5977
5977,ORDER5978,2023-11-19,In Transit,16,417.77,5,RIDER5978
5978,ORDER5979,2023-08-22,Failed,31,223.24,2,RIDER5979
5979,ORDER5980,2023-02-19,In Transit,81,81.21,4,RIDER5980
5980,ORDER5981,2023-01-20,In Transit,78,126.19,2,RIDER5981
5981,ORDER5982,2023-07-30,Failed,13,347.25,1,RIDER5982
5982,ORDER5983,2023-01-19,In Transit,18,127.27,5,RIDER5983
5983,ORDER5984,2023-04-12,In Transit,46,486.56,1,RIDER5984
5984,ORDER5985,2023-04-10,Failed,100,476.12,5,RIDER5985
5985,ORDER5986,2023-09-08,Failed,11,167.26,1,RIDER5986
5986,ORDER5987,2023-09-19,Failed,65,113.42,3,RIDER5987
5987,ORDER5988,2023-12-20,Delivered,117,314.65,4,RIDER5988
5988,ORDER5989,2023-01-13,In Transit,15,468.59,4,RIDER5989
5989,ORDER5990,2023-09-24,In Transit,50,163.42,4,RIDER5990
5990,ORDER5991,2023-08-19,Failed,103,279.11,1,RIDER5991
5991,ORDER5992,2023-10-16,In Transit,92,206.97,4,RIDER5992
5992,ORDER5993,2023-02-17,In Transit,100,323.25,1,RIDER5993
5993,ORDER5994,2023-02-13,Failed,22,328.32,3,RIDER5994
5994,ORDER5995,2023-05-13,In Transit,66,105.67,2,RIDER5995
5995,ORDER5996,2023-05-03,Delivered,68,147.71,1,RIDER5996
5996,ORDER5997,2023-04-13,Delivered,46,109.7,5,RIDER5997
5997,ORDER5998,2023-04-14,In Transit,102,262.51,3,RIDER5998
5998,ORDER5999,2023-04-06,Delivered,94,398.61,3,RIDER5999
5999,ORDER6000,2023-05-08,In Transit,57,193.29,2,RIDER6000
6000,ORDER6001,2023-04-16,In Transit,34,485.1,4,RIDER6001
6001,ORDER6002,2023-12-03,In Transit,100,294.6,4,RIDER6002
6002,ORDER6003,2023-05-19,In Transit,41,477.05,1,RIDER6003
6003,ORDER6004,2023-12-02,Delivered,27,431.04,4,RIDER6004
6004,ORDER6005,2023-01-31,Failed,31,393.93,4,RIDER6005
6005,ORDER6006,2023-07-05,In Transit,87,250.33,4,RIDER6006
6006,ORDER6007,2023-12-31,Failed,115,362.28,4,RIDER6007
6007,ORDER6008,2023-11-17,In Transit,17,142.45,1,RIDER6008
6008,ORDER6009,2023-04-16,In Transit,34,376.35,1,RIDER6009
6009,ORDER6010,2023-08-20,In Transit,85,495.54,5,RIDER6010
6010,ORDER6011,2023-07-19,In Transit,63,182.75,1,RIDER6011
6011,ORDER6012,2023-11-22,Failed,20,379.7,2,RIDER6012
6012,ORDER6013,2023-03-10,Failed,93,204.96,3,RIDER6013
6013,ORDER6014,2023-12-07,Delivered,48,306.04,3,RIDER6014
6014,ORDER6015,2023-10-02,In Transit,113,356.78,5,RIDER6015
6015,ORDER6016,2023-01-12,Failed,47,486.38,4,RIDER6016
6016,ORDER6017,2023-09-17,Failed,27,372.03,3,RIDER6017
6017,ORDER6018,2023-03-28,Failed,88,172.11,3,RIDER6018
6018,ORDER6019,2023-11-10,Delivered,107,365.12,4,RIDER6019
6019,ORDER6020,2023-01-23,Failed,100,371.6,3,RIDER6020
6020,ORDER6021,2023-04-29,Failed,11,301.38,4,RIDER6021
6021,ORDER6022,2023-08-19,Failed,96,99.44,3,RIDER6022
6022,ORDER6023,2023-08-21,In Transit,115,185.53,1,RIDER6023
6023,ORDER6024,2023-01-01,Failed,31,120.4,2,RIDER6024
6024,ORDER6025,2023-08-11,In Transit,15,443.63,4,RIDER6025
6025,ORDER6026,2023-09-20,In Transit,41,272.38,5,RIDER6026
6026,ORDER6027,2023-11-26,Failed,65,377.13,1,RIDER6027
6027,ORDER6028,2023-07-27,In Transit,116,53.71,1,RIDER6028
6028,ORDER6029,2023-06-20,In Transit,17,396.83,4,RIDER6029
6029,ORDER6030,2023-06-13,Delivered,60,499.2,3,RIDER6030
6030,ORDER6031,2023-06-27,Delivered,81,74.7,3,RIDER6031
6031,ORDER6032,2023-08-05,Failed,96,71.04,3,RIDER6032
6032,ORDER6033,2023-03-06,Delivered,99,471.17,2,RIDER6033
6033,ORDER6034,2023-08-17,Delivered,73,53.17,4,RIDER6034
6034,ORDER6035,2023-08-27,Delivered,32,113.05,5,RIDER6035
6035,ORDER6036,2023-04-11,Failed,45,363.52,1,RIDER6036
6036,ORDER6037,2023-01-28,Delivered,38,160.17,5,RIDER6037
6037,ORDER6038,2023-05-13,In Transit,63,205.93,1,RIDER6038
6038,ORDER6039,2023-06-13,In Transit,24,74.21,1,RIDER6039
6039,ORDER6040,2023-05-08,Delivered,99,378.76,5,RIDER6040
6040,ORDER6041,2023-10-21,Failed,55,186.93,3,RIDER6041
6041,ORDER6042,2023-02-03,Delivered,56,116.04,2,RIDER6042
6042,ORDER6043,2023-05-28,Delivered,120,370.58,2,RIDER6043
6043,ORDER6044,2023-11-13,Failed,19,230.56,3,RIDER6044
6044,ORDER6045,2023-05-23,In Transit,112,206.8,1,RIDER6045
6045,ORDER6046,2023-02-21,In Transit,19,498.93,3,RIDER6046
6046,ORDER6047,2023-12-25,Delivered,83,78.87,5,RIDER6047
6047,ORDER6048,2023-10-04,Delivered,70,86.69,2,RIDER6048
6048,ORDER6049,2023-08-24,In Transit,101,96.29,2,RIDER6049
6049,ORDER6050,2023-07-04,Delivered,12,298.19,5,RIDER6050
6050,ORDER6051,2023-10-21,In Transit,98,326.29,1,RIDER6051
6051,ORDER6052,2023-06-13,Delivered,34,383.92,5,RIDER6052
6052,ORDER6053,2023-11-14,Failed,113,74.74,1,RIDER6053
6053,ORDER6054,2023-11-02,Delivered,104,468.78,5,RIDER6054
6054,ORDER6055,2023-08-27,In Transit,105,354.54,5,RIDER6055
6055,ORDER6056,2023-03-04,Failed,68,356.26,1,RIDER6056
6056,ORDER6057,2023-05-10,In Transit,10,114.53,4,RIDER6057
6057,ORDER6058,2023-07-01,Delivered,84,75.04,4,RIDER6058
6058,ORDER6059,2023-03-17,In Transit,26,360.0,1,RIDER6059
6059,ORDER6060,2023-02-26,Delivered,115,244.74,2,RIDER6060
6060,ORDER6061,2023-08-11,In Transit,34,443.97,3,RIDER6061
6061,ORDER6062,2023-10-05,In Transit,114,394.41,1,RIDER6062
6062,ORDER6063,2023-03-26,Delivered,61,405.92,5,RIDER6063
6063,ORDER6064,2023-06-10,Failed,84,382.8,5,RIDER6064
6064,ORDER6065,2023-08-21,Failed,98,467.39,4,RIDER6065
6065,ORDER6066,2023-07-12,In Transit,75,369.76,1,RIDER6066
6066,ORDER6067,2023-03-25,Delivered,25,166.49,3,RIDER6067
6067,ORDER6068,2023-04-09,Delivered,60,416.67,2,RIDER6068
6068,ORDER6069,2023-06-20,Delivered,26,319.95,3,RIDER6069
6069,ORDER6070,2023-10-24,Failed,52,400.98,4,RIDER6070
6070,ORDER6071,2023-03-19,Failed,48,430.14,2,RIDER6071
6071,ORDER6072,2023-03-15,In Transit,36,65.94,3,RIDER6072
6072,ORDER6073,2023-12-28,Failed,99,242.99,5,RIDER6073
6073,ORDER6074,2023-09-23,Delivered,87,118.51,1,RIDER6074
6074,ORDER6075,2023-06-26,Failed,49,144.75,5,RIDER6075
6075,ORDER6076,2023-04-10,Failed,83,373.13,4,RIDER6076
6076,ORDER6077,2023-08-01,Delivered,35,183.95,5,RIDER6077
6077,ORDER6078,2023-05-11,Failed,118,372.6,2,RIDER6078
6078,ORDER6079,2023-07-01,Failed,51,112.61,1,RIDER6079
6079,ORDER6080,2023-04-24,Failed,22,279.22,3,RIDER6080
6080,ORDER6081,2023-11-23,Failed,99,73.07,4,RIDER6081
6081,ORDER6082,2023-04-18,Failed,26,57.15,1,RIDER6082
6082,ORDER6083,2023-10-04,In Transit,28,383.35,1,RIDER6083
6083,ORDER6084,2023-05-23,Delivered,61,362.14,1,RIDER6084
6084,ORDER6085,2023-07-15,Delivered,47,125.58,5,RIDER6085
6085,ORDER6086,2023-09-13,Failed,47,156.66,2,RIDER6086
6086,ORDER6087,2023-06-06,Failed,56,215.57,1,RIDER6087
6087,ORDER6088,2023-03-17,Delivered,98,136.53,2,RIDER6088
6088,ORDER6089,2023-03-01,Failed,45,468.95,4,RIDER6089
6089,ORDER6090,2023-01-22,Delivered,114,273.75,4,RIDER6090
6090,ORDER6091,2023-10-19,Delivered,20,106.05,3,RIDER6091
6091,ORDER6092,2023-11-08,Failed,63,447.66,4,RIDER6092
6092,ORDER6093,2023-08-04,In Transit,15,324.89,3,RIDER6093
6093,ORDER6094,2023-06-18,Failed,63,89.41,4,RIDER6094
6094,ORDER6095,2023-11-02,Delivered,85,130.53,4,RIDER6095
6095,ORDER6096,2023-07-09,Failed,46,127.95,4,RIDER6096
6096,ORDER6097,2023-02-08,In Transit,31,312.2,3,RIDER6097
6097,ORDER6098,2023-04-11,Delivered,94,233.16,2,RIDER6098
6098,ORDER6099,2023-06-03,In Transit,73,295.42,1,RIDER6099
6099,ORDER6100,2023-09-27,Failed,21,192.99,4,RIDER6100
6100,ORDER6101,2023-10-19,Failed,106,256.32,3,RIDER6101
6101,ORDER6102,2023-06-03,Delivered,119,143.94,2,RIDER6102
6102,ORDER6103,2023-01-08,Failed,38,314.59,2,RIDER6103
6103,ORDER6104,2023-01-28,In Transit,62,440.26,5,RIDER6104
6104,ORDER6105,2023-09-25,Delivered,34,98.07,5,RIDER6105
6105,ORDER6106,2023-10-11,Failed,86,125.11,2,RIDER6106
6106,ORDER6107,2023-02-21,Failed,50,93.63,5,RIDER6107
6107,ORDER6108,2023-09-08,Delivered,59,470.73,2,RIDER6108
6108,ORDER6109,2023-09-23,In Transit,25,280.23,2,RIDER6109
6109,ORDER6110,2023-05-25,In Transit,27,180.11,2,RIDER6110
6110,ORDER6111,2023-04-15,Delivered,59,56.8,1,RIDER6111
6111,ORDER6112,2023-08-02,Delivered,89,152.76,1,RIDER6112
6112,ORDER6113,2023-05-05,Delivered,77,317.63,3,RIDER6113
6113,ORDER6114,2023-10-05,Failed,34,301.17,2,RIDER6114
6114,ORDER6115,2023-01-25,Delivered,96,440.74,3,RIDER6115
6115,ORDER6116,2023-12-13,Delivered,114,289.05,1,RIDER6116
6116,ORDER6117,2023-08-30,In Transit,77,263.84,2,RIDER6117
6117,ORDER6118,2023-03-20,Failed,65,258.26,3,RIDER6118
6118,ORDER6119,2023-03-04,In Transit,73,260.31,5,RIDER6119
6119,ORDER6120,2023-03-09,Delivered,91,414.11,4,RIDER6120
6120,ORDER6121,2023-11-24,Delivered,69,129.75,2,RIDER6121
6121,ORDER6122,2023-03-03,Failed,23,364.42,1,RIDER6122
6122,ORDER6123,2023-12-02,In Transit,16,66.79,4,RIDER6123
6123,ORDER6124,2023-01-11,In Transit,15,354.02,1,RIDER6124
6124,ORDER6125,2023-07-03,In Transit,72,432.44,2,RIDER6125
6125,ORDER6126,2023-08-10,Delivered,86,278.62,2,RIDER6126
6126,ORDER6127,2023-06-25,Failed,109,486.35,1,RIDER6127
6127,ORDER6128,2023-03-08,In Transit,22,214.15,4,RIDER6128
6128,ORDER6129,2023-01-06,In Transit,108,93.93,4,RIDER6129
6129,ORDER6130,2023-12-23,In Transit,39,249.65,3,RIDER6130
6130,ORDER6131,2023-07-11,In Transit,116,450.44,4,RIDER6131
6131,ORDER6132,2023-12-30,Failed,106,478.31,1,RIDER6132
6132,ORDER6133,2023-06-11,Delivered,67,58.86,2,RIDER6133
6133,ORDER6134,2023-10-28,Delivered,65,380.16,2,RIDER6134
6134,ORDER6135,2023-07-19,Failed,46,408.8,1,RIDER6135
6135,ORDER6136,2023-09-14,Failed,59,430.32,4,RIDER6136
6136,ORDER6137,2023-08-21,Delivered,107,497.1,1,RIDER6137
6137,ORDER6138,2023-06-17,In Transit,99,289.91,5,RIDER6138
6138,ORDER6139,2023-05-08,In Transit,96,279.94,1,RIDER6139
6139,ORDER6140,2023-12-23,Failed,105,186.52,1,RIDER6140
6140,ORDER6141,2023-07-28,In Transit,43,201.31,2,RIDER6141
6141,ORDER6142,2023-05-12,In Transit,80,381.72,5,RIDER6142
6142,ORDER6143,2023-01-17,In Transit,21,118.98,4,RIDER6143
6143,ORDER6144,2023-10-17,Delivered,80,144.87,4,RIDER6144
6144,ORDER6145,2023-01-09,Failed,18,231.0,3,RIDER6145
6145,ORDER6146,2023-12-30,Delivered,61,312.68,3,RIDER6146
6146,ORDER6147,2023-10-04,Delivered,102,372.02,4,RIDER6147
6147,ORDER6148,2023-08-27,Delivered,108,272.81,2,RIDER6148
6148,ORDER6149,2023-06-28,Delivered,69,142.89,5,RIDER6149
6149,ORDER6150,2023-09-12,Delivered,56,341.83,1,RIDER6150
6150,ORDER6151,2023-05-26,Delivered,74,160.87,1,RIDER6151
6151,ORDER6152,2023-12-03,Failed,34,143.74,1,RIDER6152
6152,ORDER6153,2023-12-12,In Transit,43,295.97,3,RIDER6153
6153,ORDER6154,2023-09-02,Delivered,72,113.07,4,RIDER6154
6154,ORDER6155,2023-01-17,In Transit,65,215.25,2,RIDER6155
6155,ORDER6156,2023-09-16,Failed,51,460.73,1,RIDER6156
6156,ORDER6157,2023-10-20,Failed,44,52.48,1,RIDER6157
6157,ORDER6158,2023-10-17,In Transit,53,107.66,4,RIDER6158
6158,ORDER6159,2023-08-08,In Transit,115,494.32,4,RIDER6159
6159,ORDER6160,2023-07-28,Failed,59,194.15,4,RIDER6160
6160,ORDER6161,2023-01-25,Delivered,106,336.05,4,RIDER6161
6161,ORDER6162,2023-01-21,Delivered,28,314.62,4,RIDER6162
6162,ORDER6163,2023-11-01,Delivered,36,196.32,3,RIDER6163
6163,ORDER6164,2023-01-23,In Transit,75,177.02,2,RIDER6164
6164,ORDER6165,2023-08-06,Failed,82,150.25,1,RIDER6165
6165,ORDER6166,2023-09-15,Failed,86,285.47,5,RIDER6166
6166,ORDER6167,2023-12-16,Delivered,97,180.07,2,RIDER6167
6167,ORDER6168,2023-10-03,Failed,20,174.3,2,RIDER6168
6168,ORDER6169,2023-07-25,In Transit,82,54.28,4,RIDER6169
6169,ORDER6170,2023-09-09,Delivered,101,247.98,4,RIDER6170
6170,ORDER6171,2023-07-26,Delivered,46,331.59,4,RIDER6171
6171,ORDER6172,2023-05-06,Delivered,39,228.85,3,RIDER6172
6172,ORDER6173,2023-06-05,Failed,84,311.41,1,RIDER6173
6173,ORDER6174,2023-01-28,In Transit,106,152.51,4,RIDER6174
6174,ORDER6175,2023-12-27,Failed,64,248.1,4,RIDER6175
6175,ORDER6176,2023-03-13,Failed,49,277.07,1,RIDER6176
6176,ORDER6177,2023-06-26,Delivered,67,204.39,1,RIDER6177
6177,ORDER6178,2023-01-13,In Transit,19,304.36,2,RIDER6178
6178,ORDER6179,2023-01-22,Failed,52,267.49,5,RIDER6179
6179,ORDER6180,2023-10-23,Failed,84,252.29,4,RIDER6180
6180,ORDER6181,2023-05-19,In Transit,58,142.54,4,RIDER6181
6181,ORDER6182,2023-11-21,Failed,60,85.54,1,RIDER6182
6182,ORDER6183,2023-06-22,Delivered,95,59.12,3,RIDER6183
6183,ORDER6184,2023-06-26,In Transit,34,63.64,1,RIDER6184
6184,ORDER6185,2023-11-23,Failed,22,325.02,4,RIDER6185
6185,ORDER6186,2023-03-02,Failed,81,119.15,3,RIDER6186
6186,ORDER6187,2023-11-20,In Transit,79,191.89,4,RIDER6187
6187,ORDER6188,2023-08-06,Failed,100,150.72,3,RIDER6188
6188,ORDER6189,2023-12-04,Delivered,56,176.01,1,RIDER6189
6189,ORDER6190,2023-12-30,Failed,29,393.06,2,RIDER6190
6190,ORDER6191,2023-10-25,Failed,52,422.17,2,RIDER6191
6191,ORDER6192,2023-01-02,In Transit,27,228.1,4,RIDER6192
6192,ORDER6193,2023-11-18,Delivered,106,366.69,1,RIDER6193
6193,ORDER6194,2023-10-04,In Transit,28,205.93,1,RIDER6194
6194,ORDER6195,2023-05-03,Failed,26,207.36,5,RIDER6195
6195,ORDER6196,2023-09-21,In Transit,78,206.32,2,RIDER6196
6196,ORDER6197,2023-02-14,In Transit,103,347.41,1,RIDER6197
6197,ORDER6198,2023-10-01,In Transit,49,461.73,3,RIDER6198
6198,ORDER6199,2023-12-14,Failed,119,322.9,3,RIDER6199
6199,ORDER6200,2023-08-03,Delivered,66,194.67,4,RIDER6200
6200,ORDER6201,2023-05-02,Delivered,36,205.75,2,RIDER6201
6201,ORDER6202,2023-09-13,In Transit,47,329.61,4,RIDER6202
6202,ORDER6203,2023-01-15,In Transit,42,151.49,3,RIDER6203
6203,ORDER6204,2023-11-04,Failed,75,356.44,4,RIDER6204
6204,ORDER6205,2023-06-07,Failed,24,174.43,4,RIDER6205
6205,ORDER6206,2023-08-26,Delivered,23,314.72,2,RIDER6206
6206,ORDER6207,2023-03-05,Failed,72,105.07,2,RIDER6207
6207,ORDER6208,2023-07-28,Failed,12,335.18,2,RIDER6208
6208,ORDER6209,2023-10-05,Delivered,45,223.6,4,RIDER6209
6209,ORDER6210,2023-01-29,In Transit,117,171.23,3,RIDER6210
6210,ORDER6211,2023-04-26,Delivered,35,82.18,5,RIDER6211
6211,ORDER6212,2023-03-20,In Transit,11,379.84,4,RIDER6212
6212,ORDER6213,2023-01-27,Delivered,63,470.4,2,RIDER6213
6213,ORDER6214,2023-06-30,Delivered,23,453.88,2,RIDER6214
6214,ORDER6215,2023-06-26,In Transit,24,383.87,3,RIDER6215
6215,ORDER6216,2023-10-15,In Transit,17,410.81,2,RIDER6216
6216,ORDER6217,2023-03-23,In Transit,74,389.81,2,RIDER6217
6217,ORDER6218,2023-11-07,In Transit,19,322.32,2,RIDER6218
6218,ORDER6219,2023-03-06,Delivered,76,165.18,1,RIDER6219
6219,ORDER6220,2023-03-20,Delivered,18,380.57,3,RIDER6220
6220,ORDER6221,2023-11-19,In Transit,104,280.78,1,RIDER6221
6221,ORDER6222,2023-06-13,Failed,79,120.6,2,RIDER6222
6222,ORDER6223,2023-10-02,Failed,104,132.75,3,RIDER6223
6223,ORDER6224,2023-11-15,Delivered,15,294.14,1,RIDER6224
6224,ORDER6225,2023-05-10,Delivered,45,340.62,3,RIDER6225
6225,ORDER6226,2023-05-21,In Transit,69,295.0,1,RIDER6226
6226,ORDER6227,2023-04-20,Delivered,29,361.25,5,RIDER6227
6227,ORDER6228,2023-05-09,Delivered,49,186.43,5,RIDER6228
6228,ORDER6229,2023-07-12,Failed,20,329.13,2,RIDER6229
6229,ORDER6230,2023-01-04,In Transit,81,128.68,3,RIDER6230
6230,ORDER6231,2023-06-11,In Transit,41,192.75,2,RIDER6231
6231,ORDER6232,2023-11-21,Failed,48,236.23,4,RIDER6232
6232,ORDER6233,2023-05-14,Failed,94,443.65,1,RIDER6233
6233,ORDER6234,2023-04-08,Failed,26,229.66,2,RIDER6234
6234,ORDER6235,2023-09-08,Delivered,75,205.98,5,RIDER6235
6235,ORDER6236,2023-10-08,Delivered,104,349.04,5,RIDER6236
6236,ORDER6237,2023-03-05,Delivered,104,474.24,5,RIDER6237
6237,ORDER6238,2023-06-25,Failed,85,308.08,1,RIDER6238
6238,ORDER6239,2023-02-21,In Transit,60,241.74,4,RIDER6239
6239,ORDER6240,2023-01-12,In Transit,86,408.99,1,RIDER6240
6240,ORDER6241,2023-06-21,Failed,106,68.54,5,RIDER6241
6241,ORDER6242,2023-01-10,In Transit,22,109.71,3,RIDER6242
6242,ORDER6243,2023-01-17,Delivered,107,363.37,3,RIDER6243
6243,ORDER6244,2023-10-17,Delivered,20,304.09,5,RIDER6244
6244,ORDER6245,2023-03-01,Failed,78,255.11,3,RIDER6245
6245,ORDER6246,2023-09-08,Delivered,63,70.05,3,RIDER6246
6246,ORDER6247,2023-01-17,Failed,35,80.71,4,RIDER6247
6247,ORDER6248,2023-03-29,In Transit,38,135.35,4,RIDER6248
6248,ORDER6249,2023-01-23,Failed,10,166.08,1,RIDER6249
6249,ORDER6250,2023-04-27,In Transit,104,452.1,4,RIDER6250
6250,ORDER6251,2023-04-05,In Transit,57,305.12,5,RIDER6251
6251,ORDER6252,2023-10-24,Failed,115,233.18,4,RIDER6252
6252,ORDER6253,2023-01-22,Delivered,97,177.67,4,RIDER6253
6253,ORDER6254,2023-03-23,Failed,31,472.78,4,RIDER6254
6254,ORDER6255,2023-06-06,In Transit,30,249.61,5,RIDER6255
6255,ORDER6256,2023-04-01,Failed,76,259.87,1,RIDER6256
6256,ORDER6257,2023-03-04,Delivered,84,251.27,3,RIDER6257
6257,ORDER6258,2023-01-01,Failed,53,257.77,3,RIDER6258
6258,ORDER6259,2023-11-28,Delivered,98,141.54,1,RIDER6259
6259,ORDER6260,2023-05-09,In Transit,68,309.6,1,RIDER6260
6260,ORDER6261,2023-08-07,Failed,100,137.9,5,RIDER6261
6261,ORDER6262,2023-10-06,Failed,75,67.98,2,RIDER6262
6262,ORDER6263,2023-05-21,In Transit,76,473.78,3,RIDER6263
6263,ORDER6264,2023-07-28,Failed,52,167.87,1,RIDER6264
6264,ORDER6265,2023-03-10,Failed,90,137.23,3,RIDER6265
6265,ORDER6266,2023-01-05,In Transit,113,411.37,5,RIDER6266
6266,ORDER6267,2023-10-05,Delivered,35,479.61,4,RIDER6267
6267,ORDER6268,2023-08-18,In Transit,118,63.1,5,RIDER6268
6268,ORDER6269,2023-08-23,Failed,111,305.3,5,RIDER6269
6269,ORDER6270,2023-06-20,In Transit,83,128.77,4,RIDER6270
6270,ORDER6271,2023-06-09,Delivered,15,120.79,4,RIDER6271
6271,ORDER6272,2023-01-24,Delivered,36,449.71,1,RIDER6272
6272,ORDER6273,2023-05-10,Delivered,54,329.34,5,RIDER6273
6273,ORDER6274,2023-03-20,Delivered,50,162.32,1,RIDER6274
6274,ORDER6275,2023-02-11,Failed,96,372.41,2,RIDER6275
6275,ORDER6276,2023-11-19,Delivered,63,168.37,3,RIDER6276
6276,ORDER6277,2023-07-02,In Transit,23,491.4,1,RIDER6277
6277,ORDER6278,2023-05-26,Delivered,27,315.71,3,RIDER6278
6278,ORDER6279,2023-04-29,Failed,31,382.78,2,RIDER6279
6279,ORDER6280,2023-05-13,Failed,28,418.48,2,RIDER6280
6280,ORDER6281,2023-07-10,In Transit,35,287.81,3,RIDER6281
6281,ORDER6282,2023-06-29,In Transit,96,69.69,5,RIDER6282
6282,ORDER6283,2023-06-29,Failed,108,242.24,3,RIDER6283
6283,ORDER6284,2023-04-11,Failed,112,362.13,5,RIDER6284
6284,ORDER6285,2023-02-25,Failed,39,173.65,2,RIDER6285
6285,ORDER6286,2023-11-07,Delivered,56,85.31,5,RIDER6286
6286,ORDER6287,2023-02-26,Failed,84,391.17,4,RIDER6287
6287,ORDER6288,2023-04-21,In Transit,62,358.48,4,RIDER6288
6288,ORDER6289,2023-12-05,Failed,92,234.92,3,RIDER6289
6289,ORDER6290,2023-12-18,Failed,82,217.55,3,RIDER6290
6290,ORDER6291,2023-03-22,Delivered,111,153.59,2,RIDER6291
6291,ORDER6292,2023-02-23,Failed,38,296.2,3,RIDER6292
6292,ORDER6293,2023-04-22,Failed,78,351.29,5,RIDER6293
6293,ORDER6294,2023-06-20,In Transit,45,381.47,2,RIDER6294
6294,ORDER6295,2023-09-14,Failed,34,495.9,2,RIDER6295
6295,ORDER6296,2023-06-18,In Transit,58,254.71,2,RIDER6296
6296,ORDER6297,2023-06-17,Delivered,86,106.48,5,RIDER6297
6297,ORDER6298,2023-04-13,Failed,18,85.29,2,RIDER6298
6298,ORDER6299,2023-07-29,In Transit,20,225.87,5,RIDER6299
6299,ORDER6300,2023-11-12,Delivered,98,120.23,1,RIDER6300
6300,ORDER6301,2023-07-08,Failed,75,489.06,1,RIDER6301
6301,ORDER6302,2023-05-08,Delivered,84,272.82,3,RIDER6302
6302,ORDER6303,2023-09-06,In Transit,72,102.57,4,RIDER6303
6303,ORDER6304,2023-09-23,Delivered,40,303.9,2,RIDER6304
6304,ORDER6305,2023-03-22,In Transit,75,362.65,2,RIDER6305
6305,ORDER6306,2023-02-03,In Transit,116,203.75,5,RIDER6306
6306,ORDER6307,2023-01-06,Failed,117,226.9,2,RIDER6307
6307,ORDER6308,2023-08-17,Failed,77,176.18,4,RIDER6308
6308,ORDER6309,2023-06-14,Failed,92,101.25,5,RIDER6309
6309,ORDER6310,2023-02-27,Delivered,51,289.57,4,RIDER6310
6310,ORDER6311,2023-08-27,Delivered,90,350.32,4,RIDER6311
6311,ORDER6312,2023-08-08,Failed,31,429.97,4,RIDER6312
6312,ORDER6313,2023-01-07,Failed,88,418.77,1,RIDER6313
6313,ORDER6314,2023-02-06,Delivered,32,118.79,5,RIDER6314
6314,ORDER6315,2023-04-28,Failed,35,68.78,2,RIDER6315
6315,ORDER6316,2023-02-03,Failed,21,188.92,1,RIDER6316
6316,ORDER6317,2023-08-09,In Transit,111,421.6,4,RIDER6317
6317,ORDER6318,2023-10-03,In Transit,41,484.96,2,RIDER6318
6318,ORDER6319,2023-10-26,Failed,21,122.24,4,RIDER6319
6319,ORDER6320,2023-11-19,Delivered,44,389.98,4,RIDER6320
6320,ORDER6321,2023-08-05,Delivered,54,155.48,3,RIDER6321
6321,ORDER6322,2023-05-25,Failed,89,96.68,4,RIDER6322
6322,ORDER6323,2023-10-21,Failed,98,187.55,2,RIDER6323
6323,ORDER6324,2023-08-15,Failed,18,398.52,3,RIDER6324
6324,ORDER6325,2023-09-14,In Transit,79,163.02,2,RIDER6325
6325,ORDER6326,2023-04-09,Delivered,77,343.05,5,RIDER6326
6326,ORDER6327,2023-04-13,In Transit,13,426.93,2,RIDER6327
6327,ORDER6328,2023-03-04,Failed,70,180.11,3,RIDER6328
6328,ORDER6329,2023-09-08,In Transit,51,257.43,4,RIDER6329
6329,ORDER6330,2023-05-27,Failed,37,484.5,2,RIDER6330
6330,ORDER6331,2023-10-23,Delivered,42,219.68,5,RIDER6331
6331,ORDER6332,2023-12-16,Delivered,117,418.8,2,RIDER6332
6332,ORDER6333,2023-01-04,Delivered,33,92.09,2,RIDER6333
6333,ORDER6334,2023-11-26,In Transit,24,483.39,2,RIDER6334
6334,ORDER6335,2023-11-10,Failed,49,282.88,1,RIDER6335
6335,ORDER6336,2023-03-17,In Transit,38,415.57,2,RIDER6336
6336,ORDER6337,2023-01-04,In Transit,43,253.71,4,RIDER6337
6337,ORDER6338,2023-08-17,Delivered,90,63.86,4,RIDER6338
6338,ORDER6339,2023-11-26,Delivered,66,411.17,1,RIDER6339
6339,ORDER6340,2023-10-24,In Transit,83,207.07,2,RIDER6340
6340,ORDER6341,2023-10-22,In Transit,18,298.44,4,RIDER6341
6341,ORDER6342,2023-02-03,In Transit,113,426.52,2,RIDER6342
6342,ORDER6343,2023-07-18,Delivered,11,418.32,5,RIDER6343
6343,ORDER6344,2023-01-15,In Transit,83,122.76,5,RIDER6344
6344,ORDER6345,2023-04-27,Failed,86,291.84,2,RIDER6345
6345,ORDER6346,2023-07-13,Delivered,22,223.05,2,RIDER6346
6346,ORDER6347,2023-10-27,Delivered,70,162.55,4,RIDER6347
6347,ORDER6348,2023-09-30,Failed,119,105.92,5,RIDER6348
6348,ORDER6349,2023-09-10,Delivered,15,68.45,4,RIDER6349
6349,ORDER6350,2023-01-05,Delivered,51,113.62,2,RIDER6350
6350,ORDER6351,2023-05-12,Failed,113,234.09,5,RIDER6351
6351,ORDER6352,2023-12-15,Failed,98,454.49,1,RIDER6352
6352,ORDER6353,2023-09-27,In Transit,101,311.68,3,RIDER6353
6353,ORDER6354,2023-04-15,In Transit,59,175.46,3,RIDER6354
6354,ORDER6355,2023-10-07,In Transit,46,381.15,5,RIDER6355
6355,ORDER6356,2023-09-02,In Transit,45,313.25,3,RIDER6356
6356,ORDER6357,2023-11-09,In Transit,76,473.92,2,RIDER6357
6357,ORDER6358,2023-11-15,In Transit,34,470.39,3,RIDER6358
6358,ORDER6359,2023-03-28,Failed,110,428.75,4,RIDER6359
6359,ORDER6360,2023-03-27,In Transit,78,299.63,5,RIDER6360
6360,ORDER6361,2023-09-20,Failed,103,195.92,2,RIDER6361
6361,ORDER6362,2023-04-23,In Transit,25,353.88,5,RIDER6362
6362,ORDER6363,2023-10-25,In Transit,111,212.88,1,RIDER6363
6363,ORDER6364,2023-11-29,In Transit,109,461.17,3,RIDER6364
6364,ORDER6365,2023-06-26,In Transit,100,224.98,2,RIDER6365
6365,ORDER6366,2023-08-19,Failed,97,145.16,3,RIDER6366
6366,ORDER6367,2023-02-24,Failed,99,274.69,1,RIDER6367
6367,ORDER6368,2023-01-28,In Transit,106,351.79,4,RIDER6368
6368,ORDER6369,2023-04-30,Delivered,25,372.5,5,RIDER6369
6369,ORDER6370,2023-06-23,Failed,46,141.85,4,RIDER6370
6370,ORDER6371,2023-10-03,Failed,95,283.71,4,RIDER6371
6371,ORDER6372,2023-02-15,Failed,85,57.2,4,RIDER6372
6372,ORDER6373,2023-02-11,In Transit,88,351.68,3,RIDER6373
6373,ORDER6374,2023-07-18,Failed,12,347.5,5,RIDER6374
6374,ORDER6375,2023-08-13,Failed,70,211.0,3,RIDER6375
6375,ORDER6376,2023-05-24,In Transit,71,201.99,1,RIDER6376
6376,ORDER6377,2023-06-17,In Transit,116,208.73,4,RIDER6377
6377,ORDER6378,2023-10-27,In Transit,89,311.06,1,RIDER6378
6378,ORDER6379,2023-04-03,Failed,73,273.28,4,RIDER6379
6379,ORDER6380,2023-05-02,In Transit,62,66.25,2,RIDER6380
6380,ORDER6381,2023-05-06,Failed,79,328.37,4,RIDER6381
6381,ORDER6382,2023-04-24,Failed,118,265.23,1,RIDER6382
6382,ORDER6383,2023-11-24,Failed,67,53.18,3,RIDER6383
6383,ORDER6384,2023-03-28,In Transit,73,463.48,4,RIDER6384
6384,ORDER6385,2023-06-20,Failed,60,135.78,5,RIDER6385
6385,ORDER6386,2023-10-11,Failed,17,430.71,1,RIDER6386
6386,ORDER6387,2023-01-27,In Transit,106,262.84,2,RIDER6387
6387,ORDER6388,2023-09-23,Delivered,36,254.82,4,RIDER6388
6388,ORDER6389,2023-06-21,Failed,75,59.02,1,RIDER6389
6389,ORDER6390,2023-02-15,Failed,120,281.64,2,RIDER6390
6390,ORDER6391,2023-05-02,In Transit,81,454.41,3,RIDER6391
6391,ORDER6392,2023-07-07,In Transit,63,177.01,1,RIDER6392
6392,ORDER6393,2023-01-16,Delivered,29,397.84,2,RIDER6393
6393,ORDER6394,2023-01-30,Failed,84,346.41,1,RIDER6394
6394,ORDER6395,2023-07-29,In Transit,21,219.96,1,RIDER6395
6395,ORDER6396,2023-08-30,Delivered,68,423.27,5,RIDER6396
6396,ORDER6397,2023-06-10,Delivered,73,484.78,3,RIDER6397
6397,ORDER6398,2023-02-09,Failed,83,164.46,5,RIDER6398
6398,ORDER6399,2023-09-08,Failed,44,310.78,1,RIDER6399
6399,ORDER6400,2023-04-22,Delivered,48,357.61,1,RIDER6400
6400,ORDER6401,2023-05-09,Failed,61,93.51,2,RIDER6401
6401,ORDER6402,2023-11-10,In Transit,107,463.13,2,RIDER6402
6402,ORDER6403,2023-12-30,In Transit,66,307.12,3,RIDER6403
6403,ORDER6404,2023-09-14,Delivered,83,282.5,3,RIDER6404
6404,ORDER6405,2023-10-28,Delivered,45,302.12,2,RIDER6405
6405,ORDER6406,2023-10-28,Delivered,28,100.92,1,RIDER6406
6406,ORDER6407,2023-08-28,Failed,44,263.15,2,RIDER6407
6407,ORDER6408,2023-06-01,Failed,113,60.68,3,RIDER6408
6408,ORDER6409,2023-05-17,Failed,105,184.71,4,RIDER6409
6409,ORDER6410,2023-10-25,In Transit,56,213.75,3,RIDER6410
6410,ORDER6411,2023-02-19,In Transit,10,198.47,5,RIDER6411
6411,ORDER6412,2023-09-16,Delivered,112,489.16,1,RIDER6412
6412,ORDER6413,2023-07-23,Delivered,45,425.9,2,RIDER6413
6413,ORDER6414,2023-10-16,Failed,36,70.96,2,RIDER6414
6414,ORDER6415,2023-03-15,Failed,45,61.74,1,RIDER6415
6415,ORDER6416,2023-04-10,In Transit,73,236.77,3,RIDER6416
6416,ORDER6417,2023-09-07,Delivered,78,258.04,4,RIDER6417
6417,ORDER6418,2023-09-25,Failed,116,367.27,1,RIDER6418
6418,ORDER6419,2023-01-02,Failed,43,60.74,1,RIDER6419
6419,ORDER6420,2023-06-15,In Transit,95,194.8,1,RIDER6420
6420,ORDER6421,2023-03-29,Delivered,83,149.08,4,RIDER6421
6421,ORDER6422,2023-02-07,In Transit,34,419.4,2,RIDER6422
6422,ORDER6423,2023-04-20,Failed,93,366.04,1,RIDER6423
6423,ORDER6424,2023-12-09,Failed,93,311.65,1,RIDER6424
6424,ORDER6425,2023-05-17,Delivered,21,467.43,3,RIDER6425
6425,ORDER6426,2023-11-23,Failed,102,160.08,5,RIDER6426
6426,ORDER6427,2023-11-04,Failed,112,407.52,2,RIDER6427
6427,ORDER6428,2023-07-01,In Transit,58,461.65,3,RIDER6428
6428,ORDER6429,2023-05-21,Delivered,18,137.32,1,RIDER6429
6429,ORDER6430,2023-07-18,Failed,109,329.23,5,RIDER6430
6430,ORDER6431,2023-09-18,In Transit,63,80.24,3,RIDER6431
6431,ORDER6432,2023-08-27,In Transit,59,225.67,3,RIDER6432
6432,ORDER6433,2023-07-30,Failed,57,268.26,4,RIDER6433
6433,ORDER6434,2023-01-31,Failed,86,86.3,5,RIDER6434
6434,ORDER6435,2023-10-02,Failed,18,57.03,2,RIDER6435
6435,ORDER6436,2023-02-06,Delivered,26,281.14,5,RIDER6436
6436,ORDER6437,2023-03-03,In Transit,104,383.58,3,RIDER6437
6437,ORDER6438,2023-09-22,Delivered,94,363.32,4,RIDER6438
6438,ORDER6439,2023-05-30,Delivered,119,63.17,3,RIDER6439
6439,ORDER6440,2023-11-10,In Transit,31,149.49,3,RIDER6440
6440,ORDER6441,2023-03-31,Failed,18,140.87,2,RIDER6441
6441,ORDER6442,2023-12-22,In Transit,94,242.56,1,RIDER6442
6442,ORDER6443,2023-03-02,Delivered,88,355.08,2,RIDER6443
6443,ORDER6444,2023-06-08,In Transit,23,421.65,2,RIDER6444
6444,ORDER6445,2023-09-22,Delivered,111,386.8,2,RIDER6445
6445,ORDER6446,2023-06-01,Delivered,24,374.61,5,RIDER6446
6446,ORDER6447,2023-07-04,In Transit,91,381.44,3,RIDER6447
6447,ORDER6448,2023-11-13,Failed,68,371.83,4,RIDER6448
6448,ORDER6449,2023-12-08,Delivered,21,355.74,1,RIDER6449
6449,ORDER6450,2023-08-19,Delivered,118,93.62,2,RIDER6450
6450,ORDER6451,2023-02-03,Delivered,88,403.73,3,RIDER6451
6451,ORDER6452,2023-03-20,Delivered,79,106.74,2,RIDER6452
6452,ORDER6453,2023-08-06,Delivered,20,443.57,4,RIDER6453
6453,ORDER6454,2023-03-03,Failed,13,495.87,5,RIDER6454
6454,ORDER6455,2023-05-23,Delivered,78,449.4,4,RIDER6455
6455,ORDER6456,2023-02-18,Failed,33,380.83,4,RIDER6456
6456,ORDER6457,2023-10-01,Delivered,21,344.7,4,RIDER6457
6457,ORDER6458,2023-12-25,In Transit,49,461.36,2,RIDER6458
6458,ORDER6459,2023-04-29,In Transit,64,352.67,3,RIDER6459
6459,ORDER6460,2023-12-09,Delivered,113,173.78,4,RIDER6460
6460,ORDER6461,2023-09-21,Delivered,86,403.18,2,RIDER6461
6461,ORDER6462,2023-04-04,In Transit,66,96.94,1,RIDER6462
6462,ORDER6463,2023-08-18,Delivered,17,168.26,4,RIDER6463
6463,ORDER6464,2023-10-29,Failed,73,370.64,1,RIDER6464
6464,ORDER6465,2023-07-14,In Transit,17,411.59,3,RIDER6465
6465,ORDER6466,2023-10-19,Failed,95,77.44,3,RIDER6466
6466,ORDER6467,2023-03-27,In Transit,110,195.9,5,RIDER6467
6467,ORDER6468,2023-01-16,In Transit,30,291.13,1,RIDER6468
6468,ORDER6469,2023-04-04,In Transit,113,99.7,5,RIDER6469
6469,ORDER6470,2023-05-30,In Transit,104,140.46,5,RIDER6470
6470,ORDER6471,2023-06-20,Failed,30,233.38,1,RIDER6471
6471,ORDER6472,2023-07-22,Failed,109,86.42,4,RIDER6472
6472,ORDER6473,2023-02-18,Delivered,25,77.38,3,RIDER6473
6473,ORDER6474,2023-06-16,Failed,97,240.5,3,RIDER6474
6474,ORDER6475,2023-02-08,Failed,82,97.21,3,RIDER6475
6475,ORDER6476,2023-04-30,In Transit,72,141.49,2,RIDER6476
6476,ORDER6477,2023-05-31,In Transit,82,380.06,2,RIDER6477
6477,ORDER6478,2023-12-11,In Transit,29,486.86,5,RIDER6478
6478,ORDER6479,2023-02-09,In Transit,19,310.77,3,RIDER6479
6479,ORDER6480,2023-11-20,Delivered,106,159.72,4,RIDER6480
6480,ORDER6481,2023-02-06,Failed,72,492.93,5,RIDER6481
6481,ORDER6482,2023-03-30,Failed,32,370.32,4,RIDER6482
6482,ORDER6483,2023-09-30,Delivered,44,369.11,4,RIDER6483
6483,ORDER6484,2023-11-02,Failed,91,191.63,1,RIDER6484
6484,ORDER6485,2023-09-01,Failed,75,79.38,5,RIDER6485
6485,ORDER6486,2023-08-20,Failed,76,360.36,5,RIDER6486
6486,ORDER6487,2023-08-03,Failed,71,226.03,4,RIDER6487
6487,ORDER6488,2023-02-19,Failed,75,493.84,5,RIDER6488
6488,ORDER6489,2023-10-24,Failed,70,240.92,5,RIDER6489
6489,ORDER6490,2023-01-04,Delivered,28,332.15,1,RIDER6490
6490,ORDER6491,2023-05-08,In Transit,75,281.34,5,RIDER6491
6491,ORDER6492,2023-01-31,Delivered,104,423.34,1,RIDER6492
6492,ORDER6493,2023-06-25,Delivered,12,300.34,3,RIDER6493
6493,ORDER6494,2023-03-30,Delivered,114,405.36,2,RIDER6494
6494,ORDER6495,2023-02-17,In Transit,90,332.98,3,RIDER6495
6495,ORDER6496,2023-06-15,In Transit,35,77.39,3,RIDER6496
6496,ORDER6497,2023-09-11,Failed,76,329.28,5,RIDER6497
6497,ORDER6498,2023-01-05,In Transit,46,367.43,5,RIDER6498
6498,ORDER6499,2023-11-08,Failed,13,483.75,1,RIDER6499
6499,ORDER6500,2023-02-19,Failed,54,115.99,2,RIDER6500
6500,ORDER6501,2023-02-07,Failed,24,349.34,1,RIDER6501
6501,ORDER6502,2023-06-17,In Transit,22,363.94,3,RIDER6502
6502,ORDER6503,2023-01-03,Failed,69,432.26,4,RIDER6503
6503,ORDER6504,2023-06-12,Failed,115,314.48,4,RIDER6504
6504,ORDER6505,2023-09-12,In Transit,87,233.07,5,RIDER6505
6505,ORDER6506,2023-10-23,Delivered,18,349.38,4,RIDER6506
6506,ORDER6507,2023-10-19,Delivered,33,359.88,1,RIDER6507
6507,ORDER6508,2023-11-05,Delivered,78,161.37,2,RIDER6508
6508,ORDER6509,2023-04-01,Failed,120,498.52,1,RIDER6509
6509,ORDER6510,2023-02-18,Delivered,39,351.58,5,RIDER6510
6510,ORDER6511,2023-10-16,In Transit,38,357.71,4,RIDER6511
6511,ORDER6512,2023-01-16,Failed,71,179.23,1,RIDER6512
6512,ORDER6513,2023-03-15,Delivered,24,428.43,3,RIDER6513
6513,ORDER6514,2023-01-08,In Transit,86,201.4,4,RIDER6514
6514,ORDER6515,2023-08-15,In Transit,33,314.1,5,RIDER6515
6515,ORDER6516,2023-02-26,Failed,39,321.13,2,RIDER6516
6516,ORDER6517,2023-01-06,Failed,81,171.93,3,RIDER6517
6517,ORDER6518,2023-06-03,Failed,11,99.56,4,RIDER6518
6518,ORDER6519,2023-01-31,In Transit,54,294.3,4,RIDER6519
6519,ORDER6520,2023-03-27,In Transit,65,234.13,2,RIDER6520
6520,ORDER6521,2023-05-03,Failed,85,306.3,5,RIDER6521
6521,ORDER6522,2023-06-27,In Transit,48,405.64,2,RIDER6522
6522,ORDER6523,2023-01-30,Failed,18,410.36,1,RIDER6523
6523,ORDER6524,2023-07-24,Delivered,19,445.84,2,RIDER6524
6524,ORDER6525,2023-02-10,Failed,40,229.49,2,RIDER6525
6525,ORDER6526,2023-03-04,In Transit,14,451.78,2,RIDER6526
6526,ORDER6527,2023-11-10,In Transit,37,194.47,4,RIDER6527
6527,ORDER6528,2023-09-07,Delivered,99,251.08,3,RIDER6528
6528,ORDER6529,2023-10-07,Delivered,85,258.45,2,RIDER6529
6529,ORDER6530,2023-03-17,Delivered,36,51.34,5,RIDER6530
6530,ORDER6531,2023-04-16,Delivered,101,135.65,1,RIDER6531
6531,ORDER6532,2023-09-28,Delivered,57,112.47,1,RIDER6532
6532,ORDER6533,2023-10-23,In Transit,11,238.06,5,RIDER6533
6533,ORDER6534,2023-07-27,Failed,65,129.14,4,RIDER6534
6534,ORDER6535,2023-11-11,Delivered,95,256.15,5,RIDER6535
6535,ORDER6536,2023-06-28,In Transit,46,437.98,2,RIDER6536
6536,ORDER6537,2023-04-09,Failed,43,348.76,4,RIDER6537
6537,ORDER6538,2023-07-27,In Transit,63,175.86,1,RIDER6538
6538,ORDER6539,2023-10-06,Failed,21,480.47,1,RIDER6539
6539,ORDER6540,2023-09-02,Delivered,77,316.21,3,RIDER6540
6540,ORDER6541,2023-05-13,Delivered,33,437.39,4,RIDER6541
6541,ORDER6542,2023-03-26,Failed,39,92.33,1,RIDER6542
6542,ORDER6543,2023-03-17,Delivered,94,275.24,1,RIDER6543
6543,ORDER6544,2023-01-26,Delivered,22,285.07,2,RIDER6544
6544,ORDER6545,2023-08-20,In Transit,29,289.47,1,RIDER6545
6545,ORDER6546,2023-01-10,Delivered,47,186.37,5,RIDER6546
6546,ORDER6547,2023-02-08,In Transit,88,448.01,3,RIDER6547
6547,ORDER6548,2023-05-28,Delivered,39,86.86,4,RIDER6548
6548,ORDER6549,2023-01-08,Failed,76,82.78,2,RIDER6549
6549,ORDER6550,2023-09-30,In Transit,28,57.29,1,RIDER6550
6550,ORDER6551,2023-07-25,Failed,34,154.53,4,RIDER6551
6551,ORDER6552,2023-12-08,Failed,59,473.24,1,RIDER6552
6552,ORDER6553,2023-05-19,In Transit,73,208.21,5,RIDER6553
6553,ORDER6554,2023-04-13,In Transit,95,394.13,1,RIDER6554
6554,ORDER6555,2023-05-05,Failed,104,435.24,1,RIDER6555
6555,ORDER6556,2023-11-21,Failed,98,442.9,1,RIDER6556
6556,ORDER6557,2023-01-26,Failed,72,496.07,2,RIDER6557
6557,ORDER6558,2023-06-27,Delivered,50,197.0,4,RIDER6558
6558,ORDER6559,2023-02-08,In Transit,50,428.94,4,RIDER6559
6559,ORDER6560,2023-07-21,Failed,30,442.94,4,RIDER6560
6560,ORDER6561,2023-02-14,In Transit,11,323.53,1,RIDER6561
6561,ORDER6562,2023-11-02,Failed,93,225.08,4,RIDER6562
6562,ORDER6563,2023-01-31,In Transit,33,132.11,1,RIDER6563
6563,ORDER6564,2023-10-29,Failed,115,207.19,3,RIDER6564
6564,ORDER6565,2023-02-09,Delivered,105,86.71,2,RIDER6565
6565,ORDER6566,2023-02-22,Delivered,89,195.58,3,RIDER6566
6566,ORDER6567,2023-12-20,In Transit,109,80.44,4,RIDER6567
6567,ORDER6568,2023-07-09,In Transit,51,319.52,3,RIDER6568
6568,ORDER6569,2023-09-18,Failed,61,495.66,4,RIDER6569
6569,ORDER6570,2023-07-08,Failed,16,94.65,2,RIDER6570
6570,ORDER6571,2023-02-05,In Transit,37,294.92,3,RIDER6571
6571,ORDER6572,2023-04-30,Failed,56,331.53,5,RIDER6572
6572,ORDER6573,2023-11-18,In Transit,75,295.4,5,RIDER6573
6573,ORDER6574,2023-01-31,In Transit,16,361.18,1,RIDER6574
6574,ORDER6575,2023-12-29,Failed,34,271.09,1,RIDER6575
6575,ORDER6576,2023-03-18,Delivered,72,327.53,2,RIDER6576
6576,ORDER6577,2023-06-05,In Transit,41,83.42,4,RIDER6577
6577,ORDER6578,2023-06-19,Delivered,45,473.54,1,RIDER6578
6578,ORDER6579,2023-12-25,In Transit,101,333.32,4,RIDER6579
6579,ORDER6580,2023-09-29,Failed,75,247.1,3,RIDER6580
6580,ORDER6581,2023-06-11,Failed,25,342.86,1,RIDER6581
6581,ORDER6582,2023-04-06,Delivered,83,470.79,5,RIDER6582
6582,ORDER6583,2023-05-04,Delivered,47,136.97,1,RIDER6583
6583,ORDER6584,2023-07-13,Delivered,103,375.48,4,RIDER6584
6584,ORDER6585,2023-06-27,Delivered,120,453.32,4,RIDER6585
6585,ORDER6586,2023-02-05,Delivered,89,68.22,2,RIDER6586
6586,ORDER6587,2023-09-12,In Transit,76,371.98,3,RIDER6587
6587,ORDER6588,2023-09-20,Delivered,36,126.38,4,RIDER6588
6588,ORDER6589,2023-02-20,Delivered,102,256.12,1,RIDER6589
6589,ORDER6590,2023-11-11,Delivered,102,125.51,4,RIDER6590
6590,ORDER6591,2023-07-29,Delivered,116,372.95,4,RIDER6591
6591,ORDER6592,2023-12-15,In Transit,108,407.02,2,RIDER6592
6592,ORDER6593,2023-07-20,Failed,14,86.64,1,RIDER6593
6593,ORDER6594,2023-04-07,In Transit,119,112.78,1,RIDER6594
6594,ORDER6595,2023-10-12,Failed,42,354.26,3,RIDER6595
6595,ORDER6596,2023-12-21,Delivered,39,106.15,2,RIDER6596
6596,ORDER6597,2023-03-08,Failed,90,60.23,2,RIDER6597
6597,ORDER6598,2023-04-28,In Transit,57,274.24,1,RIDER6598
6598,ORDER6599,2023-09-27,Failed,91,460.72,1,RIDER6599
6599,ORDER6600,2023-11-18,Failed,67,236.62,2,RIDER6600
6600,ORDER6601,2023-04-05,In Transit,119,151.68,1,RIDER6601
6601,ORDER6602,2023-12-01,Delivered,33,193.28,1,RIDER6602
6602,ORDER6603,2023-01-18,In Transit,70,214.19,4,RIDER6603
6603,ORDER6604,2023-03-21,Delivered,93,128.78,1,RIDER6604
6604,ORDER6605,2023-11-11,Failed,10,266.14,5,RIDER6605
6605,ORDER6606,2023-03-13,Failed,30,423.36,3,RIDER6606
6606,ORDER6607,2023-03-17,Failed,28,283.28,1,RIDER6607
6607,ORDER6608,2023-09-25,Failed,109,465.22,1,RIDER6608
6608,ORDER6609,2023-10-10,In Transit,41,197.21,5,RIDER6609
6609,ORDER6610,2023-08-12,In Transit,113,313.41,4,RIDER6610
6610,ORDER6611,2023-04-01,In Transit,97,90.46,2,RIDER6611
6611,ORDER6612,2023-07-04,Failed,98,283.55,2,RIDER6612
6612,ORDER6613,2023-07-29,Delivered,66,292.05,1,RIDER6613
6613,ORDER6614,2023-08-27,Delivered,96,334.6,3,RIDER6614
6614,ORDER6615,2023-11-02,Failed,28,172.81,5,RIDER6615
6615,ORDER6616,2023-10-21,Delivered,56,466.14,5,RIDER6616
6616,ORDER6617,2023-01-08,Failed,27,173.41,4,RIDER6617
6617,ORDER6618,2023-08-14,Delivered,45,314.27,4,RIDER6618
6618,ORDER6619,2023-10-27,In Transit,98,112.69,3,RIDER6619
6619,ORDER6620,2023-01-21,Failed,74,352.28,3,RIDER6620
6620,ORDER6621,2023-06-04,Delivered,75,50.06,3,RIDER6621
6621,ORDER6622,2023-04-25,In Transit,22,332.54,4,RIDER6622
6622,ORDER6623,2023-10-12,Delivered,61,152.03,1,RIDER6623
6623,ORDER6624,2023-10-14,Delivered,69,367.6,5,RIDER6624
6624,ORDER6625,2023-01-04,In Transit,27,261.0,5,RIDER6625
6625,ORDER6626,2023-09-15,Delivered,73,141.32,2,RIDER6626
6626,ORDER6627,2023-05-14,In Transit,32,400.77,2,RIDER6627
6627,ORDER6628,2023-08-15,Failed,58,474.36,5,RIDER6628
6628,ORDER6629,2023-12-10,Delivered,53,318.2,2,RIDER6629
6629,ORDER6630,2023-10-20,Delivered,18,335.65,4,RIDER6630
6630,ORDER6631,2023-11-13,Delivered,53,343.56,2,RIDER6631
6631,ORDER6632,2023-09-24,Delivered,40,101.45,1,RIDER6632
6632,ORDER6633,2023-04-30,Failed,67,428.25,2,RIDER6633
6633,ORDER6634,2023-01-23,In Transit,92,239.09,5,RIDER6634
6634,ORDER6635,2023-08-05,Failed,61,52.6,3,RIDER6635
6635,ORDER6636,2023-12-16,In Transit,91,432.2,5,RIDER6636
6636,ORDER6637,2023-12-30,In Transit,79,358.91,2,RIDER6637
6637,ORDER6638,2023-04-16,Delivered,10,471.85,2,RIDER6638
6638,ORDER6639,2023-06-21,In Transit,85,218.98,4,RIDER6639
6639,ORDER6640,2023-11-25,Delivered,43,427.56,4,RIDER6640
6640,ORDER6641,2023-09-21,Failed,79,292.2,4,RIDER6641
6641,ORDER6642,2023-12-09,Delivered,40,381.2,5,RIDER6642
6642,ORDER6643,2023-10-19,Delivered,34,320.11,5,RIDER6643
6643,ORDER6644,2023-11-12,Failed,59,403.9,4,RIDER6644
6644,ORDER6645,2023-07-17,Delivered,55,174.17,5,RIDER6645
6645,ORDER6646,2023-02-25,Failed,45,59.28,3,RIDER6646
6646,ORDER6647,2023-06-17,In Transit,90,244.32,3,RIDER6647
6647,ORDER6648,2023-11-01,Failed,67,346.77,1,RIDER6648
6648,ORDER6649,2023-08-09,Failed,59,322.48,2,RIDER6649
6649,ORDER6650,2023-06-23,Failed,47,87.85,1,RIDER6650
6650,ORDER6651,2023-05-08,In Transit,85,189.67,4,RIDER6651
6651,ORDER6652,2023-11-09,In Transit,108,382.99,5,RIDER6652
6652,ORDER6653,2023-03-29,Delivered,81,494.51,1,RIDER6653
6653,ORDER6654,2023-05-30,Delivered,110,498.35,5,RIDER6654
6654,ORDER6655,2023-10-24,Delivered,55,498.32,4,RIDER6655
6655,ORDER6656,2023-06-25,In Transit,64,162.84,2,RIDER6656
6656,ORDER6657,2023-12-19,Failed,20,467.63,1,RIDER6657
6657,ORDER6658,2023-06-02,In Transit,10,407.96,5,RIDER6658
6658,ORDER6659,2023-12-18,Delivered,27,339.86,4,RIDER6659
6659,ORDER6660,2023-03-29,Failed,102,276.18,2,RIDER6660
6660,ORDER6661,2023-10-24,In Transit,11,71.76,1,RIDER6661
6661,ORDER6662,2023-03-05,Failed,87,266.22,3,RIDER6662
6662,ORDER6663,2023-04-09,In Transit,89,313.44,3,RIDER6663
6663,ORDER6664,2023-08-29,Delivered,103,431.68,4,RIDER6664
6664,ORDER6665,2023-09-04,Delivered,93,87.33,1,RIDER6665
6665,ORDER6666,2023-03-28,Delivered,23,312.59,5,RIDER6666
6666,ORDER6667,2023-11-18,Failed,17,291.56,4,RIDER6667
6667,ORDER6668,2023-11-12,Failed,105,255.37,2,RIDER6668
6668,ORDER6669,2023-12-12,In Transit,106,132.08,5,RIDER6669
6669,ORDER6670,2023-07-15,Delivered,61,55.2,4,RIDER6670
6670,ORDER6671,2023-02-24,Delivered,40,203.01,3,RIDER6671
6671,ORDER6672,2023-11-19,Failed,99,57.99,3,RIDER6672
6672,ORDER6673,2023-04-01,Delivered,44,303.18,1,RIDER6673
6673,ORDER6674,2023-05-17,Delivered,12,233.18,2,RIDER6674
6674,ORDER6675,2023-04-04,In Transit,102,140.56,5,RIDER6675
6675,ORDER6676,2023-01-06,In Transit,67,125.59,3,RIDER6676
6676,ORDER6677,2023-01-31,Delivered,120,322.4,4,RIDER6677
6677,ORDER6678,2023-04-10,In Transit,42,436.9,4,RIDER6678
6678,ORDER6679,2023-06-18,In Transit,54,289.16,3,RIDER6679
6679,ORDER6680,2023-06-07,Failed,28,85.16,5,RIDER6680
6680,ORDER6681,2023-12-05,Delivered,71,309.65,1,RIDER6681
6681,ORDER6682,2023-07-18,Failed,116,382.15,4,RIDER6682
6682,ORDER6683,2023-01-22,Delivered,93,293.93,3,RIDER6683
6683,ORDER6684,2023-02-25,In Transit,26,64.56,2,RIDER6684
6684,ORDER6685,2023-06-26,In Transit,56,251.82,3,RIDER6685
6685,ORDER6686,2023-11-26,In Transit,40,435.1,4,RIDER6686
6686,ORDER6687,2023-01-02,In Transit,23,205.42,5,RIDER6687
6687,ORDER6688,2023-01-08,In Transit,88,325.62,2,RIDER6688
6688,ORDER6689,2023-07-19,Failed,112,375.54,1,RIDER6689
6689,ORDER6690,2023-10-12,Delivered,52,437.34,2,RIDER6690
6690,ORDER6691,2023-08-21,In Transit,39,433.88,4,RIDER6691
6691,ORDER6692,2023-06-06,In Transit,98,125.3,4,RIDER6692
6692,ORDER6693,2023-02-03,Failed,112,474.89,2,RIDER6693
6693,ORDER6694,2023-01-16,In Transit,57,165.97,2,RIDER6694
6694,ORDER6695,2023-07-11,Delivered,80,103.07,3,RIDER6695
6695,ORDER6696,2023-12-02,In Transit,112,102.44,1,RIDER6696
6696,ORDER6697,2023-04-19,In Transit,74,305.31,2,RIDER6697
6697,ORDER6698,2023-06-12,In Transit,84,467.4,3,RIDER6698
6698,ORDER6699,2023-11-29,Delivered,120,432.4,2,RIDER6699
6699,ORDER6700,2023-09-12,In Transit,13,278.42,1,RIDER6700
6700,ORDER6701,2023-11-25,Delivered,117,498.5,2,RIDER6701
6701,ORDER6702,2023-03-30,Delivered,74,71.77,5,RIDER6702
6702,ORDER6703,2023-06-04,In Transit,60,131.08,1,RIDER6703
6703,ORDER6704,2023-10-23,Failed,92,396.75,4,RIDER6704
6704,ORDER6705,2023-11-18,Failed,112,252.27,1,RIDER6705
6705,ORDER6706,2023-03-10,In Transit,64,424.64,1,RIDER6706
6706,ORDER6707,2023-04-01,Failed,65,123.3,5,RIDER6707
6707,ORDER6708,2023-12-02,In Transit,101,54.73,5,RIDER6708
6708,ORDER6709,2023-04-24,In Transit,111,446.34,1,RIDER6709
6709,ORDER6710,2023-08-26,In Transit,12,447.65,3,RIDER6710
6710,ORDER6711,2023-07-04,In Transit,14,182.39,2,RIDER6711
6711,ORDER6712,2023-02-23,In Transit,64,266.13,3,RIDER6712
6712,ORDER6713,2023-01-06,Delivered,96,238.96,1,RIDER6713
6713,ORDER6714,2023-10-10,In Transit,103,399.25,4,RIDER6714
6714,ORDER6715,2023-05-21,Delivered,52,342.23,4,RIDER6715
6715,ORDER6716,2023-12-08,Failed,84,324.42,1,RIDER6716
6716,ORDER6717,2023-07-15,In Transit,37,355.73,4,RIDER6717
6717,ORDER6718,2023-08-12,Delivered,28,466.78,1,RIDER6718
6718,ORDER6719,2023-04-19,In Transit,22,205.44,4,RIDER6719
6719,ORDER6720,2023-04-28,In Transit,35,96.38,3,RIDER6720
6720,ORDER6721,2023-02-19,Delivered,86,458.12,5,RIDER6721
6721,ORDER6722,2023-03-22,Delivered,72,344.3,1,RIDER6722
6722,ORDER6723,2023-06-26,Failed,67,447.12,3,RIDER6723
6723,ORDER6724,2023-02-15,Delivered,23,336.46,2,RIDER6724
6724,ORDER6725,2023-05-30,In Transit,24,73.15,1,RIDER6725
6725,ORDER6726,2023-12-30,Failed,101,336.2,1,RIDER6726
6726,ORDER6727,2023-01-13,Failed,88,463.31,2,RIDER6727
6727,ORDER6728,2023-02-02,Delivered,62,384.78,1,RIDER6728
6728,ORDER6729,2023-05-29,Delivered,77,332.84,2,RIDER6729
6729,ORDER6730,2023-07-15,Delivered,25,68.71,4,RIDER6730
6730,ORDER6731,2023-06-11,Failed,109,238.31,3,RIDER6731
6731,ORDER6732,2023-09-15,Failed,76,315.96,5,RIDER6732
6732,ORDER6733,2023-08-26,Delivered,119,475.28,1,RIDER6733
6733,ORDER6734,2023-07-30,In Transit,71,314.44,4,RIDER6734
6734,ORDER6735,2023-06-27,In Transit,37,118.64,3,RIDER6735
6735,ORDER6736,2023-05-28,Failed,42,86.01,4,RIDER6736
6736,ORDER6737,2023-03-27,Failed,50,316.22,3,RIDER6737
6737,ORDER6738,2023-10-31,Failed,46,357.57,5,RIDER6738
6738,ORDER6739,2023-08-01,Failed,67,72.21,4,RIDER6739
6739,ORDER6740,2023-05-17,Delivered,58,406.81,3,RIDER6740
6740,ORDER6741,2023-08-16,Delivered,80,360.89,3,RIDER6741
6741,ORDER6742,2023-10-04,Failed,30,446.28,1,RIDER6742
6742,ORDER6743,2023-04-01,Delivered,62,422.86,5,RIDER6743
6743,ORDER6744,2023-09-19,Delivered,105,55.28,5,RIDER6744
6744,ORDER6745,2023-05-10,Failed,20,344.38,5,RIDER6745
6745,ORDER6746,2023-06-14,In Transit,115,313.06,2,RIDER6746
6746,ORDER6747,2023-05-29,In Transit,83,238.0,2,RIDER6747
6747,ORDER6748,2023-11-19,Failed,118,247.67,3,RIDER6748
6748,ORDER6749,2023-04-25,Failed,21,455.77,4,RIDER6749
6749,ORDER6750,2023-01-28,Delivered,77,205.95,5,RIDER6750
6750,ORDER6751,2023-10-28,Failed,49,340.84,4,RIDER6751
6751,ORDER6752,2023-08-19,Failed,62,167.85,4,RIDER6752
6752,ORDER6753,2023-03-23,Delivered,107,470.7,4,RIDER6753
6753,ORDER6754,2023-09-22,Failed,107,104.51,3,RIDER6754
6754,ORDER6755,2023-12-11,Delivered,33,186.04,4,RIDER6755
6755,ORDER6756,2023-04-21,Delivered,87,443.52,2,RIDER6756
6756,ORDER6757,2023-07-08,Delivered,85,267.81,4,RIDER6757
6757,ORDER6758,2023-06-18,Failed,14,422.65,1,RIDER6758
6758,ORDER6759,2023-11-17,In Transit,66,271.43,1,RIDER6759
6759,ORDER6760,2023-10-18,In Transit,91,365.76,1,RIDER6760
6760,ORDER6761,2023-03-25,Delivered,71,490.62,5,RIDER6761
6761,ORDER6762,2023-08-12,Failed,112,130.59,1,RIDER6762
6762,ORDER6763,2023-09-03,In Transit,36,449.87,3,RIDER6763
6763,ORDER6764,2023-11-30,Failed,85,470.24,3,RIDER6764
6764,ORDER6765,2023-08-03,In Transit,82,60.93,4,RIDER6765
6765,ORDER6766,2023-02-16,In Transit,99,485.44,5,RIDER6766
6766,ORDER6767,2023-04-05,Delivered,35,191.65,3,RIDER6767
6767,ORDER6768,2023-07-22,Failed,62,273.68,2,RIDER6768
6768,ORDER6769,2023-06-29,Failed,93,470.14,3,RIDER6769
6769,ORDER6770,2023-12-14,Delivered,42,167.49,1,RIDER6770
6770,ORDER6771,2023-08-17,Delivered,104,454.59,4,RIDER6771
6771,ORDER6772,2023-06-22,In Transit,112,87.49,2,RIDER6772
6772,ORDER6773,2023-05-31,Failed,84,318.11,3,RIDER6773
6773,ORDER6774,2023-06-28,In Transit,12,480.65,2,RIDER6774
6774,ORDER6775,2023-10-05,In Transit,93,423.25,3,RIDER6775
6775,ORDER6776,2023-06-09,Failed,43,160.54,4,RIDER6776
6776,ORDER6777,2023-03-03,Failed,68,186.1,3,RIDER6777
6777,ORDER6778,2023-08-18,In Transit,69,266.36,1,RIDER6778
6778,ORDER6779,2023-05-23,Delivered,59,260.61,4,RIDER6779
6779,ORDER6780,2023-11-23,In Transit,16,252.06,1,RIDER6780
6780,ORDER6781,2023-11-21,Delivered,92,460.96,3,RIDER6781
6781,ORDER6782,2023-11-20,In Transit,47,117.28,1,RIDER6782
6782,ORDER6783,2023-11-06,Delivered,107,183.21,5,RIDER6783
6783,ORDER6784,2023-03-24,In Transit,60,332.79,1,RIDER6784
6784,ORDER6785,2023-01-17,In Transit,105,398.39,5,RIDER6785
6785,ORDER6786,2023-11-27,Failed,92,151.4,4,RIDER6786
6786,ORDER6787,2023-10-27,Failed,97,277.47,4,RIDER6787
6787,ORDER6788,2023-04-17,In Transit,95,67.92,4,RIDER6788
6788,ORDER6789,2023-06-20,Failed,58,226.46,1,RIDER6789
6789,ORDER6790,2023-03-03,Failed,89,337.08,4,RIDER6790
6790,ORDER6791,2023-01-18,In Transit,45,344.74,2,RIDER6791
6791,ORDER6792,2023-11-18,Failed,68,54.35,4,RIDER6792
6792,ORDER6793,2023-11-05,In Transit,78,352.43,5,RIDER6793
6793,ORDER6794,2023-09-15,In Transit,94,371.37,5,RIDER6794
6794,ORDER6795,2023-04-20,Failed,27,467.65,3,RIDER6795
6795,ORDER6796,2023-04-07,In Transit,89,454.03,4,RIDER6796
6796,ORDER6797,2023-03-03,In Transit,107,222.94,4,RIDER6797
6797,ORDER6798,2023-05-05,Failed,16,251.19,3,RIDER6798
6798,ORDER6799,2023-11-10,Failed,106,365.24,1,RIDER6799
6799,ORDER6800,2023-12-20,In Transit,84,326.39,4,RIDER6800
6800,ORDER6801,2023-03-12,Delivered,33,336.08,5,RIDER6801
6801,ORDER6802,2023-03-05,Failed,17,248.33,1,RIDER6802
6802,ORDER6803,2023-08-28,Delivered,62,354.46,1,RIDER6803
6803,ORDER6804,2023-06-09,In Transit,115,128.76,4,RIDER6804
6804,ORDER6805,2023-07-05,Failed,18,207.93,1,RIDER6805
6805,ORDER6806,2023-12-19,In Transit,79,318.19,1,RIDER6806
6806,ORDER6807,2023-02-06,Failed,46,246.06,4,RIDER6807
6807,ORDER6808,2023-02-12,In Transit,15,158.71,2,RIDER6808
6808,ORDER6809,2023-07-16,Delivered,114,299.2,4,RIDER6809
6809,ORDER6810,2023-06-22,In Transit,23,387.94,3,RIDER6810
6810,ORDER6811,2023-12-06,Failed,83,151.34,3,RIDER6811
6811,ORDER6812,2023-02-01,Failed,48,339.63,3,RIDER6812
6812,ORDER6813,2023-12-29,Failed,57,166.09,1,RIDER6813
6813,ORDER6814,2023-09-13,Failed,105,336.88,1,RIDER6814
6814,ORDER6815,2023-07-11,In Transit,34,152.15,2,RIDER6815
6815,ORDER6816,2023-09-15,Delivered,83,250.71,2,RIDER6816
6816,ORDER6817,2023-12-17,Delivered,84,497.1,5,RIDER6817
6817,ORDER6818,2023-09-28,Failed,34,198.76,1,RIDER6818
6818,ORDER6819,2023-10-24,Delivered,13,455.1,5,RIDER6819
6819,ORDER6820,2023-11-06,Delivered,74,64.92,4,RIDER6820
6820,ORDER6821,2023-06-11,In Transit,70,440.24,1,RIDER6821
6821,ORDER6822,2023-11-06,In Transit,44,401.69,1,RIDER6822
6822,ORDER6823,2023-12-31,Delivered,18,298.03,5,RIDER6823
6823,ORDER6824,2023-12-28,In Transit,33,171.64,3,RIDER6824
6824,ORDER6825,2023-10-17,In Transit,59,163.25,3,RIDER6825
6825,ORDER6826,2023-01-03,In Transit,108,94.77,1,RIDER6826
6826,ORDER6827,2023-08-20,In Transit,116,410.17,1,RIDER6827
6827,ORDER6828,2023-07-13,Failed,95,329.41,2,RIDER6828
6828,ORDER6829,2023-11-05,In Transit,91,244.22,4,RIDER6829
6829,ORDER6830,2023-12-26,In Transit,110,475.59,2,RIDER6830
6830,ORDER6831,2023-11-06,In Transit,65,109.52,1,RIDER6831
6831,ORDER6832,2023-12-28,Failed,54,68.53,2,RIDER6832
6832,ORDER6833,2023-08-20,Delivered,54,269.76,3,RIDER6833
6833,ORDER6834,2023-10-02,Delivered,21,252.1,4,RIDER6834
6834,ORDER6835,2023-10-11,Failed,25,387.18,1,RIDER6835
6835,ORDER6836,2023-07-31,Delivered,58,83.79,2,RIDER6836
6836,ORDER6837,2023-08-01,In Transit,64,69.42,3,RIDER6837
6837,ORDER6838,2023-08-21,Delivered,115,467.92,5,RIDER6838
6838,ORDER6839,2023-04-05,In Transit,32,486.42,3,RIDER6839
6839,ORDER6840,2023-03-08,Failed,62,472.74,4,RIDER6840
6840,ORDER6841,2023-03-20,Failed,51,385.21,1,RIDER6841
6841,ORDER6842,2023-06-12,Failed,12,493.09,3,RIDER6842
6842,ORDER6843,2023-03-18,Failed,40,133.76,5,RIDER6843
6843,ORDER6844,2023-03-02,Delivered,25,431.46,3,RIDER6844
6844,ORDER6845,2023-01-19,Failed,27,183.84,3,RIDER6845
6845,ORDER6846,2023-12-19,In Transit,32,301.66,1,RIDER6846
6846,ORDER6847,2023-08-18,Failed,109,489.51,4,RIDER6847
6847,ORDER6848,2023-06-14,Delivered,99,429.75,1,RIDER6848
6848,ORDER6849,2023-09-28,Delivered,48,61.8,2,RIDER6849
6849,ORDER6850,2023-08-14,Failed,89,346.25,4,RIDER6850
6850,ORDER6851,2023-12-27,Delivered,114,154.31,1,RIDER6851
6851,ORDER6852,2023-10-01,Failed,77,255.45,3,RIDER6852
6852,ORDER6853,2023-04-07,In Transit,49,140.58,2,RIDER6853
6853,ORDER6854,2023-09-25,Failed,111,414.24,1,RIDER6854
6854,ORDER6855,2023-12-26,Delivered,64,204.87,5,RIDER6855
6855,ORDER6856,2023-04-24,In Transit,72,55.01,3,RIDER6856
6856,ORDER6857,2023-10-17,In Transit,111,235.68,2,RIDER6857
6857,ORDER6858,2023-02-05,In Transit,73,316.53,4,RIDER6858
6858,ORDER6859,2023-01-10,Failed,34,341.25,3,RIDER6859
6859,ORDER6860,2023-05-13,Failed,37,364.19,4,RIDER6860
6860,ORDER6861,2023-10-13,Failed,87,350.97,3,RIDER6861
6861,ORDER6862,2023-06-01,In Transit,62,389.7,1,RIDER6862
6862,ORDER6863,2023-03-26,In Transit,119,137.84,1,RIDER6863
6863,ORDER6864,2023-11-02,In Transit,27,377.82,1,RIDER6864
6864,ORDER6865,2023-05-29,In Transit,62,107.9,4,RIDER6865
6865,ORDER6866,2023-01-15,In Transit,31,253.59,3,RIDER6866
6866,ORDER6867,2023-01-14,In Transit,107,435.01,1,RIDER6867
6867,ORDER6868,2023-10-08,In Transit,40,255.45,5,RIDER6868
6868,ORDER6869,2023-06-10,In Transit,93,232.77,1,RIDER6869
6869,ORDER6870,2023-04-21,Failed,70,85.35,1,RIDER6870
6870,ORDER6871,2023-07-03,In Transit,105,211.73,3,RIDER6871
6871,ORDER6872,2023-07-21,Failed,12,88.31,1,RIDER6872
6872,ORDER6873,2023-10-11,In Transit,102,336.31,2,RIDER6873
6873,ORDER6874,2023-09-25,Failed,44,237.52,4,RIDER6874
6874,ORDER6875,2023-10-18,Delivered,25,236.17,4,RIDER6875
6875,ORDER6876,2023-09-16,Failed,74,159.93,1,RIDER6876
6876,ORDER6877,2023-12-14,In Transit,95,114.04,3,RIDER6877
6877,ORDER6878,2023-08-04,In Transit,61,279.43,3,RIDER6878
6878,ORDER6879,2023-05-10,Delivered,60,223.94,4,RIDER6879
6879,ORDER6880,2023-01-11,Failed,47,96.37,1,RIDER6880
6880,ORDER6881,2023-09-15,Delivered,94,55.63,1,RIDER6881
6881,ORDER6882,2023-06-15,In Transit,79,481.47,4,RIDER6882
6882,ORDER6883,2023-12-25,Failed,91,338.46,1,RIDER6883
6883,ORDER6884,2023-11-23,In Transit,38,138.25,2,RIDER6884
6884,ORDER6885,2023-12-13,Delivered,99,92.3,5,RIDER6885
6885,ORDER6886,2023-01-29,In Transit,91,124.6,5,RIDER6886
6886,ORDER6887,2023-03-30,Delivered,49,412.46,3,RIDER6887
6887,ORDER6888,2023-05-01,In Transit,109,242.15,3,RIDER6888
6888,ORDER6889,2023-08-23,Failed,82,166.37,4,RIDER6889
6889,ORDER6890,2023-06-13,Delivered,108,245.16,3,RIDER6890
6890,ORDER6891,2023-06-27,Failed,118,213.9,4,RIDER6891
6891,ORDER6892,2023-10-24,In Transit,120,259.68,3,RIDER6892
6892,ORDER6893,2023-07-30,Failed,101,486.08,5,RIDER6893
6893,ORDER6894,2023-05-29,Delivered,41,471.92,4,RIDER6894
6894,ORDER6895,2023-10-24,Delivered,73,356.96,1,RIDER6895
6895,ORDER6896,2023-03-09,Delivered,58,193.19,1,RIDER6896
6896,ORDER6897,2023-12-02,Delivered,50,477.01,1,RIDER6897
6897,ORDER6898,2023-11-03,Failed,38,90.87,3,RIDER6898
6898,ORDER6899,2023-08-09,Delivered,69,453.17,1,RIDER6899
6899,ORDER6900,2023-05-18,Delivered,41,418.59,5,RIDER6900
6900,ORDER6901,2023-02-02,Failed,91,411.24,1,RIDER6901
6901,ORDER6902,2023-08-12,Delivered,23,488.15,4,RIDER6902
6902,ORDER6903,2023-04-30,In Transit,43,332.31,4,RIDER6903
6903,ORDER6904,2023-07-19,Delivered,48,387.93,1,RIDER6904
6904,ORDER6905,2023-12-31,In Transit,13,406.47,4,RIDER6905
6905,ORDER6906,2023-11-08,Failed,52,483.13,1,RIDER6906
6906,ORDER6907,2023-11-10,Failed,73,393.72,2,RIDER6907
6907,ORDER6908,2023-06-09,Delivered,42,276.09,1,RIDER6908
6908,ORDER6909,2023-11-19,Failed,39,162.56,3,RIDER6909
6909,ORDER6910,2023-06-01,In Transit,91,101.8,4,RIDER6910
6910,ORDER6911,2023-02-19,Delivered,92,347.41,3,RIDER6911
6911,ORDER6912,2023-05-30,In Transit,92,224.15,5,RIDER6912
6912,ORDER6913,2023-05-12,Delivered,111,309.33,2,RIDER6913
6913,ORDER6914,2023-06-13,Delivered,19,300.57,4,RIDER6914
6914,ORDER6915,2023-10-17,Failed,44,376.01,5,RIDER6915
6915,ORDER6916,2023-04-22,In Transit,30,169.59,4,RIDER6916
6916,ORDER6917,2023-04-27,Failed,79,144.29,4,RIDER6917
6917,ORDER6918,2023-06-11,In Transit,39,112.86,1,RIDER6918
6918,ORDER6919,2023-04-25,Failed,101,374.93,4,RIDER6919
6919,ORDER6920,2023-06-19,In Transit,14,256.2,2,RIDER6920
6920,ORDER6921,2023-10-17,Delivered,70,261.97,4,RIDER6921
6921,ORDER6922,2023-02-14,Failed,105,270.13,1,RIDER6922
6922,ORDER6923,2023-08-15,Failed,60,137.03,4,RIDER6923
6923,ORDER6924,2023-11-27,In Transit,34,108.07,4,RIDER6924
6924,ORDER6925,2023-03-15,In Transit,80,262.38,1,RIDER6925
6925,ORDER6926,2023-12-15,In Transit,31,442.35,5,RIDER6926
6926,ORDER6927,2023-06-23,In Transit,12,85.77,5,RIDER6927
6927,ORDER6928,2023-11-19,Delivered,69,462.81,1,RIDER6928
6928,ORDER6929,2023-10-16,Failed,61,114.33,4,RIDER6929
6929,ORDER6930,2023-06-18,Delivered,11,333.11,1,RIDER6930
6930,ORDER6931,2023-04-26,Failed,78,108.48,4,RIDER6931
6931,ORDER6932,2023-02-16,Failed,103,327.53,5,RIDER6932
6932,ORDER6933,2023-09-25,In Transit,43,191.96,3,RIDER6933
6933,ORDER6934,2023-03-27,In Transit,117,279.9,3,RIDER6934
6934,ORDER6935,2023-09-25,In Transit,40,475.02,2,RIDER6935
6935,ORDER6936,2023-06-11,Failed,119,418.07,1,RIDER6936
6936,ORDER6937,2023-02-19,In Transit,106,494.23,2,RIDER6937
6937,ORDER6938,2023-02-27,In Transit,50,383.76,1,RIDER6938
6938,ORDER6939,2023-11-06,In Transit,20,256.56,3,RIDER6939
6939,ORDER6940,2023-06-25,In Transit,97,435.91,5,RIDER6940
6940,ORDER6941,2023-02-13,In Transit,113,243.58,5,RIDER6941
6941,ORDER6942,2023-11-02,In Transit,34,371.09,3,RIDER6942
6942,ORDER6943,2023-04-18,Delivered,113,133.0,1,RIDER6943
6943,ORDER6944,2023-11-30,Failed,29,447.06,4,RIDER6944
6944,ORDER6945,2023-03-31,Delivered,45,58.99,2,RIDER6945
6945,ORDER6946,2023-05-17,Delivered,22,440.55,1,RIDER6946
6946,ORDER6947,2023-04-18,Delivered,55,461.32,2,RIDER6947
6947,ORDER6948,2023-01-05,Failed,95,371.18,5,RIDER6948
6948,ORDER6949,2023-04-03,Failed,103,491.22,4,RIDER6949
6949,ORDER6950,2023-02-24,Failed,39,321.29,3,RIDER6950
6950,ORDER6951,2023-07-11,Delivered,61,233.72,2,RIDER6951
6951,ORDER6952,2023-06-05,In Transit,64,405.71,3,RIDER6952
6952,ORDER6953,2023-11-23,In Transit,71,465.65,3,RIDER6953
6953,ORDER6954,2023-07-23,Failed,29,253.44,1,RIDER6954
6954,ORDER6955,2023-08-25,Failed,93,392.24,3,RIDER6955
6955,ORDER6956,2023-04-20,Failed,117,381.15,3,RIDER6956
6956,ORDER6957,2023-11-09,In Transit,84,357.39,5,RIDER6957
6957,ORDER6958,2023-09-26,In Transit,50,304.64,3,RIDER6958
6958,ORDER6959,2023-07-01,Delivered,11,408.42,4,RIDER6959
6959,ORDER6960,2023-12-23,Failed,54,225.03,3,RIDER6960
6960,ORDER6961,2023-05-29,In Transit,103,164.76,1,RIDER6961
6961,ORDER6962,2023-07-28,Failed,41,124.95,5,RIDER6962
6962,ORDER6963,2023-10-01,Delivered,37,134.52,2,RIDER6963
6963,ORDER6964,2023-04-29,Failed,19,116.09,2,RIDER6964
6964,ORDER6965,2023-06-06,Failed,95,347.36,1,RIDER6965
6965,ORDER6966,2023-06-05,In Transit,111,449.31,2,RIDER6966
6966,ORDER6967,2023-02-07,In Transit,32,180.2,2,RIDER6967
6967,ORDER6968,2023-11-19,Delivered,14,476.64,1,RIDER6968
6968,ORDER6969,2023-04-15,Failed,70,341.41,3,RIDER6969
6969,ORDER6970,2023-08-14,Delivered,65,177.95,4,RIDER6970
6970,ORDER6971,2023-09-12,Failed,112,281.48,4,RIDER6971
6971,ORDER6972,2023-03-12,Delivered,26,388.91,2,RIDER6972
6972,ORDER6973,2023-05-27,Failed,90,291.06,1,RIDER6973
6973,ORDER6974,2023-02-27,Failed,75,369.97,3,RIDER6974
6974,ORDER6975,2023-12-27,In Transit,90,481.32,3,RIDER6975
6975,ORDER6976,2023-08-22,Failed,42,175.04,4,RIDER6976
6976,ORDER6977,2023-02-01,Delivered,105,468.44,4,RIDER6977
6977,ORDER6978,2023-08-09,Failed,66,490.28,3,RIDER6978
6978,ORDER6979,2023-07-10,Delivered,93,102.29,2,RIDER6979
6979,ORDER6980,2023-12-13,Failed,49,139.38,5,RIDER6980
6980,ORDER6981,2023-04-11,In Transit,102,255.01,1,RIDER6981
6981,ORDER6982,2023-09-13,Failed,41,353.23,5,RIDER6982
6982,ORDER6983,2023-10-07,Failed,102,433.76,1,RIDER6983
6983,ORDER6984,2023-05-08,Failed,48,248.19,3,RIDER6984
6984,ORDER6985,2023-04-16,In Transit,91,70.58,4,RIDER6985
6985,ORDER6986,2023-11-29,In Transit,61,165.49,2,RIDER6986
6986,ORDER6987,2023-10-16,Delivered,22,304.97,3,RIDER6987
6987,ORDER6988,2023-02-19,Delivered,78,63.69,4,RIDER6988
6988,ORDER6989,2023-08-18,Failed,89,116.74,3,RIDER6989
6989,ORDER6990,2023-12-09,In Transit,106,226.3,3,RIDER6990
6990,ORDER6991,2023-11-16,Failed,51,82.21,3,RIDER6991
6991,ORDER6992,2023-06-29,Failed,59,245.09,2,RIDER6992
6992,ORDER6993,2023-12-10,Delivered,77,376.38,1,RIDER6993
6993,ORDER6994,2023-11-15,In Transit,93,409.15,5,RIDER6994
6994,ORDER6995,2023-03-16,In Transit,55,425.35,3,RIDER6995
6995,ORDER6996,2023-07-14,Delivered,83,153.58,5,RIDER6996
6996,ORDER6997,2023-09-02,Failed,41,241.88,3,RIDER6997
6997,ORDER6998,2023-10-20,Failed,119,408.52,2,RIDER6998
6998,ORDER6999,2023-02-16,Delivered,75,305.67,2,RIDER6999
6999,ORDER7000,2023-04-14,In Transit,44,287.36,3,RIDER7000
7000,ORDER7001,2023-02-28,Failed,20,183.32,1,RIDER7001
7001,ORDER7002,2023-07-28,In Transit,82,81.94,2,RIDER7002
7002,ORDER7003,2023-06-25,Failed,45,470.27,1,RIDER7003
7003,ORDER7004,2023-07-03,Delivered,34,419.61,1,RIDER7004
7004,ORDER7005,2023-04-24,Failed,38,229.95,5,RIDER7005
7005,ORDER7006,2023-12-16,In Transit,21,253.86,1,RIDER7006
7006,ORDER7007,2023-03-21,Delivered,79,119.31,1,RIDER7007
7007,ORDER7008,2023-06-09,In Transit,84,123.92,1,RIDER7008
7008,ORDER7009,2023-10-04,Failed,69,269.1,1,RIDER7009
7009,ORDER7010,2023-01-28,In Transit,33,137.38,4,RIDER7010
7010,ORDER7011,2023-10-21,Failed,85,164.04,3,RIDER7011
7011,ORDER7012,2023-06-24,Failed,104,104.26,4,RIDER7012
7012,ORDER7013,2023-01-27,Failed,54,277.88,4,RIDER7013
7013,ORDER7014,2023-10-08,Delivered,75,354.81,4,RIDER7014
7014,ORDER7015,2023-09-17,Failed,106,103.27,3,RIDER7015
7015,ORDER7016,2023-08-30,In Transit,85,104.5,4,RIDER7016
7016,ORDER7017,2023-09-17,Delivered,10,392.42,4,RIDER7017
7017,ORDER7018,2023-01-08,Delivered,104,416.39,2,RIDER7018
7018,ORDER7019,2023-02-12,In Transit,74,408.79,4,RIDER7019
7019,ORDER7020,2023-04-23,In Transit,94,221.8,2,RIDER7020
7020,ORDER7021,2023-09-10,Delivered,24,221.43,1,RIDER7021
7021,ORDER7022,2023-09-04,Failed,31,453.8,1,RIDER7022
7022,ORDER7023,2023-01-20,Delivered,112,496.62,1,RIDER7023
7023,ORDER7024,2023-01-17,In Transit,61,254.8,3,RIDER7024
7024,ORDER7025,2023-08-26,In Transit,44,194.17,5,RIDER7025
7025,ORDER7026,2023-06-03,In Transit,95,53.0,2,RIDER7026
7026,ORDER7027,2023-02-21,Failed,90,313.97,4,RIDER7027
7027,ORDER7028,2023-06-14,Failed,30,137.55,4,RIDER7028
7028,ORDER7029,2023-05-21,Delivered,79,456.98,2,RIDER7029
7029,ORDER7030,2023-04-16,Failed,113,224.2,2,RIDER7030
7030,ORDER7031,2023-01-13,Failed,94,457.34,1,RIDER7031
7031,ORDER7032,2023-08-18,Delivered,38,491.17,5,RIDER7032
7032,ORDER7033,2023-03-09,In Transit,59,216.77,3,RIDER7033
7033,ORDER7034,2023-08-29,Delivered,37,252.95,4,RIDER7034
7034,ORDER7035,2023-12-26,Failed,86,467.33,3,RIDER7035
7035,ORDER7036,2023-12-27,Delivered,104,460.41,3,RIDER7036
7036,ORDER7037,2023-01-18,Failed,80,187.62,2,RIDER7037
7037,ORDER7038,2023-06-23,Delivered,14,161.72,2,RIDER7038
7038,ORDER7039,2023-12-16,Failed,42,64.04,5,RIDER7039
7039,ORDER7040,2023-07-05,Failed,105,329.36,2,RIDER7040
7040,ORDER7041,2023-10-10,Delivered,14,429.0,2,RIDER7041
7041,ORDER7042,2023-02-08,Failed,28,288.37,2,RIDER7042
7042,ORDER7043,2023-05-18,In Transit,23,497.38,4,RIDER7043
7043,ORDER7044,2023-04-15,Failed,81,64.18,5,RIDER7044
7044,ORDER7045,2023-05-18,Delivered,109,298.99,4,RIDER7045
7045,ORDER7046,2023-10-12,Failed,105,171.32,2,RIDER7046
7046,ORDER7047,2023-03-10,In Transit,23,53.43,4,RIDER7047
7047,ORDER7048,2023-07-06,Delivered,55,252.59,3,RIDER7048
7048,ORDER7049,2023-01-06,Failed,82,361.41,4,RIDER7049
7049,ORDER7050,2023-11-29,Failed,102,334.0,5,RIDER7050
7050,ORDER7051,2023-05-23,In Transit,86,275.41,4,RIDER7051
7051,ORDER7052,2023-07-13,Failed,112,195.98,2,RIDER7052
7052,ORDER7053,2023-08-15,In Transit,13,201.01,2,RIDER7053
7053,ORDER7054,2023-10-29,Failed,40,498.57,3,RIDER7054
7054,ORDER7055,2023-02-21,Delivered,56,411.11,4,RIDER7055
7055,ORDER7056,2023-02-11,Failed,83,213.88,1,RIDER7056
7056,ORDER7057,2023-04-27,Delivered,86,314.66,2,RIDER7057
7057,ORDER7058,2023-05-01,Failed,116,371.12,5,RIDER7058
7058,ORDER7059,2023-03-26,Delivered,56,484.81,2,RIDER7059
7059,ORDER7060,2023-07-28,Delivered,45,115.07,1,RIDER7060
7060,ORDER7061,2023-11-26,Failed,58,152.39,1,RIDER7061
7061,ORDER7062,2023-08-04,Failed,50,193.29,4,RIDER7062
7062,ORDER7063,2023-03-16,Failed,87,390.41,5,RIDER7063
7063,ORDER7064,2023-09-03,Failed,11,243.43,4,RIDER7064
7064,ORDER7065,2023-02-04,Delivered,21,406.36,1,RIDER7065
7065,ORDER7066,2023-12-07,In Transit,21,439.95,1,RIDER7066
7066,ORDER7067,2023-06-25,In Transit,42,187.91,1,RIDER7067
7067,ORDER7068,2023-09-08,Delivered,20,168.26,1,RIDER7068
7068,ORDER7069,2023-12-15,Delivered,14,382.44,5,RIDER7069
7069,ORDER7070,2023-03-13,Delivered,59,214.01,3,RIDER7070
7070,ORDER7071,2023-02-15,In Transit,67,499.22,4,RIDER7071
7071,ORDER7072,2023-06-22,Failed,55,209.6,2,RIDER7072
7072,ORDER7073,2023-03-06,In Transit,70,498.38,1,RIDER7073
7073,ORDER7074,2023-11-08,Failed,51,67.26,4,RIDER7074
7074,ORDER7075,2023-09-10,In Transit,31,248.06,1,RIDER7075
7075,ORDER7076,2023-03-24,In Transit,105,424.44,2,RIDER7076
7076,ORDER7077,2023-07-31,In Transit,105,310.62,4,RIDER7077
7077,ORDER7078,2023-06-19,In Transit,36,130.24,2,RIDER7078
7078,ORDER7079,2023-11-11,In Transit,36,464.28,5,RIDER7079
7079,ORDER7080,2023-06-05,In Transit,101,333.89,5,RIDER7080
7080,ORDER7081,2023-02-10,In Transit,79,118.05,3,RIDER7081
7081,ORDER7082,2023-11-30,Failed,56,151.14,3,RIDER7082
7082,ORDER7083,2023-06-27,Delivered,23,201.71,4,RIDER7083
7083,ORDER7084,2023-05-12,Delivered,23,233.08,4,RIDER7084
7084,ORDER7085,2023-09-06,Delivered,109,379.46,1,RIDER7085
7085,ORDER7086,2023-06-16,Delivered,52,150.14,2,RIDER7086
7086,ORDER7087,2023-06-09,In Transit,118,169.86,4,RIDER7087
7087,ORDER7088,2023-06-20,Failed,75,136.13,1,RIDER7088
7088,ORDER7089,2023-05-07,Delivered,103,98.26,4,RIDER7089
7089,ORDER7090,2023-11-11,Failed,11,54.53,4,RIDER7090
7090,ORDER7091,2023-11-10,In Transit,64,333.34,4,RIDER7091
7091,ORDER7092,2023-09-03,Failed,106,377.04,2,RIDER7092
7092,ORDER7093,2023-10-05,In Transit,31,54.86,5,RIDER7093
7093,ORDER7094,2023-10-20,In Transit,67,351.74,3,RIDER7094
7094,ORDER7095,2023-02-23,Failed,120,154.08,5,RIDER7095
7095,ORDER7096,2023-04-08,In Transit,53,291.36,5,RIDER7096
7096,ORDER7097,2023-12-26,Failed,67,494.32,5,RIDER7097
7097,ORDER7098,2023-05-15,In Transit,75,192.38,5,RIDER7098
7098,ORDER7099,2023-01-10,In Transit,16,432.75,1,RIDER7099
7099,ORDER7100,2023-10-22,In Transit,60,458.72,4,RIDER7100
7100,ORDER7101,2023-01-05,Delivered,54,187.72,3,RIDER7101
7101,ORDER7102,2023-02-03,Delivered,110,469.37,4,RIDER7102
7102,ORDER7103,2023-02-24,In Transit,118,80.03,2,RIDER7103
7103,ORDER7104,2023-04-14,In Transit,50,401.06,4,RIDER7104
7104,ORDER7105,2023-09-13,Delivered,117,394.5,2,RIDER7105
7105,ORDER7106,2023-03-13,Failed,16,70.19,4,RIDER7106
7106,ORDER7107,2023-04-03,In Transit,97,57.26,5,RIDER7107
7107,ORDER7108,2023-06-02,Failed,87,421.96,2,RIDER7108
7108,ORDER7109,2023-08-19,In Transit,112,167.0,3,RIDER7109
7109,ORDER7110,2023-07-15,Delivered,76,205.74,1,RIDER7110
7110,ORDER7111,2023-05-09,Failed,119,451.17,2,RIDER7111
7111,ORDER7112,2023-03-11,Failed,52,318.89,3,RIDER7112
7112,ORDER7113,2023-02-08,Delivered,42,267.8,3,RIDER7113
7113,ORDER7114,2023-05-29,Failed,37,463.09,1,RIDER7114
7114,ORDER7115,2023-12-29,Delivered,37,426.12,4,RIDER7115
7115,ORDER7116,2023-04-22,In Transit,58,205.1,5,RIDER7116
7116,ORDER7117,2023-03-23,Failed,93,496.98,2,RIDER7117
7117,ORDER7118,2023-09-07,In Transit,89,210.78,5,RIDER7118
7118,ORDER7119,2023-09-25,Failed,10,395.92,3,RIDER7119
7119,ORDER7120,2023-02-04,Failed,104,117.33,2,RIDER7120
7120,ORDER7121,2023-07-26,Failed,87,68.18,3,RIDER7121
7121,ORDER7122,2023-09-21,Delivered,42,53.03,4,RIDER7122
7122,ORDER7123,2023-07-29,Failed,88,414.05,1,RIDER7123
7123,ORDER7124,2023-01-20,In Transit,37,495.63,3,RIDER7124
7124,ORDER7125,2023-03-27,Delivered,118,335.39,1,RIDER7125
7125,ORDER7126,2023-06-27,Failed,51,66.84,2,RIDER7126
7126,ORDER7127,2023-06-09,Delivered,80,464.11,5,RIDER7127
7127,ORDER7128,2023-01-28,In Transit,56,499.77,1,RIDER7128
7128,ORDER7129,2023-04-23,Delivered,22,465.66,2,RIDER7129
7129,ORDER7130,2023-07-18,Failed,95,214.0,4,RIDER7130
7130,ORDER7131,2023-03-09,In Transit,41,294.23,5,RIDER7131
7131,ORDER7132,2023-06-24,In Transit,77,361.11,4,RIDER7132
7132,ORDER7133,2023-10-15,In Transit,43,203.24,5,RIDER7133
7133,ORDER7134,2023-03-14,Failed,79,197.34,5,RIDER7134
7134,ORDER7135,2023-04-29,In Transit,55,66.66,1,RIDER7135
7135,ORDER7136,2023-04-08,Failed,116,84.2,5,RIDER7136
7136,ORDER7137,2023-01-02,In Transit,99,451.74,2,RIDER7137
7137,ORDER7138,2023-10-17,Failed,27,157.3,4,RIDER7138
7138,ORDER7139,2023-10-10,Failed,45,468.29,5,RIDER7139
7139,ORDER7140,2023-02-27,Delivered,103,231.43,4,RIDER7140
7140,ORDER7141,2023-03-21,In Transit,60,143.44,4,RIDER7141
7141,ORDER7142,2023-03-21,Delivered,115,200.51,4,RIDER7142
7142,ORDER7143,2023-09-26,In Transit,26,221.74,4,RIDER7143
7143,ORDER7144,2023-07-16,Failed,108,363.11,1,RIDER7144
7144,ORDER7145,2023-12-07,Failed,94,304.11,3,RIDER7145
7145,ORDER7146,2023-09-02,Delivered,113,314.75,2,RIDER7146
7146,ORDER7147,2023-08-08,In Transit,11,268.82,1,RIDER7147
7147,ORDER7148,2023-05-05,Delivered,27,389.86,5,RIDER7148
7148,ORDER7149,2023-06-27,Delivered,53,272.14,1,RIDER7149
7149,ORDER7150,2023-08-04,Failed,39,237.41,3,RIDER7150
7150,ORDER7151,2023-08-26,In Transit,81,325.21,3,RIDER7151
7151,ORDER7152,2023-06-22,Delivered,15,79.5,3,RIDER7152
7152,ORDER7153,2023-12-01,Failed,34,453.04,1,RIDER7153
7153,ORDER7154,2023-07-04,Failed,120,374.91,5,RIDER7154
7154,ORDER7155,2023-01-13,Delivered,88,373.0,3,RIDER7155
7155,ORDER7156,2023-10-27,Failed,85,166.54,1,RIDER7156
7156,ORDER7157,2023-03-15,Delivered,74,278.3,2,RIDER7157
7157,ORDER7158,2023-12-07,Failed,30,274.65,3,RIDER7158
7158,ORDER7159,2023-06-25,In Transit,45,64.71,1,RIDER7159
7159,ORDER7160,2023-04-20,Delivered,39,193.39,3,RIDER7160
7160,ORDER7161,2023-05-26,In Transit,108,495.54,3,RIDER7161
7161,ORDER7162,2023-11-22,In Transit,84,295.35,3,RIDER7162
7162,ORDER7163,2023-04-14,In Transit,37,357.03,1,RIDER7163
7163,ORDER7164,2023-03-30,Delivered,21,204.92,3,RIDER7164
7164,ORDER7165,2023-01-06,Failed,38,359.97,2,RIDER7165
7165,ORDER7166,2023-12-23,Failed,32,193.25,4,RIDER7166
7166,ORDER7167,2023-11-06,Failed,98,464.15,4,RIDER7167
7167,ORDER7168,2023-05-26,Delivered,13,155.04,1,RIDER7168
7168,ORDER7169,2023-02-14,In Transit,41,185.7,2,RIDER7169
7169,ORDER7170,2023-08-03,Delivered,38,221.75,2,RIDER7170
7170,ORDER7171,2023-01-23,Failed,89,313.6,1,RIDER7171
7171,ORDER7172,2023-11-10,Failed,13,120.74,2,RIDER7172
7172,ORDER7173,2023-07-24,Failed,34,206.56,3,RIDER7173
7173,ORDER7174,2023-01-24,Failed,17,319.07,2,RIDER7174
7174,ORDER7175,2023-02-04,Failed,69,322.99,3,RIDER7175
7175,ORDER7176,2023-10-08,Delivered,47,51.15,3,RIDER7176
7176,ORDER7177,2023-11-21,In Transit,54,457.81,2,RIDER7177
7177,ORDER7178,2023-10-15,Delivered,41,248.92,4,RIDER7178
7178,ORDER7179,2023-06-03,Failed,36,436.2,5,RIDER7179
7179,ORDER7180,2023-12-05,Failed,70,486.11,3,RIDER7180
7180,ORDER7181,2023-11-27,Failed,37,478.95,1,RIDER7181
7181,ORDER7182,2023-05-21,Delivered,118,219.78,4,RIDER7182
7182,ORDER7183,2023-12-17,In Transit,48,344.8,5,RIDER7183
7183,ORDER7184,2023-01-29,Failed,44,330.23,3,RIDER7184
7184,ORDER7185,2023-05-13,Delivered,59,295.2,4,RIDER7185
7185,ORDER7186,2023-04-15,Failed,117,406.84,5,RIDER7186
7186,ORDER7187,2023-06-30,In Transit,72,123.16,4,RIDER7187
7187,ORDER7188,2023-11-07,Delivered,49,468.19,3,RIDER7188
7188,ORDER7189,2023-10-31,Failed,111,83.74,2,RIDER7189
7189,ORDER7190,2023-02-03,Failed,99,206.79,1,RIDER7190
7190,ORDER7191,2023-05-05,In Transit,87,215.75,5,RIDER7191
7191,ORDER7192,2023-01-15,Failed,112,148.07,4,RIDER7192
7192,ORDER7193,2023-06-02,Delivered,106,265.56,3,RIDER7193
7193,ORDER7194,2023-03-06,Failed,110,109.16,1,RIDER7194
7194,ORDER7195,2023-11-10,In Transit,61,296.45,1,RIDER7195
7195,ORDER7196,2023-06-10,Delivered,23,399.3,4,RIDER7196
7196,ORDER7197,2023-07-27,In Transit,89,498.96,1,RIDER7197
7197,ORDER7198,2023-08-04,In Transit,53,253.34,3,RIDER7198
7198,ORDER7199,2023-02-09,Delivered,115,276.69,2,RIDER7199
7199,ORDER7200,2023-04-03,Delivered,112,102.44,4,RIDER7200
7200,ORDER7201,2023-09-03,Failed,119,487.06,2,RIDER7201
7201,ORDER7202,2023-04-25,Delivered,91,238.27,3,RIDER7202
7202,ORDER7203,2023-03-13,Failed,20,351.06,2,RIDER7203
7203,ORDER7204,2023-07-15,Failed,43,157.58,2,RIDER7204
7204,ORDER7205,2023-05-11,Failed,55,441.35,4,RIDER7205
7205,ORDER7206,2023-05-13,Failed,113,495.34,1,RIDER7206
7206,ORDER7207,2023-02-22,In Transit,100,86.91,1,RIDER7207
7207,ORDER7208,2023-10-02,In Transit,119,303.05,2,RIDER7208
7208,ORDER7209,2023-07-12,In Transit,85,358.25,5,RIDER7209
7209,ORDER7210,2023-07-31,In Transit,65,373.23,2,RIDER7210
7210,ORDER7211,2023-12-01,In Transit,11,264.44,4,RIDER7211
7211,ORDER7212,2023-06-13,Delivered,77,488.21,1,RIDER7212
7212,ORDER7213,2023-03-30,Failed,24,287.91,4,RIDER7213
7213,ORDER7214,2023-08-09,Delivered,54,79.77,1,RIDER7214
7214,ORDER7215,2023-04-26,Failed,42,381.87,4,RIDER7215
7215,ORDER7216,2023-07-31,Failed,32,190.14,2,RIDER7216
7216,ORDER7217,2023-10-15,In Transit,33,64.71,4,RIDER7217
7217,ORDER7218,2023-06-22,Failed,14,461.44,4,RIDER7218
7218,ORDER7219,2023-08-23,Delivered,17,116.92,2,RIDER7219
7219,ORDER7220,2023-08-18,In Transit,93,427.83,4,RIDER7220
7220,ORDER7221,2023-03-02,Delivered,53,335.3,1,RIDER7221
7221,ORDER7222,2023-08-31,Delivered,34,165.7,1,RIDER7222
7222,ORDER7223,2023-03-17,Failed,88,277.34,2,RIDER7223
7223,ORDER7224,2023-04-07,Delivered,80,365.63,5,RIDER7224
7224,ORDER7225,2023-08-23,Failed,101,75.34,3,RIDER7225
7225,ORDER7226,2023-01-24,Failed,116,285.81,3,RIDER7226
7226,ORDER7227,2023-04-17,Delivered,41,473.82,5,RIDER7227
7227,ORDER7228,2023-06-12,Delivered,120,141.93,3,RIDER7228
7228,ORDER7229,2023-04-10,Failed,75,273.33,3,RIDER7229
7229,ORDER7230,2023-12-03,Failed,57,420.86,5,RIDER7230
7230,ORDER7231,2023-04-03,In Transit,94,134.86,1,RIDER7231
7231,ORDER7232,2023-02-10,Delivered,111,490.02,2,RIDER7232
7232,ORDER7233,2023-11-10,Failed,116,194.45,1,RIDER7233
7233,ORDER7234,2023-04-01,In Transit,103,484.16,1,RIDER7234
7234,ORDER7235,2023-01-04,Delivered,42,73.27,1,RIDER7235
7235,ORDER7236,2023-03-10,Delivered,99,81.19,3,RIDER7236
7236,ORDER7237,2023-02-14,Failed,61,275.77,1,RIDER7237
7237,ORDER7238,2023-05-31,Delivered,95,169.26,4,RIDER7238
7238,ORDER7239,2023-07-17,In Transit,117,112.67,2,RIDER7239
7239,ORDER7240,2023-07-30,Delivered,57,467.03,1,RIDER7240
7240,ORDER7241,2023-07-28,In Transit,66,444.29,3,RIDER7241
7241,ORDER7242,2023-07-03,Delivered,59,183.91,4,RIDER7242
7242,ORDER7243,2023-03-11,Failed,40,439.41,3,RIDER7243
7243,ORDER7244,2023-03-08,In Transit,48,428.88,1,RIDER7244
7244,ORDER7245,2023-12-04,Delivered,59,333.67,3,RIDER7245
7245,ORDER7246,2023-06-13,Failed,91,173.83,4,RIDER7246
7246,ORDER7247,2023-01-08,In Transit,14,316.13,1,RIDER7247
7247,ORDER7248,2023-12-24,In Transit,54,291.85,2,RIDER7248
7248,ORDER7249,2023-03-05,In Transit,96,177.97,1,RIDER7249
7249,ORDER7250,2023-12-13,Delivered,33,312.31,5,RIDER7250
7250,ORDER7251,2023-04-21,In Transit,56,482.07,1,RIDER7251
7251,ORDER7252,2023-04-30,In Transit,115,125.05,4,RIDER7252
7252,ORDER7253,2023-09-27,Delivered,104,248.08,4,RIDER7253
7253,ORDER7254,2023-07-05,Delivered,59,378.5,4,RIDER7254
7254,ORDER7255,2023-03-30,Delivered,56,162.22,3,RIDER7255
7255,ORDER7256,2023-12-15,Delivered,85,327.26,4,RIDER7256
7256,ORDER7257,2023-04-23,In Transit,22,183.71,2,RIDER7257
7257,ORDER7258,2023-01-02,In Transit,14,156.83,2,RIDER7258
7258,ORDER7259,2023-03-28,Delivered,21,498.65,5,RIDER7259
7259,ORDER7260,2023-10-06,Delivered,55,226.31,4,RIDER7260
7260,ORDER7261,2023-09-22,In Transit,41,179.94,5,RIDER7261
7261,ORDER7262,2023-05-15,In Transit,36,303.21,1,RIDER7262
7262,ORDER7263,2023-11-14,In Transit,91,349.58,2,RIDER7263
7263,ORDER7264,2023-03-09,In Transit,39,121.41,3,RIDER7264
7264,ORDER7265,2023-02-12,Delivered,58,293.54,3,RIDER7265
7265,ORDER7266,2023-12-11,Failed,101,169.64,1,RIDER7266
7266,ORDER7267,2023-06-03,Failed,42,172.06,2,RIDER7267
7267,ORDER7268,2023-05-04,Delivered,34,489.5,1,RIDER7268
7268,ORDER7269,2023-11-07,In Transit,102,198.04,1,RIDER7269
7269,ORDER7270,2023-07-16,Failed,41,421.7,5,RIDER7270
7270,ORDER7271,2023-11-07,Delivered,63,367.55,1,RIDER7271
7271,ORDER7272,2023-05-31,Failed,73,122.94,2,RIDER7272
7272,ORDER7273,2023-08-17,Delivered,113,381.06,4,RIDER7273
7273,ORDER7274,2023-03-21,Delivered,32,329.29,2,RIDER7274
7274,ORDER7275,2023-01-30,In Transit,18,431.81,3,RIDER7275
7275,ORDER7276,2023-08-07,In Transit,22,432.65,5,RIDER7276
7276,ORDER7277,2023-04-22,In Transit,30,238.83,4,RIDER7277
7277,ORDER7278,2023-12-29,Delivered,11,176.53,3,RIDER7278
7278,ORDER7279,2023-06-28,Delivered,100,316.05,1,RIDER7279
7279,ORDER7280,2023-03-13,In Transit,31,396.01,1,RIDER7280
7280,ORDER7281,2023-05-12,Failed,94,354.2,1,RIDER7281
7281,ORDER7282,2023-11-08,Failed,96,116.93,5,RIDER7282
7282,ORDER7283,2023-09-11,Failed,13,438.37,5,RIDER7283
7283,ORDER7284,2023-04-10,Failed,10,343.1,5,RIDER7284
7284,ORDER7285,2023-01-11,Failed,66,230.83,1,RIDER7285
7285,ORDER7286,2023-08-23,Failed,110,132.41,1,RIDER7286
7286,ORDER7287,2023-12-08,In Transit,91,161.15,1,RIDER7287
7287,ORDER7288,2023-06-01,In Transit,77,205.27,1,RIDER7288
7288,ORDER7289,2023-11-28,Delivered,94,210.05,1,RIDER7289
7289,ORDER7290,2023-05-27,In Transit,68,188.34,4,RIDER7290
7290,ORDER7291,2023-04-28,Delivered,90,239.51,3,RIDER7291
7291,ORDER7292,2023-04-29,Failed,44,354.09,3,RIDER7292
7292,ORDER7293,2023-09-30,Delivered,65,398.55,1,RIDER7293
7293,ORDER7294,2023-01-17,In Transit,41,118.33,4,RIDER7294
7294,ORDER7295,2023-03-29,In Transit,103,147.88,5,RIDER7295
7295,ORDER7296,2023-03-01,Failed,92,322.03,5,RIDER7296
7296,ORDER7297,2023-03-14,Failed,76,376.45,2,RIDER7297
7297,ORDER7298,2023-11-03,In Transit,55,102.66,5,RIDER7298
7298,ORDER7299,2023-11-04,Delivered,41,434.36,2,RIDER7299
7299,ORDER7300,2023-09-16,Failed,30,473.31,5,RIDER7300
7300,ORDER7301,2023-04-21,Delivered,108,183.95,4,RIDER7301
7301,ORDER7302,2023-05-12,Failed,50,191.86,5,RIDER7302
7302,ORDER7303,2023-12-28,In Transit,16,279.81,4,RIDER7303
7303,ORDER7304,2023-03-06,In Transit,16,355.44,3,RIDER7304
7304,ORDER7305,2023-08-06,Failed,106,262.29,4,RIDER7305
7305,ORDER7306,2023-06-23,Failed,23,64.13,1,RIDER7306
7306,ORDER7307,2023-12-12,Failed,86,77.99,5,RIDER7307
7307,ORDER7308,2023-06-22,In Transit,61,472.74,1,RIDER7308
7308,ORDER7309,2023-04-29,In Transit,56,194.05,5,RIDER7309
7309,ORDER7310,2023-09-21,Delivered,39,242.17,1,RIDER7310
7310,ORDER7311,2023-05-02,Failed,71,183.4,2,RIDER7311
7311,ORDER7312,2023-06-12,In Transit,84,229.64,5,RIDER7312
7312,ORDER7313,2023-06-18,Delivered,62,465.83,5,RIDER7313
7313,ORDER7314,2023-10-23,Failed,27,494.75,3,RIDER7314
7314,ORDER7315,2023-01-18,Failed,53,307.54,5,RIDER7315
7315,ORDER7316,2023-03-28,In Transit,27,203.91,5,RIDER7316
7316,ORDER7317,2023-10-26,Delivered,69,291.58,3,RIDER7317
7317,ORDER7318,2023-02-07,In Transit,111,252.63,3,RIDER7318
7318,ORDER7319,2023-03-07,Failed,33,142.15,3,RIDER7319
7319,ORDER7320,2023-12-04,Failed,16,83.8,4,RIDER7320
7320,ORDER7321,2023-12-14,Delivered,110,207.22,1,RIDER7321
7321,ORDER7322,2023-07-29,Failed,82,273.75,3,RIDER7322
7322,ORDER7323,2023-09-26,Failed,38,247.77,5,RIDER7323
7323,ORDER7324,2023-04-25,In Transit,53,469.64,2,RIDER7324
7324,ORDER7325,2023-11-29,Failed,68,163.56,4,RIDER7325
7325,ORDER7326,2023-04-16,Failed,94,218.81,5,RIDER7326
7326,ORDER7327,2023-02-17,In Transit,102,145.9,1,RIDER7327
7327,ORDER7328,2023-01-25,In Transit,47,101.02,5,RIDER7328
7328,ORDER7329,2023-01-25,Delivered,50,285.65,4,RIDER7329
7329,ORDER7330,2023-04-25,Failed,94,372.99,5,RIDER7330
7330,ORDER7331,2023-07-07,Delivered,86,476.94,3,RIDER7331
7331,ORDER7332,2023-06-03,Failed,16,466.78,3,RIDER7332
7332,ORDER7333,2023-10-08,Delivered,111,344.34,4,RIDER7333
7333,ORDER7334,2023-10-23,Failed,78,487.51,5,RIDER7334
7334,ORDER7335,2023-03-26,Failed,45,283.46,4,RIDER7335
7335,ORDER7336,2023-02-22,In Transit,57,460.15,5,RIDER7336
7336,ORDER7337,2023-09-03,In Transit,56,375.06,1,RIDER7337
7337,ORDER7338,2023-06-02,In Transit,96,302.97,3,RIDER7338
7338,ORDER7339,2023-01-05,Failed,16,252.27,2,RIDER7339
7339,ORDER7340,2023-01-06,Delivered,108,244.71,1,RIDER7340
7340,ORDER7341,2023-10-14,Failed,115,171.23,1,RIDER7341
7341,ORDER7342,2023-09-26,Delivered,61,240.48,4,RIDER7342
7342,ORDER7343,2023-11-22,Failed,32,136.95,5,RIDER7343
7343,ORDER7344,2023-09-05,In Transit,85,67.64,3,RIDER7344
7344,ORDER7345,2023-11-06,Delivered,41,465.13,3,RIDER7345
7345,ORDER7346,2023-09-20,In Transit,78,363.86,2,RIDER7346
7346,ORDER7347,2023-03-24,Failed,52,67.07,4,RIDER7347
7347,ORDER7348,2023-06-14,In Transit,116,55.67,4,RIDER7348
7348,ORDER7349,2023-12-19,In Transit,91,394.16,2,RIDER7349
7349,ORDER7350,2023-09-22,Delivered,30,186.91,1,RIDER7350
7350,ORDER7351,2023-11-11,In Transit,93,369.75,4,RIDER7351
7351,ORDER7352,2023-07-22,Delivered,86,268.7,2,RIDER7352
7352,ORDER7353,2023-11-27,Delivered,22,218.86,3,RIDER7353
7353,ORDER7354,2023-06-23,In Transit,95,398.25,3,RIDER7354
7354,ORDER7355,2023-05-13,Failed,29,55.85,3,RIDER7355
7355,ORDER7356,2023-09-15,Delivered,108,173.68,4,RIDER7356
7356,ORDER7357,2023-12-05,Failed,41,189.61,4,RIDER7357
7357,ORDER7358,2023-05-30,Failed,44,273.21,5,RIDER7358
7358,ORDER7359,2023-03-12,In Transit,115,255.11,5,RIDER7359
7359,ORDER7360,2023-10-11,Delivered,36,106.49,2,RIDER7360
7360,ORDER7361,2023-03-09,Delivered,59,383.29,4,RIDER7361
7361,ORDER7362,2023-08-19,Delivered,50,314.87,1,RIDER7362
7362,ORDER7363,2023-11-03,Failed,86,90.07,1,RIDER7363
7363,ORDER7364,2023-01-03,Delivered,38,311.89,2,RIDER7364
7364,ORDER7365,2023-11-01,Failed,44,384.84,2,RIDER7365
7365,ORDER7366,2023-06-08,In Transit,63,120.25,2,RIDER7366
7366,ORDER7367,2023-07-12,Failed,107,465.24,2,RIDER7367
7367,ORDER7368,2023-12-20,Failed,79,83.66,5,RIDER7368
7368,ORDER7369,2023-03-04,In Transit,96,248.47,4,RIDER7369
7369,ORDER7370,2023-07-05,Failed,21,125.76,1,RIDER7370
7370,ORDER7371,2023-08-12,In Transit,63,359.24,2,RIDER7371
7371,ORDER7372,2023-04-04,In Transit,102,191.99,5,RIDER7372
7372,ORDER7373,2023-12-09,In Transit,65,138.32,4,RIDER7373
7373,ORDER7374,2023-11-20,Delivered,26,142.83,5,RIDER7374
7374,ORDER7375,2023-07-06,Failed,41,436.13,2,RIDER7375
7375,ORDER7376,2023-04-20,Delivered,27,152.56,4,RIDER7376
7376,ORDER7377,2023-04-11,In Transit,84,118.48,4,RIDER7377
7377,ORDER7378,2023-09-21,In Transit,75,488.89,5,RIDER7378
7378,ORDER7379,2023-07-09,Failed,54,204.02,4,RIDER7379
7379,ORDER7380,2023-02-27,Failed,62,337.21,3,RIDER7380
7380,ORDER7381,2023-02-21,In Transit,98,372.01,1,RIDER7381
7381,ORDER7382,2023-01-20,Failed,67,135.14,2,RIDER7382
7382,ORDER7383,2023-03-06,Delivered,108,184.37,2,RIDER7383
7383,ORDER7384,2023-08-21,Failed,120,163.14,2,RIDER7384
7384,ORDER7385,2023-03-03,Failed,41,417.16,1,RIDER7385
7385,ORDER7386,2023-06-23,Delivered,108,227.11,2,RIDER7386
7386,ORDER7387,2023-06-25,In Transit,43,325.3,3,RIDER7387
7387,ORDER7388,2023-07-10,Failed,83,150.66,3,RIDER7388
7388,ORDER7389,2023-07-15,Failed,43,119.29,4,RIDER7389
7389,ORDER7390,2023-09-05,Delivered,118,116.67,1,RIDER7390
7390,ORDER7391,2023-12-09,Failed,89,132.25,3,RIDER7391
7391,ORDER7392,2023-09-13,In Transit,65,170.22,3,RIDER7392
7392,ORDER7393,2023-04-16,Failed,104,213.9,4,RIDER7393
7393,ORDER7394,2023-06-30,In Transit,69,345.39,3,RIDER7394
7394,ORDER7395,2023-05-10,In Transit,52,119.01,1,RIDER7395
7395,ORDER7396,2023-05-22,In Transit,115,424.56,3,RIDER7396
7396,ORDER7397,2023-06-21,Delivered,62,464.31,2,RIDER7397
7397,ORDER7398,2023-12-28,Failed,101,348.58,3,RIDER7398
7398,ORDER7399,2023-12-21,In Transit,26,73.66,5,RIDER7399
7399,ORDER7400,2023-10-28,Delivered,47,62.25,3,RIDER7400
7400,ORDER7401,2023-07-21,Delivered,12,69.61,4,RIDER7401
7401,ORDER7402,2023-04-05,In Transit,106,423.06,3,RIDER7402
7402,ORDER7403,2023-04-17,Failed,85,285.29,5,RIDER7403
7403,ORDER7404,2023-08-18,Failed,37,480.09,1,RIDER7404
7404,ORDER7405,2023-10-19,Failed,82,309.36,4,RIDER7405
7405,ORDER7406,2023-02-17,Failed,29,249.17,4,RIDER7406
7406,ORDER7407,2023-10-15,Failed,15,192.68,2,RIDER7407
7407,ORDER7408,2023-10-18,Failed,77,335.2,2,RIDER7408
7408,ORDER7409,2023-08-04,In Transit,92,252.28,1,RIDER7409
7409,ORDER7410,2023-07-02,Delivered,93,209.54,5,RIDER7410
7410,ORDER7411,2023-10-22,In Transit,32,457.41,1,RIDER7411
7411,ORDER7412,2023-03-25,In Transit,78,167.55,3,RIDER7412
7412,ORDER7413,2023-01-31,Delivered,49,414.99,3,RIDER7413
7413,ORDER7414,2023-04-14,In Transit,92,155.03,2,RIDER7414
7414,ORDER7415,2023-11-04,In Transit,74,317.43,3,RIDER7415
7415,ORDER7416,2023-03-23,In Transit,25,81.35,4,RIDER7416
7416,ORDER7417,2023-03-22,Delivered,42,463.77,1,RIDER7417
7417,ORDER7418,2023-05-12,Failed,56,365.25,3,RIDER7418
7418,ORDER7419,2023-03-30,In Transit,69,50.24,2,RIDER7419
7419,ORDER7420,2023-03-02,In Transit,39,177.05,1,RIDER7420
7420,ORDER7421,2023-05-03,In Transit,20,452.9,4,RIDER7421
7421,ORDER7422,2023-07-14,Delivered,74,172.15,1,RIDER7422
7422,ORDER7423,2023-04-22,Delivered,40,149.25,4,RIDER7423
7423,ORDER7424,2023-04-25,Delivered,18,70.51,4,RIDER7424
7424,ORDER7425,2023-05-13,In Transit,71,235.75,3,RIDER7425
7425,ORDER7426,2023-01-24,Delivered,106,262.16,2,RIDER7426
7426,ORDER7427,2023-01-08,Delivered,39,286.25,2,RIDER7427
7427,ORDER7428,2023-06-18,Failed,64,403.16,5,RIDER7428
7428,ORDER7429,2023-06-14,In Transit,62,363.16,4,RIDER7429
7429,ORDER7430,2023-07-18,Delivered,58,354.02,2,RIDER7430
7430,ORDER7431,2023-06-30,Delivered,26,477.56,4,RIDER7431
7431,ORDER7432,2023-08-31,Delivered,104,91.39,2,RIDER7432
7432,ORDER7433,2023-04-20,In Transit,31,144.81,5,RIDER7433
7433,ORDER7434,2023-08-20,In Transit,60,76.51,1,RIDER7434
7434,ORDER7435,2023-10-29,In Transit,22,313.16,3,RIDER7435
7435,ORDER7436,2023-10-05,In Transit,119,180.15,3,RIDER7436
7436,ORDER7437,2023-04-25,In Transit,26,248.62,1,RIDER7437
7437,ORDER7438,2023-06-08,Delivered,35,418.61,1,RIDER7438
7438,ORDER7439,2023-10-19,In Transit,105,266.69,3,RIDER7439
7439,ORDER7440,2023-10-23,Failed,34,375.74,4,RIDER7440
7440,ORDER7441,2023-01-21,Delivered,49,129.71,3,RIDER7441
7441,ORDER7442,2023-09-24,Failed,42,193.53,3,RIDER7442
7442,ORDER7443,2023-05-28,Failed,47,121.86,5,RIDER7443
7443,ORDER7444,2023-01-23,Failed,62,439.66,1,RIDER7444
7444,ORDER7445,2023-08-13,Failed,100,439.31,4,RIDER7445
7445,ORDER7446,2023-07-03,In Transit,31,337.92,1,RIDER7446
7446,ORDER7447,2023-03-13,In Transit,106,471.03,2,RIDER7447
7447,ORDER7448,2023-08-14,Failed,71,492.79,2,RIDER7448
7448,ORDER7449,2023-02-27,Failed,79,186.01,3,RIDER7449
7449,ORDER7450,2023-07-28,In Transit,82,427.5,5,RIDER7450
7450,ORDER7451,2023-08-06,Failed,65,416.09,4,RIDER7451
7451,ORDER7452,2023-09-28,Failed,83,274.53,3,RIDER7452
7452,ORDER7453,2023-02-03,In Transit,20,58.44,4,RIDER7453
7453,ORDER7454,2023-02-14,Failed,91,177.36,5,RIDER7454
7454,ORDER7455,2023-12-29,Delivered,57,209.9,2,RIDER7455
7455,ORDER7456,2023-03-12,Failed,60,469.85,4,RIDER7456
7456,ORDER7457,2023-01-30,In Transit,109,72.85,2,RIDER7457
7457,ORDER7458,2023-03-16,Failed,59,448.51,1,RIDER7458
7458,ORDER7459,2023-06-13,Failed,87,130.34,1,RIDER7459
7459,ORDER7460,2023-05-03,Delivered,46,491.8,4,RIDER7460
7460,ORDER7461,2023-01-11,Delivered,72,198.11,2,RIDER7461
7461,ORDER7462,2023-12-23,Failed,12,78.67,4,RIDER7462
7462,ORDER7463,2023-08-09,Failed,55,104.02,2,RIDER7463
7463,ORDER7464,2023-05-26,Delivered,109,153.1,4,RIDER7464
7464,ORDER7465,2023-03-05,Failed,60,427.98,5,RIDER7465
7465,ORDER7466,2023-09-16,In Transit,101,111.52,1,RIDER7466
7466,ORDER7467,2023-06-07,Failed,66,388.33,2,RIDER7467
7467,ORDER7468,2023-02-03,In Transit,70,308.19,3,RIDER7468
7468,ORDER7469,2023-11-10,Failed,15,54.61,3,RIDER7469
7469,ORDER7470,2023-05-30,In Transit,98,80.05,4,RIDER7470
7470,ORDER7471,2023-05-06,In Transit,21,124.4,4,RIDER7471
7471,ORDER7472,2023-02-06,Failed,105,176.95,3,RIDER7472
7472,ORDER7473,2023-07-23,Failed,10,212.48,4,RIDER7473
7473,ORDER7474,2023-10-24,In Transit,88,297.6,5,RIDER7474
7474,ORDER7475,2023-09-07,In Transit,25,485.3,5,RIDER7475
7475,ORDER7476,2023-01-27,Failed,40,460.28,3,RIDER7476
7476,ORDER7477,2023-06-27,Failed,41,330.06,5,RIDER7477
7477,ORDER7478,2023-04-16,In Transit,86,161.72,1,RIDER7478
7478,ORDER7479,2023-06-12,Delivered,90,280.81,1,RIDER7479
7479,ORDER7480,2023-04-04,In Transit,58,166.66,5,RIDER7480
7480,ORDER7481,2023-11-19,In Transit,116,268.7,5,RIDER7481
7481,ORDER7482,2023-01-11,In Transit,86,270.79,5,RIDER7482
7482,ORDER7483,2023-02-24,Delivered,91,168.16,3,RIDER7483
7483,ORDER7484,2023-01-19,In Transit,67,307.28,2,RIDER7484
7484,ORDER7485,2023-02-18,Failed,25,397.0,2,RIDER7485
7485,ORDER7486,2023-01-27,Delivered,78,465.31,4,RIDER7486
7486,ORDER7487,2023-06-12,Failed,90,315.23,3,RIDER7487
7487,ORDER7488,2023-09-11,Failed,116,98.86,1,RIDER7488
7488,ORDER7489,2023-12-16,In Transit,58,391.62,3,RIDER7489
7489,ORDER7490,2023-07-31,Failed,24,208.12,5,RIDER7490
7490,ORDER7491,2023-09-24,In Transit,55,316.27,5,RIDER7491
7491,ORDER7492,2023-06-17,In Transit,120,176.84,5,RIDER7492
7492,ORDER7493,2023-05-07,Delivered,60,229.31,5,RIDER7493
7493,ORDER7494,2023-01-14,Failed,32,133.04,5,RIDER7494
7494,ORDER7495,2023-03-14,In Transit,97,303.44,5,RIDER7495
7495,ORDER7496,2023-04-26,Failed,17,131.45,3,RIDER7496
7496,ORDER7497,2023-03-01,Delivered,66,57.6,4,RIDER7497
7497,ORDER7498,2023-07-06,In Transit,89,69.67,4,RIDER7498
7498,ORDER7499,2023-04-03,In Transit,68,413.08,1,RIDER7499
7499,ORDER7500,2023-02-04,Delivered,62,387.39,2,RIDER7500
7500,ORDER7501,2023-08-30,Failed,59,258.99,5,RIDER7501
7501,ORDER7502,2023-10-30,Delivered,101,311.97,4,RIDER7502
7502,ORDER7503,2023-03-21,Failed,93,450.23,5,RIDER7503
7503,ORDER7504,2023-11-07,Delivered,73,331.57,1,RIDER7504
7504,ORDER7505,2023-05-11,In Transit,20,272.16,2,RIDER7505
7505,ORDER7506,2023-12-16,In Transit,31,410.65,1,RIDER7506
7506,ORDER7507,2023-03-18,Delivered,46,157.83,1,RIDER7507
7507,ORDER7508,2023-12-01,Failed,104,463.73,5,RIDER7508
7508,ORDER7509,2023-07-19,Failed,12,224.83,1,RIDER7509
7509,ORDER7510,2023-09-25,Failed,43,381.22,3,RIDER7510
7510,ORDER7511,2023-05-08,Failed,43,421.58,1,RIDER7511
7511,ORDER7512,2023-05-25,In Transit,26,202.17,5,RIDER7512
7512,ORDER7513,2023-11-13,Failed,79,170.37,5,RIDER7513
7513,ORDER7514,2023-09-22,Delivered,39,79.72,2,RIDER7514
7514,ORDER7515,2023-06-07,In Transit,92,192.67,5,RIDER7515
7515,ORDER7516,2023-01-20,Failed,88,453.13,3,RIDER7516
7516,ORDER7517,2023-05-30,In Transit,59,285.75,2,RIDER7517
7517,ORDER7518,2023-02-11,Delivered,113,389.68,2,RIDER7518
7518,ORDER7519,2023-03-24,Delivered,119,397.45,3,RIDER7519
7519,ORDER7520,2023-06-17,Failed,49,411.05,4,RIDER7520
7520,ORDER7521,2023-07-22,Failed,76,371.14,5,RIDER7521
7521,ORDER7522,2023-11-23,Failed,118,74.91,2,RIDER7522
7522,ORDER7523,2023-05-28,Failed,76,432.67,4,RIDER7523
7523,ORDER7524,2023-02-24,Delivered,15,299.75,4,RIDER7524
7524,ORDER7525,2023-12-24,In Transit,118,158.22,2,RIDER7525
7525,ORDER7526,2023-10-09,In Transit,45,318.97,2,RIDER7526
7526,ORDER7527,2023-12-19,In Transit,87,422.11,4,RIDER7527
7527,ORDER7528,2023-08-01,In Transit,104,400.03,4,RIDER7528
7528,ORDER7529,2023-12-28,Delivered,22,222.02,5,RIDER7529
7529,ORDER7530,2023-05-31,Failed,25,277.45,2,RIDER7530
7530,ORDER7531,2023-03-26,In Transit,91,324.79,3,RIDER7531
7531,ORDER7532,2023-10-16,In Transit,88,318.94,3,RIDER7532
7532,ORDER7533,2023-08-06,In Transit,109,434.19,3,RIDER7533
7533,ORDER7534,2023-05-29,Delivered,41,161.15,2,RIDER7534
7534,ORDER7535,2023-06-20,Failed,99,76.92,5,RIDER7535
7535,ORDER7536,2023-10-31,Delivered,50,126.53,4,RIDER7536
7536,ORDER7537,2023-08-19,Delivered,51,116.0,5,RIDER7537
7537,ORDER7538,2023-12-25,Delivered,42,137.72,5,RIDER7538
7538,ORDER7539,2023-06-27,Delivered,109,420.4,2,RIDER7539
7539,ORDER7540,2023-06-24,Delivered,45,222.48,3,RIDER7540
7540,ORDER7541,2023-11-11,In Transit,16,186.7,3,RIDER7541
7541,ORDER7542,2023-09-23,In Transit,10,360.22,5,RIDER7542
7542,ORDER7543,2023-08-12,Failed,57,418.39,2,RIDER7543
7543,ORDER7544,2023-08-08,In Transit,115,110.08,2,RIDER7544
7544,ORDER7545,2023-01-15,In Transit,92,492.1,2,RIDER7545
7545,ORDER7546,2023-02-11,In Transit,34,268.54,2,RIDER7546
7546,ORDER7547,2023-03-28,Failed,110,230.97,1,RIDER7547
7547,ORDER7548,2023-09-10,In Transit,91,470.58,2,RIDER7548
7548,ORDER7549,2023-12-02,In Transit,56,445.84,5,RIDER7549
7549,ORDER7550,2023-01-15,Failed,75,142.83,5,RIDER7550
7550,ORDER7551,2023-01-20,In Transit,89,373.85,2,RIDER7551
7551,ORDER7552,2023-08-02,Failed,30,220.26,2,RIDER7552
7552,ORDER7553,2023-08-15,In Transit,107,353.76,3,RIDER7553
7553,ORDER7554,2023-04-21,Delivered,112,382.37,2,RIDER7554
7554,ORDER7555,2023-09-23,In Transit,108,205.99,4,RIDER7555
7555,ORDER7556,2023-08-09,Failed,57,311.67,5,RIDER7556
7556,ORDER7557,2023-12-26,In Transit,88,312.63,5,RIDER7557
7557,ORDER7558,2023-08-31,Delivered,34,420.35,1,RIDER7558
7558,ORDER7559,2023-05-21,Failed,29,300.15,1,RIDER7559
7559,ORDER7560,2023-11-11,Failed,62,178.46,5,RIDER7560
7560,ORDER7561,2023-06-08,Delivered,46,158.2,3,RIDER7561
7561,ORDER7562,2023-05-05,Failed,49,452.29,4,RIDER7562
7562,ORDER7563,2023-10-13,In Transit,92,385.76,4,RIDER7563
7563,ORDER7564,2023-11-27,Failed,65,269.78,3,RIDER7564
7564,ORDER7565,2023-06-06,Failed,42,70.73,1,RIDER7565
7565,ORDER7566,2023-02-11,Delivered,25,394.47,5,RIDER7566
7566,ORDER7567,2023-04-26,In Transit,46,167.87,1,RIDER7567
7567,ORDER7568,2023-07-09,In Transit,73,123.92,5,RIDER7568
7568,ORDER7569,2023-11-04,In Transit,91,141.91,1,RIDER7569
7569,ORDER7570,2023-10-23,In Transit,68,245.28,1,RIDER7570
7570,ORDER7571,2023-11-17,Failed,26,441.19,4,RIDER7571
7571,ORDER7572,2023-02-13,Delivered,116,294.14,2,RIDER7572
7572,ORDER7573,2023-03-03,Delivered,79,88.92,2,RIDER7573
7573,ORDER7574,2023-12-19,Failed,10,140.1,1,RIDER7574
7574,ORDER7575,2023-11-08,Delivered,15,255.55,4,RIDER7575
7575,ORDER7576,2023-06-30,In Transit,91,83.06,3,RIDER7576
7576,ORDER7577,2023-08-09,Delivered,28,219.34,2,RIDER7577
7577,ORDER7578,2023-03-05,In Transit,54,352.53,5,RIDER7578
7578,ORDER7579,2023-09-05,Delivered,93,426.28,4,RIDER7579
7579,ORDER7580,2023-08-29,Delivered,47,303.64,4,RIDER7580
7580,ORDER7581,2023-08-27,In Transit,54,412.42,5,RIDER7581
7581,ORDER7582,2023-02-13,In Transit,86,300.5,3,RIDER7582
7582,ORDER7583,2023-02-23,In Transit,25,481.27,4,RIDER7583
7583,ORDER7584,2023-01-20,Failed,51,219.09,4,RIDER7584
7584,ORDER7585,2023-09-29,In Transit,38,138.01,3,RIDER7585
7585,ORDER7586,2023-03-12,Failed,89,76.43,5,RIDER7586
7586,ORDER7587,2023-12-03,In Transit,38,175.35,1,RIDER7587
7587,ORDER7588,2023-12-06,In Transit,40,163.08,5,RIDER7588
7588,ORDER7589,2023-05-26,In Transit,118,182.3,1,RIDER7589
7589,ORDER7590,2023-10-25,In Transit,14,183.38,3,RIDER7590
7590,ORDER7591,2023-10-26,Delivered,18,221.95,4,RIDER7591
7591,ORDER7592,2023-03-14,In Transit,66,110.4,5,RIDER7592
7592,ORDER7593,2023-07-10,In Transit,38,380.18,4,RIDER7593
7593,ORDER7594,2023-12-11,Failed,76,470.54,4,RIDER7594
7594,ORDER7595,2023-12-12,In Transit,101,401.42,2,RIDER7595
7595,ORDER7596,2023-01-26,In Transit,71,313.28,5,RIDER7596
7596,ORDER7597,2023-12-05,In Transit,117,346.92,5,RIDER7597
7597,ORDER7598,2023-08-06,Failed,98,248.05,3,RIDER7598
7598,ORDER7599,2023-08-23,Failed,63,76.51,1,RIDER7599
7599,ORDER7600,2023-02-19,Delivered,31,365.25,1,RIDER7600
7600,ORDER7601,2023-05-11,Failed,84,240.66,3,RIDER7601
7601,ORDER7602,2023-01-30,In Transit,50,437.34,4,RIDER7602
7602,ORDER7603,2023-08-23,In Transit,23,475.32,2,RIDER7603
7603,ORDER7604,2023-08-11,Delivered,64,469.83,1,RIDER7604
7604,ORDER7605,2023-09-29,Delivered,23,442.42,4,RIDER7605
7605,ORDER7606,2023-09-14,In Transit,108,247.89,2,RIDER7606
7606,ORDER7607,2023-10-10,In Transit,15,374.64,3,RIDER7607
7607,ORDER7608,2023-11-02,Failed,13,202.83,5,RIDER7608
7608,ORDER7609,2023-09-04,In Transit,25,373.54,5,RIDER7609
7609,ORDER7610,2023-11-05,Failed,56,201.9,4,RIDER7610
7610,ORDER7611,2023-11-15,In Transit,94,359.74,1,RIDER7611
7611,ORDER7612,2023-04-07,Delivered,48,197.41,2,RIDER7612
7612,ORDER7613,2023-09-04,Failed,114,313.19,5,RIDER7613
7613,ORDER7614,2023-09-03,In Transit,92,380.07,1,RIDER7614
7614,ORDER7615,2023-04-02,Failed,105,363.57,4,RIDER7615
7615,ORDER7616,2023-07-25,In Transit,117,340.16,4,RIDER7616
7616,ORDER7617,2023-04-26,In Transit,119,397.92,3,RIDER7617
7617,ORDER7618,2023-02-21,Delivered,99,347.55,4,RIDER7618
7618,ORDER7619,2023-09-02,Failed,29,195.88,4,RIDER7619
7619,ORDER7620,2023-01-01,Delivered,41,102.49,4,RIDER7620
7620,ORDER7621,2023-07-11,Failed,99,454.08,1,RIDER7621
7621,ORDER7622,2023-05-05,Failed,37,197.5,2,RIDER7622
7622,ORDER7623,2023-08-04,Failed,18,242.69,4,RIDER7623
7623,ORDER7624,2023-11-22,In Transit,110,199.17,2,RIDER7624
7624,ORDER7625,2023-04-22,In Transit,102,216.16,3,RIDER7625
7625,ORDER7626,2023-06-03,Failed,40,414.5,2,RIDER7626
7626,ORDER7627,2023-10-24,Failed,74,328.55,1,RIDER7627
7627,ORDER7628,2023-09-04,Delivered,101,422.48,4,RIDER7628
7628,ORDER7629,2023-11-06,Failed,83,499.31,3,RIDER7629
7629,ORDER7630,2023-05-27,Failed,58,263.36,3,RIDER7630
7630,ORDER7631,2023-01-07,In Transit,56,137.81,3,RIDER7631
7631,ORDER7632,2023-01-06,Delivered,89,66.41,4,RIDER7632
7632,ORDER7633,2023-12-04,In Transit,20,438.76,2,RIDER7633
7633,ORDER7634,2023-11-07,Failed,31,126.82,2,RIDER7634
7634,ORDER7635,2023-11-11,In Transit,31,214.46,5,RIDER7635
7635,ORDER7636,2023-08-07,Delivered,69,324.83,2,RIDER7636
7636,ORDER7637,2023-08-22,Delivered,62,101.52,2,RIDER7637
7637,ORDER7638,2023-10-14,Delivered,28,377.91,1,RIDER7638
7638,ORDER7639,2023-03-10,Failed,88,224.51,5,RIDER7639
7639,ORDER7640,2023-08-04,In Transit,116,130.55,4,RIDER7640
7640,ORDER7641,2023-08-31,In Transit,13,411.37,3,RIDER7641
7641,ORDER7642,2023-05-08,In Transit,63,356.78,1,RIDER7642
7642,ORDER7643,2023-07-11,In Transit,118,289.03,2,RIDER7643
7643,ORDER7644,2023-10-12,Delivered,106,254.31,5,RIDER7644
7644,ORDER7645,2023-07-16,Failed,78,415.8,3,RIDER7645
7645,ORDER7646,2023-03-13,In Transit,31,463.76,3,RIDER7646
7646,ORDER7647,2023-03-21,Failed,110,326.88,3,RIDER7647
7647,ORDER7648,2023-12-03,In Transit,120,187.53,5,RIDER7648
7648,ORDER7649,2023-02-04,Failed,28,251.59,4,RIDER7649
7649,ORDER7650,2023-12-31,Failed,53,349.31,2,RIDER7650
7650,ORDER7651,2023-10-14,Delivered,107,253.83,5,RIDER7651
7651,ORDER7652,2023-02-18,Failed,62,219.96,3,RIDER7652
7652,ORDER7653,2023-01-20,Failed,59,443.37,1,RIDER7653
7653,ORDER7654,2023-10-03,Failed,66,84.77,1,RIDER7654
7654,ORDER7655,2023-10-16,In Transit,82,483.41,5,RIDER7655
7655,ORDER7656,2023-03-16,Failed,84,390.59,5,RIDER7656
7656,ORDER7657,2023-03-11,Delivered,72,315.85,1,RIDER7657
7657,ORDER7658,2023-10-09,Failed,99,389.07,1,RIDER7658
7658,ORDER7659,2023-06-03,Delivered,82,134.19,4,RIDER7659
7659,ORDER7660,2023-10-04,Delivered,85,498.18,4,RIDER7660
7660,ORDER7661,2023-03-10,In Transit,23,213.18,2,RIDER7661
7661,ORDER7662,2023-04-09,In Transit,49,417.2,1,RIDER7662
7662,ORDER7663,2023-03-23,Delivered,29,378.88,3,RIDER7663
7663,ORDER7664,2023-07-23,Failed,46,284.3,4,RIDER7664
7664,ORDER7665,2023-11-27,In Transit,80,84.48,2,RIDER7665
7665,ORDER7666,2023-01-06,Failed,27,483.05,4,RIDER7666
7666,ORDER7667,2023-11-25,Failed,79,466.46,1,RIDER7667
7667,ORDER7668,2023-02-25,Failed,43,85.99,4,RIDER7668
7668,ORDER7669,2023-12-30,Delivered,110,155.87,4,RIDER7669
7669,ORDER7670,2023-06-06,Failed,117,453.05,3,RIDER7670
7670,ORDER7671,2023-06-18,Delivered,82,206.8,2,RIDER7671
7671,ORDER7672,2023-02-10,In Transit,112,303.99,1,RIDER7672
7672,ORDER7673,2023-11-19,In Transit,71,336.05,4,RIDER7673
7673,ORDER7674,2023-05-18,In Transit,65,261.21,1,RIDER7674
7674,ORDER7675,2023-07-21,Failed,31,198.86,2,RIDER7675
7675,ORDER7676,2023-01-19,Delivered,110,160.51,2,RIDER7676
7676,ORDER7677,2023-04-30,Failed,45,147.01,5,RIDER7677
7677,ORDER7678,2023-11-02,Failed,66,360.55,2,RIDER7678
7678,ORDER7679,2023-10-28,Delivered,111,311.17,5,RIDER7679
7679,ORDER7680,2023-03-21,Delivered,75,73.47,5,RIDER7680
7680,ORDER7681,2023-06-28,Failed,31,254.07,5,RIDER7681
7681,ORDER7682,2023-09-16,Failed,19,139.22,5,RIDER7682
7682,ORDER7683,2023-06-30,Failed,46,435.29,4,RIDER7683
7683,ORDER7684,2023-04-14,Failed,91,309.36,5,RIDER7684
7684,ORDER7685,2023-01-24,Delivered,58,90.45,1,RIDER7685
7685,ORDER7686,2023-06-12,Delivered,11,307.92,4,RIDER7686
7686,ORDER7687,2023-03-11,In Transit,32,395.02,2,RIDER7687
7687,ORDER7688,2023-02-16,Delivered,65,487.38,2,RIDER7688
7688,ORDER7689,2023-08-23,In Transit,44,114.2,3,RIDER7689
7689,ORDER7690,2023-11-20,Delivered,46,465.75,5,RIDER7690
7690,ORDER7691,2023-01-11,Delivered,27,109.93,5,RIDER7691
7691,ORDER7692,2023-08-02,Failed,54,337.48,1,RIDER7692
7692,ORDER7693,2023-03-12,In Transit,73,65.79,4,RIDER7693
7693,ORDER7694,2023-08-15,In Transit,87,495.22,1,RIDER7694
7694,ORDER7695,2023-01-03,Delivered,22,66.02,2,RIDER7695
7695,ORDER7696,2023-02-24,Delivered,15,185.91,1,RIDER7696
7696,ORDER7697,2023-07-06,Delivered,42,135.07,2,RIDER7697
7697,ORDER7698,2023-06-23,Failed,46,297.75,5,RIDER7698
7698,ORDER7699,2023-03-07,In Transit,80,72.72,1,RIDER7699
7699,ORDER7700,2023-08-03,Delivered,89,465.6,1,RIDER7700
7700,ORDER7701,2023-08-10,Delivered,76,155.96,1,RIDER7701
7701,ORDER7702,2023-01-20,In Transit,108,114.97,3,RIDER7702
7702,ORDER7703,2023-06-02,Failed,42,476.02,3,RIDER7703
7703,ORDER7704,2023-03-14,Delivered,59,361.15,1,RIDER7704
7704,ORDER7705,2023-01-11,In Transit,100,253.55,2,RIDER7705
7705,ORDER7706,2023-11-24,Failed,99,55.16,5,RIDER7706
7706,ORDER7707,2023-11-28,Failed,23,486.96,2,RIDER7707
7707,ORDER7708,2023-12-30,Delivered,116,268.39,3,RIDER7708
7708,ORDER7709,2023-01-15,Delivered,31,353.33,5,RIDER7709
7709,ORDER7710,2023-07-22,Delivered,38,98.12,5,RIDER7710
7710,ORDER7711,2023-03-09,Delivered,94,480.88,2,RIDER7711
7711,ORDER7712,2023-08-18,Delivered,92,391.66,3,RIDER7712
7712,ORDER7713,2023-10-15,In Transit,18,461.37,2,RIDER7713
7713,ORDER7714,2023-11-08,Delivered,107,110.61,1,RIDER7714
7714,ORDER7715,2023-12-09,Delivered,85,266.0,2,RIDER7715
7715,ORDER7716,2023-10-16,In Transit,91,329.83,2,RIDER7716
7716,ORDER7717,2023-08-31,Delivered,85,498.26,2,RIDER7717
7717,ORDER7718,2023-05-13,In Transit,35,356.19,1,RIDER7718
7718,ORDER7719,2023-05-18,In Transit,63,341.06,3,RIDER7719
7719,ORDER7720,2023-11-19,In Transit,51,427.61,5,RIDER7720
7720,ORDER7721,2023-02-10,Delivered,49,262.54,2,RIDER7721
7721,ORDER7722,2023-07-29,In Transit,108,118.88,4,RIDER7722
7722,ORDER7723,2023-06-13,Delivered,39,257.53,3,RIDER7723
7723,ORDER7724,2023-03-20,Failed,67,71.08,4,RIDER7724
7724,ORDER7725,2023-12-11,In Transit,72,481.12,1,RIDER7725
7725,ORDER7726,2023-11-21,Delivered,117,93.08,5,RIDER7726
7726,ORDER7727,2023-12-28,Delivered,62,269.09,4,RIDER7727
7727,ORDER7728,2023-06-15,In Transit,14,330.49,2,RIDER7728
7728,ORDER7729,2023-09-09,In Transit,67,228.29,5,RIDER7729
7729,ORDER7730,2023-07-03,In Transit,18,201.11,2,RIDER7730
7730,ORDER7731,2023-04-16,In Transit,84,363.18,2,RIDER7731
7731,ORDER7732,2023-08-21,Failed,48,473.75,5,RIDER7732
7732,ORDER7733,2023-01-05,In Transit,74,484.92,3,RIDER7733
7733,ORDER7734,2023-02-24,Failed,29,110.45,4,RIDER7734
7734,ORDER7735,2023-08-09,In Transit,44,116.32,4,RIDER7735
7735,ORDER7736,2023-01-11,Delivered,75,195.14,4,RIDER7736
7736,ORDER7737,2023-05-07,In Transit,45,498.97,4,RIDER7737
7737,ORDER7738,2023-02-13,In Transit,33,264.05,4,RIDER7738
7738,ORDER7739,2023-11-21,In Transit,84,102.57,4,RIDER7739
7739,ORDER7740,2023-12-21,Failed,53,341.69,1,RIDER7740
7740,ORDER7741,2023-04-26,Failed,52,327.61,2,RIDER7741
7741,ORDER7742,2023-10-10,Failed,103,210.13,4,RIDER7742
7742,ORDER7743,2023-03-23,In Transit,116,141.92,3,RIDER7743
7743,ORDER7744,2023-11-29,Failed,115,467.43,2,RIDER7744
7744,ORDER7745,2023-12-30,In Transit,53,428.64,3,RIDER7745
7745,ORDER7746,2023-05-20,Delivered,69,302.45,3,RIDER7746
7746,ORDER7747,2023-03-16,Delivered,65,136.39,3,RIDER7747
7747,ORDER7748,2023-08-04,Delivered,62,345.83,3,RIDER7748
7748,ORDER7749,2023-07-16,Failed,21,197.62,4,RIDER7749
7749,ORDER7750,2023-12-25,Failed,15,380.77,3,RIDER7750
7750,ORDER7751,2023-06-29,Failed,23,233.35,1,RIDER7751
7751,ORDER7752,2023-02-02,In Transit,62,323.32,3,RIDER7752
7752,ORDER7753,2023-07-08,In Transit,52,240.14,2,RIDER7753
7753,ORDER7754,2023-10-24,Delivered,18,478.26,2,RIDER7754
7754,ORDER7755,2023-10-02,Failed,76,55.81,1,RIDER7755
7755,ORDER7756,2023-07-11,In Transit,87,51.22,4,RIDER7756
7756,ORDER7757,2023-08-08,Delivered,81,77.87,1,RIDER7757
7757,ORDER7758,2023-04-23,In Transit,100,79.23,2,RIDER7758
7758,ORDER7759,2023-04-11,In Transit,28,205.39,5,RIDER7759
7759,ORDER7760,2023-05-20,Failed,12,461.3,5,RIDER7760
7760,ORDER7761,2023-02-22,Delivered,72,67.85,1,RIDER7761
7761,ORDER7762,2023-03-08,In Transit,38,67.62,3,RIDER7762
7762,ORDER7763,2023-03-12,In Transit,119,270.49,3,RIDER7763
7763,ORDER7764,2023-07-15,In Transit,35,369.58,4,RIDER7764
7764,ORDER7765,2023-11-04,Delivered,25,103.37,5,RIDER7765
7765,ORDER7766,2023-10-15,In Transit,91,71.68,5,RIDER7766
7766,ORDER7767,2023-12-31,Delivered,115,150.98,4,RIDER7767
7767,ORDER7768,2023-06-26,In Transit,29,418.02,2,RIDER7768
7768,ORDER7769,2023-08-13,Delivered,14,176.34,2,RIDER7769
7769,ORDER7770,2023-09-19,Delivered,58,300.36,5,RIDER7770
7770,ORDER7771,2023-04-30,In Transit,12,410.45,3,RIDER7771
7771,ORDER7772,2023-11-13,Failed,61,263.51,3,RIDER7772
7772,ORDER7773,2023-01-06,Failed,31,134.12,2,RIDER7773
7773,ORDER7774,2023-03-24,Delivered,24,350.86,3,RIDER7774
7774,ORDER7775,2023-02-20,Delivered,59,96.8,2,RIDER7775
7775,ORDER7776,2023-06-28,In Transit,16,72.81,3,RIDER7776
7776,ORDER7777,2023-09-27,Delivered,58,423.12,1,RIDER7777
7777,ORDER7778,2023-11-08,Delivered,82,204.33,3,RIDER7778
7778,ORDER7779,2023-01-06,Failed,84,285.4,3,RIDER7779
7779,ORDER7780,2023-04-25,In Transit,43,250.02,1,RIDER7780
7780,ORDER7781,2023-01-25,Failed,62,462.34,5,RIDER7781
7781,ORDER7782,2023-11-10,Failed,26,454.7,2,RIDER7782
7782,ORDER7783,2023-01-14,Delivered,38,467.53,2,RIDER7783
7783,ORDER7784,2023-04-28,In Transit,77,57.11,3,RIDER7784
7784,ORDER7785,2023-05-29,Failed,11,302.71,3,RIDER7785
7785,ORDER7786,2023-10-23,Failed,20,319.23,3,RIDER7786
7786,ORDER7787,2023-01-29,Delivered,13,99.84,2,RIDER7787
7787,ORDER7788,2023-01-24,Delivered,13,74.19,3,RIDER7788
7788,ORDER7789,2023-01-10,In Transit,31,102.54,2,RIDER7789
7789,ORDER7790,2023-03-11,In Transit,36,349.35,1,RIDER7790
7790,ORDER7791,2023-04-27,Delivered,98,180.83,5,RIDER7791
7791,ORDER7792,2023-07-30,Failed,31,92.27,3,RIDER7792
7792,ORDER7793,2023-07-11,Delivered,84,242.43,3,RIDER7793
7793,ORDER7794,2023-04-20,Failed,56,495.23,1,RIDER7794
7794,ORDER7795,2023-07-09,In Transit,36,374.19,1,RIDER7795
7795,ORDER7796,2023-04-20,Failed,98,456.56,3,RIDER7796
7796,ORDER7797,2023-01-09,In Transit,99,390.34,3,RIDER7797
7797,ORDER7798,2023-12-11,Failed,113,347.82,1,RIDER7798
7798,ORDER7799,2023-06-25,Delivered,115,365.05,2,RIDER7799
7799,ORDER7800,2023-11-15,Delivered,50,282.2,2,RIDER7800
7800,ORDER7801,2023-04-16,In Transit,76,277.76,3,RIDER7801
7801,ORDER7802,2023-03-17,Failed,50,260.33,1,RIDER7802
7802,ORDER7803,2023-07-08,Failed,13,183.71,3,RIDER7803
7803,ORDER7804,2023-07-12,Failed,47,284.4,3,RIDER7804
7804,ORDER7805,2023-11-25,Delivered,118,450.9,1,RIDER7805
7805,ORDER7806,2023-09-30,In Transit,20,404.56,3,RIDER7806
7806,ORDER7807,2023-09-22,Failed,108,132.58,5,RIDER7807
7807,ORDER7808,2023-11-01,In Transit,112,157.58,5,RIDER7808
7808,ORDER7809,2023-07-06,In Transit,64,289.27,1,RIDER7809
7809,ORDER7810,2023-02-09,Failed,24,467.14,4,RIDER7810
7810,ORDER7811,2023-04-21,Failed,26,397.0,5,RIDER7811
7811,ORDER7812,2023-06-23,Delivered,37,399.02,5,RIDER7812
7812,ORDER7813,2023-05-02,In Transit,31,221.87,2,RIDER7813
7813,ORDER7814,2023-05-02,In Transit,13,368.57,5,RIDER7814
7814,ORDER7815,2023-06-19,In Transit,65,283.31,2,RIDER7815
7815,ORDER7816,2023-11-29,Delivered,116,257.22,1,RIDER7816
7816,ORDER7817,2023-06-28,Delivered,41,326.48,3,RIDER7817
7817,ORDER7818,2023-06-03,In Transit,60,123.0,2,RIDER7818
7818,ORDER7819,2023-06-02,Delivered,112,407.04,1,RIDER7819
7819,ORDER7820,2023-02-08,Delivered,69,342.14,5,RIDER7820
7820,ORDER7821,2023-03-31,Delivered,66,113.17,4,RIDER7821
7821,ORDER7822,2023-09-04,Failed,58,162.11,3,RIDER7822
7822,ORDER7823,2023-05-12,Failed,97,116.89,3,RIDER7823
7823,ORDER7824,2023-09-18,Delivered,71,168.81,5,RIDER7824
7824,ORDER7825,2023-11-08,Failed,89,318.88,3,RIDER7825
7825,ORDER7826,2023-10-08,In Transit,17,399.96,4,RIDER7826
7826,ORDER7827,2023-02-06,Delivered,45,469.93,2,RIDER7827
7827,ORDER7828,2023-09-17,Delivered,100,492.35,2,RIDER7828
7828,ORDER7829,2023-01-12,Failed,45,295.63,4,RIDER7829
7829,ORDER7830,2023-02-15,In Transit,76,215.33,2,RIDER7830
7830,ORDER7831,2023-10-21,Delivered,18,63.29,5,RIDER7831
7831,ORDER7832,2023-11-06,Failed,112,213.14,1,RIDER7832
7832,ORDER7833,2023-04-11,In Transit,30,207.97,3,RIDER7833
7833,ORDER7834,2023-11-17,In Transit,32,493.09,4,RIDER7834
7834,ORDER7835,2023-12-01,In Transit,104,499.6,5,RIDER7835
7835,ORDER7836,2023-06-10,Delivered,101,389.14,3,RIDER7836
7836,ORDER7837,2023-07-04,Failed,115,203.17,2,RIDER7837
7837,ORDER7838,2023-06-06,In Transit,13,443.57,5,RIDER7838
7838,ORDER7839,2023-01-13,Failed,67,454.16,2,RIDER7839
7839,ORDER7840,2023-06-29,Failed,19,436.45,2,RIDER7840
7840,ORDER7841,2023-01-19,Failed,98,370.8,5,RIDER7841
7841,ORDER7842,2023-09-10,In Transit,35,388.56,3,RIDER7842
7842,ORDER7843,2023-11-17,Delivered,103,360.66,4,RIDER7843
7843,ORDER7844,2023-10-26,Delivered,19,163.49,5,RIDER7844
7844,ORDER7845,2023-03-02,Delivered,26,193.61,2,RIDER7845
7845,ORDER7846,2023-09-19,In Transit,20,125.98,4,RIDER7846
7846,ORDER7847,2023-09-21,In Transit,37,313.56,5,RIDER7847
7847,ORDER7848,2023-01-26,Failed,33,94.63,3,RIDER7848
7848,ORDER7849,2023-02-14,Delivered,57,199.33,3,RIDER7849
7849,ORDER7850,2023-09-13,Failed,99,116.36,1,RIDER7850
7850,ORDER7851,2023-07-19,In Transit,23,493.08,3,RIDER7851
7851,ORDER7852,2023-04-06,Failed,48,322.08,2,RIDER7852
7852,ORDER7853,2023-04-08,Failed,75,102.65,3,RIDER7853
7853,ORDER7854,2023-09-12,Failed,33,285.21,2,RIDER7854
7854,ORDER7855,2023-07-29,In Transit,77,345.2,1,RIDER7855
7855,ORDER7856,2023-11-11,In Transit,90,117.71,5,RIDER7856
7856,ORDER7857,2023-11-10,In Transit,62,462.05,5,RIDER7857
7857,ORDER7858,2023-07-07,Delivered,55,477.6,5,RIDER7858
7858,ORDER7859,2023-11-16,In Transit,77,189.23,5,RIDER7859
7859,ORDER7860,2023-08-01,In Transit,37,432.75,1,RIDER7860
7860,ORDER7861,2023-05-14,Delivered,57,488.15,4,RIDER7861
7861,ORDER7862,2023-05-23,Delivered,17,344.25,2,RIDER7862
7862,ORDER7863,2023-01-30,Delivered,94,163.24,2,RIDER7863
7863,ORDER7864,2023-04-13,Failed,115,134.19,3,RIDER7864
7864,ORDER7865,2023-02-11,In Transit,28,315.7,4,RIDER7865
7865,ORDER7866,2023-11-02,Delivered,102,393.63,5,RIDER7866
7866,ORDER7867,2023-05-09,In Transit,54,366.24,1,RIDER7867
7867,ORDER7868,2023-05-29,Failed,66,339.61,3,RIDER7868
7868,ORDER7869,2023-12-14,In Transit,78,148.59,3,RIDER7869
7869,ORDER7870,2023-12-02,Delivered,113,235.54,2,RIDER7870
7870,ORDER7871,2023-04-16,Failed,38,419.35,2,RIDER7871
7871,ORDER7872,2023-10-13,In Transit,110,177.65,2,RIDER7872
7872,ORDER7873,2023-03-25,Delivered,61,493.08,1,RIDER7873
7873,ORDER7874,2023-05-31,In Transit,66,449.68,5,RIDER7874
7874,ORDER7875,2023-08-15,Failed,32,107.32,4,RIDER7875
7875,ORDER7876,2023-05-11,In Transit,106,297.29,2,RIDER7876
7876,ORDER7877,2023-10-31,Failed,30,436.94,3,RIDER7877
7877,ORDER7878,2023-10-24,Failed,74,355.02,3,RIDER7878
7878,ORDER7879,2023-07-24,Failed,20,457.69,4,RIDER7879
7879,ORDER7880,2023-11-01,Failed,43,274.14,3,RIDER7880
7880,ORDER7881,2023-09-02,In Transit,54,274.5,1,RIDER7881
7881,ORDER7882,2023-06-24,Delivered,71,193.13,3,RIDER7882
7882,ORDER7883,2023-11-09,In Transit,78,153.28,4,RIDER7883
7883,ORDER7884,2023-11-01,Delivered,69,79.23,5,RIDER7884
7884,ORDER7885,2023-09-06,Failed,67,369.66,1,RIDER7885
7885,ORDER7886,2023-04-05,Delivered,62,143.85,3,RIDER7886
7886,ORDER7887,2023-11-04,Delivered,102,241.55,5,RIDER7887
7887,ORDER7888,2023-08-18,In Transit,102,167.57,4,RIDER7888
7888,ORDER7889,2023-03-07,Failed,23,240.48,1,RIDER7889
7889,ORDER7890,2023-06-23,In Transit,39,485.23,5,RIDER7890
7890,ORDER7891,2023-08-18,Failed,87,349.13,3,RIDER7891
7891,ORDER7892,2023-12-11,Delivered,91,242.57,2,RIDER7892
7892,ORDER7893,2023-04-07,Failed,116,243.15,5,RIDER7893
7893,ORDER7894,2023-06-04,Failed,35,310.98,5,RIDER7894
7894,ORDER7895,2023-02-02,In Transit,81,257.38,2,RIDER7895
7895,ORDER7896,2023-12-08,Failed,49,120.28,1,RIDER7896
7896,ORDER7897,2023-07-28,Delivered,109,165.39,2,RIDER7897
7897,ORDER7898,2023-07-28,In Transit,38,118.82,1,RIDER7898
7898,ORDER7899,2023-01-09,Failed,37,475.89,5,RIDER7899
7899,ORDER7900,2023-11-13,Delivered,27,210.6,5,RIDER7900
7900,ORDER7901,2023-01-14,Delivered,34,257.22,2,RIDER7901
7901,ORDER7902,2023-07-25,In Transit,115,158.61,4,RIDER7902
7902,ORDER7903,2023-06-29,In Transit,23,84.58,1,RIDER7903
7903,ORDER7904,2023-11-07,Failed,64,156.62,4,RIDER7904
7904,ORDER7905,2023-09-17,Failed,32,216.71,1,RIDER7905
7905,ORDER7906,2023-01-23,Failed,42,110.05,4,RIDER7906
7906,ORDER7907,2023-08-21,In Transit,15,325.82,5,RIDER7907
7907,ORDER7908,2023-12-14,In Transit,69,218.0,5,RIDER7908
7908,ORDER7909,2023-05-14,Delivered,87,379.84,4,RIDER7909
7909,ORDER7910,2023-03-29,Delivered,42,147.12,5,RIDER7910
7910,ORDER7911,2023-08-10,Failed,85,219.45,1,RIDER7911
7911,ORDER7912,2023-04-01,In Transit,48,94.92,1,RIDER7912
7912,ORDER7913,2023-02-12,Failed,116,155.74,5,RIDER7913
7913,ORDER7914,2023-06-06,Delivered,76,66.29,1,RIDER7914
7914,ORDER7915,2023-03-17,Failed,25,341.17,2,RIDER7915
7915,ORDER7916,2023-06-13,Delivered,74,153.9,2,RIDER7916
7916,ORDER7917,2023-03-11,In Transit,71,335.85,3,RIDER7917
7917,ORDER7918,2023-12-24,Failed,116,129.86,2,RIDER7918
7918,ORDER7919,2023-08-19,Failed,43,139.57,4,RIDER7919
7919,ORDER7920,2023-08-03,Delivered,70,473.98,2,RIDER7920
7920,ORDER7921,2023-12-02,Delivered,100,90.73,5,RIDER7921
7921,ORDER7922,2023-01-04,Failed,25,438.78,4,RIDER7922
7922,ORDER7923,2023-01-25,In Transit,58,425.51,1,RIDER7923
7923,ORDER7924,2023-02-12,Failed,48,64.57,1,RIDER7924
7924,ORDER7925,2023-11-15,In Transit,68,444.49,5,RIDER7925
7925,ORDER7926,2023-01-19,In Transit,66,193.82,2,RIDER7926
7926,ORDER7927,2023-11-06,In Transit,48,456.2,4,RIDER7927
7927,ORDER7928,2023-08-19,In Transit,105,134.52,4,RIDER7928
7928,ORDER7929,2023-11-28,In Transit,75,326.03,1,RIDER7929
7929,ORDER7930,2023-12-13,Failed,11,310.83,4,RIDER7930
7930,ORDER7931,2023-05-25,Failed,44,461.28,2,RIDER7931
7931,ORDER7932,2023-03-02,Failed,115,205.12,3,RIDER7932
7932,ORDER7933,2023-01-22,In Transit,92,55.87,5,RIDER7933
7933,ORDER7934,2023-04-17,Delivered,99,120.28,5,RIDER7934
7934,ORDER7935,2023-11-28,In Transit,22,126.47,1,RIDER7935
7935,ORDER7936,2023-04-23,Delivered,78,366.66,2,RIDER7936
7936,ORDER7937,2023-03-29,Delivered,41,231.61,1,RIDER7937
7937,ORDER7938,2023-07-01,Delivered,102,154.68,2,RIDER7938
7938,ORDER7939,2023-12-05,Failed,97,100.76,1,RIDER7939
7939,ORDER7940,2023-11-05,Failed,80,459.25,1,RIDER7940
7940,ORDER7941,2023-10-24,In Transit,71,410.97,1,RIDER7941
7941,ORDER7942,2023-07-26,In Transit,90,195.45,3,RIDER7942
7942,ORDER7943,2023-06-22,Failed,19,276.59,3,RIDER7943
7943,ORDER7944,2023-07-31,Delivered,21,320.4,3,RIDER7944
7944,ORDER7945,2023-01-07,Failed,60,338.41,5,RIDER7945
7945,ORDER7946,2023-09-27,Failed,12,187.13,5,RIDER7946
7946,ORDER7947,2023-03-07,Delivered,113,126.58,1,RIDER7947
7947,ORDER7948,2023-05-24,Delivered,72,341.27,4,RIDER7948
7948,ORDER7949,2023-01-03,Delivered,80,214.84,4,RIDER7949
7949,ORDER7950,2023-11-17,In Transit,20,434.78,3,RIDER7950
7950,ORDER7951,2023-04-02,In Transit,81,92.8,3,RIDER7951
7951,ORDER7952,2023-07-18,In Transit,66,441.53,5,RIDER7952
7952,ORDER7953,2023-10-09,Failed,36,458.18,2,RIDER7953
7953,ORDER7954,2023-12-17,Failed,102,430.24,4,RIDER7954
7954,ORDER7955,2023-03-18,In Transit,116,386.66,1,RIDER7955
7955,ORDER7956,2023-12-15,Delivered,40,368.54,3,RIDER7956
7956,ORDER7957,2023-07-23,In Transit,61,323.41,1,RIDER7957
7957,ORDER7958,2023-06-10,In Transit,19,355.77,3,RIDER7958
7958,ORDER7959,2023-09-05,Delivered,80,306.21,2,RIDER7959
7959,ORDER7960,2023-08-20,In Transit,11,188.29,1,RIDER7960
7960,ORDER7961,2023-01-17,Delivered,73,436.25,5,RIDER7961
7961,ORDER7962,2023-03-06,Delivered,33,415.54,5,RIDER7962
7962,ORDER7963,2023-08-06,In Transit,50,278.61,2,RIDER7963
7963,ORDER7964,2023-04-20,Failed,65,129.18,5,RIDER7964
7964,ORDER7965,2023-05-27,In Transit,99,175.86,3,RIDER7965
7965,ORDER7966,2023-08-29,Failed,97,431.18,3,RIDER7966
7966,ORDER7967,2023-11-28,In Transit,116,212.98,3,RIDER7967
7967,ORDER7968,2023-07-22,Failed,38,84.0,3,RIDER7968
7968,ORDER7969,2023-09-15,In Transit,34,121.33,5,RIDER7969
7969,ORDER7970,2023-11-16,Failed,119,365.15,4,RIDER7970
7970,ORDER7971,2023-11-19,Failed,31,90.46,2,RIDER7971
7971,ORDER7972,2023-01-11,Delivered,11,57.8,4,RIDER7972
7972,ORDER7973,2023-09-09,Delivered,36,145.45,3,RIDER7973
7973,ORDER7974,2023-05-13,Delivered,44,146.63,1,RIDER7974
7974,ORDER7975,2023-01-01,Failed,94,415.03,4,RIDER7975
7975,ORDER7976,2023-01-19,Delivered,72,285.17,2,RIDER7976
7976,ORDER7977,2023-05-12,In Transit,92,484.67,3,RIDER7977
7977,ORDER7978,2023-07-22,Delivered,11,173.3,1,RIDER7978
7978,ORDER7979,2023-07-20,Failed,104,228.31,2,RIDER7979
7979,ORDER7980,2023-07-07,Delivered,77,148.38,5,RIDER7980
7980,ORDER7981,2023-04-12,Delivered,111,127.47,1,RIDER7981
7981,ORDER7982,2023-03-15,Failed,51,461.15,3,RIDER7982
7982,ORDER7983,2023-04-07,In Transit,71,63.86,2,RIDER7983
7983,ORDER7984,2023-01-15,In Transit,80,358.38,3,RIDER7984
7984,ORDER7985,2023-02-20,Delivered,91,130.35,3,RIDER7985
7985,ORDER7986,2023-01-10,Failed,67,151.92,5,RIDER7986
7986,ORDER7987,2023-07-11,Delivered,51,314.58,5,RIDER7987
7987,ORDER7988,2023-12-08,Delivered,30,209.08,3,RIDER7988
7988,ORDER7989,2023-06-09,Delivered,85,141.11,5,RIDER7989
7989,ORDER7990,2023-10-19,Delivered,112,455.63,4,RIDER7990
7990,ORDER7991,2023-09-10,In Transit,83,282.34,3,RIDER7991
7991,ORDER7992,2023-07-08,In Transit,24,124.16,4,RIDER7992
7992,ORDER7993,2023-05-30,Failed,98,52.85,1,RIDER7993
7993,ORDER7994,2023-01-09,Failed,43,82.03,5,RIDER7994
7994,ORDER7995,2023-03-24,Failed,35,477.98,5,RIDER7995
7995,ORDER7996,2023-06-06,In Transit,89,233.16,5,RIDER7996
7996,ORDER7997,2023-02-06,Delivered,108,136.62,3,RIDER7997
7997,ORDER7998,2023-01-28,Delivered,82,477.62,5,RIDER7998
7998,ORDER7999,2023-06-16,Failed,23,412.13,1,RIDER7999
7999,ORDER8000,2023-12-10,Failed,87,258.77,2,RIDER8000
8000,ORDER8001,2023-03-03,Delivered,83,128.26,4,RIDER8001
8001,ORDER8002,2023-12-26,Delivered,97,191.41,1,RIDER8002
8002,ORDER8003,2023-02-20,Delivered,34,378.8,3,RIDER8003
8003,ORDER8004,2023-08-06,In Transit,54,166.63,1,RIDER8004
8004,ORDER8005,2023-04-30,Failed,55,72.56,1,RIDER8005
8005,ORDER8006,2023-05-27,Delivered,63,275.58,4,RIDER8006
8006,ORDER8007,2023-03-02,In Transit,51,470.76,1,RIDER8007
8007,ORDER8008,2023-04-11,In Transit,80,217.87,1,RIDER8008
8008,ORDER8009,2023-05-20,Failed,40,321.07,5,RIDER8009
8009,ORDER8010,2023-08-08,In Transit,32,394.82,4,RIDER8010
8010,ORDER8011,2023-08-06,In Transit,75,396.05,4,RIDER8011
8011,ORDER8012,2023-01-25,In Transit,112,436.99,3,RIDER8012
8012,ORDER8013,2023-12-28,In Transit,39,425.64,1,RIDER8013
8013,ORDER8014,2023-06-26,Failed,13,114.53,2,RIDER8014
8014,ORDER8015,2023-08-30,Delivered,32,277.26,3,RIDER8015
8015,ORDER8016,2023-08-20,Failed,112,457.94,1,RIDER8016
8016,ORDER8017,2023-02-16,Delivered,61,183.28,3,RIDER8017
8017,ORDER8018,2023-06-11,Failed,63,183.52,2,RIDER8018
8018,ORDER8019,2023-03-04,Failed,117,314.72,2,RIDER8019
8019,ORDER8020,2023-01-11,In Transit,84,351.54,5,RIDER8020
8020,ORDER8021,2023-09-28,Failed,41,437.26,2,RIDER8021
8021,ORDER8022,2023-09-23,In Transit,44,372.42,1,RIDER8022
8022,ORDER8023,2023-01-14,Failed,98,291.57,2,RIDER8023
8023,ORDER8024,2023-09-15,Delivered,73,220.33,2,RIDER8024
8024,ORDER8025,2023-06-06,Failed,113,190.51,4,RIDER8025
8025,ORDER8026,2023-04-15,Failed,112,98.48,4,RIDER8026
8026,ORDER8027,2023-08-03,Failed,119,112.58,1,RIDER8027
8027,ORDER8028,2023-10-18,Failed,57,137.1,2,RIDER8028
8028,ORDER8029,2023-07-10,In Transit,71,159.06,1,RIDER8029
8029,ORDER8030,2023-07-27,Failed,67,94.03,2,RIDER8030
8030,ORDER8031,2023-03-05,In Transit,50,384.93,4,RIDER8031
8031,ORDER8032,2023-11-08,In Transit,55,119.84,4,RIDER8032
8032,ORDER8033,2023-01-30,Delivered,51,106.72,2,RIDER8033
8033,ORDER8034,2023-08-19,In Transit,77,181.13,2,RIDER8034
8034,ORDER8035,2023-03-15,Failed,113,452.09,4,RIDER8035
8035,ORDER8036,2023-12-05,In Transit,102,255.0,3,RIDER8036
8036,ORDER8037,2023-04-13,Delivered,74,127.11,3,RIDER8037
8037,ORDER8038,2023-01-12,Delivered,77,67.12,5,RIDER8038
8038,ORDER8039,2023-05-02,In Transit,114,454.08,4,RIDER8039
8039,ORDER8040,2023-03-24,Failed,69,253.23,2,RIDER8040
8040,ORDER8041,2023-12-12,Failed,116,489.66,3,RIDER8041
8041,ORDER8042,2023-05-10,Delivered,10,469.64,3,RIDER8042
8042,ORDER8043,2023-04-14,Failed,102,371.88,2,RIDER8043
8043,ORDER8044,2023-11-27,Delivered,98,94.63,1,RIDER8044
8044,ORDER8045,2023-03-30,In Transit,56,253.39,2,RIDER8045
8045,ORDER8046,2023-12-06,Failed,51,164.48,5,RIDER8046
8046,ORDER8047,2023-04-27,Delivered,106,338.21,4,RIDER8047
8047,ORDER8048,2023-01-12,Failed,59,246.49,2,RIDER8048
8048,ORDER8049,2023-01-11,Failed,50,380.32,1,RIDER8049
8049,ORDER8050,2023-05-04,In Transit,82,152.66,4,RIDER8050
8050,ORDER8051,2023-10-23,In Transit,11,408.04,2,RIDER8051
8051,ORDER8052,2023-08-11,Failed,75,412.26,4,RIDER8052
8052,ORDER8053,2023-06-24,Delivered,83,296.76,2,RIDER8053
8053,ORDER8054,2023-09-09,In Transit,23,276.66,2,RIDER8054
8054,ORDER8055,2023-08-02,Failed,39,219.58,2,RIDER8055
8055,ORDER8056,2023-03-08,Delivered,32,333.37,2,RIDER8056
8056,ORDER8057,2023-09-28,Failed,61,337.73,5,RIDER8057
8057,ORDER8058,2023-10-25,Failed,59,316.62,2,RIDER8058
8058,ORDER8059,2023-05-02,In Transit,37,296.69,4,RIDER8059
8059,ORDER8060,2023-03-26,Failed,92,401.2,4,RIDER8060
8060,ORDER8061,2023-05-12,Delivered,39,398.89,1,RIDER8061
8061,ORDER8062,2023-06-27,Delivered,110,346.96,3,RIDER8062
8062,ORDER8063,2023-02-12,Delivered,84,299.88,3,RIDER8063
8063,ORDER8064,2023-12-27,Delivered,120,488.07,3,RIDER8064
8064,ORDER8065,2023-10-13,In Transit,62,419.53,1,RIDER8065
8065,ORDER8066,2023-05-25,Failed,119,238.58,4,RIDER8066
8066,ORDER8067,2023-02-18,Failed,83,288.93,5,RIDER8067
8067,ORDER8068,2023-08-25,Delivered,26,159.13,5,RIDER8068
8068,ORDER8069,2023-12-19,Delivered,119,199.62,2,RIDER8069
8069,ORDER8070,2023-03-04,In Transit,62,194.95,3,RIDER8070
8070,ORDER8071,2023-03-06,Delivered,47,134.41,2,RIDER8071
8071,ORDER8072,2023-10-29,In Transit,72,269.63,3,RIDER8072
8072,ORDER8073,2023-01-03,Failed,64,340.46,1,RIDER8073
8073,ORDER8074,2023-08-28,In Transit,79,323.65,3,RIDER8074
8074,ORDER8075,2023-08-19,Delivered,88,310.39,4,RIDER8075
8075,ORDER8076,2023-07-15,Failed,99,217.17,2,RIDER8076
8076,ORDER8077,2023-06-15,In Transit,47,466.37,2,RIDER8077
8077,ORDER8078,2023-12-16,In Transit,58,495.83,2,RIDER8078
8078,ORDER8079,2023-09-19,Delivered,21,68.99,5,RIDER8079
8079,ORDER8080,2023-11-06,Delivered,95,114.23,5,RIDER8080
8080,ORDER8081,2023-11-01,Delivered,65,289.89,4,RIDER8081
8081,ORDER8082,2023-09-18,Delivered,107,124.76,4,RIDER8082
8082,ORDER8083,2023-01-21,Delivered,78,405.47,2,RIDER8083
8083,ORDER8084,2023-11-27,In Transit,116,236.8,3,RIDER8084
8084,ORDER8085,2023-02-15,Failed,21,326.21,1,RIDER8085
8085,ORDER8086,2023-11-08,Failed,38,465.85,4,RIDER8086
8086,ORDER8087,2023-09-25,In Transit,13,428.74,5,RIDER8087
8087,ORDER8088,2023-07-03,Failed,70,144.84,1,RIDER8088
8088,ORDER8089,2023-02-25,Failed,31,493.73,5,RIDER8089
8089,ORDER8090,2023-09-15,Failed,58,277.91,5,RIDER8090
8090,ORDER8091,2023-11-09,Failed,87,369.24,5,RIDER8091
8091,ORDER8092,2023-09-18,In Transit,24,319.17,3,RIDER8092
8092,ORDER8093,2023-07-21,Delivered,104,313.94,2,RIDER8093
8093,ORDER8094,2023-07-16,In Transit,92,320.34,5,RIDER8094
8094,ORDER8095,2023-04-16,Delivered,23,101.03,4,RIDER8095
8095,ORDER8096,2023-04-29,Failed,93,377.27,5,RIDER8096
8096,ORDER8097,2023-05-22,Delivered,101,340.91,1,RIDER8097
8097,ORDER8098,2023-12-16,In Transit,110,448.9,2,RIDER8098
8098,ORDER8099,2023-03-04,Delivered,23,304.82,3,RIDER8099
8099,ORDER8100,2023-03-30,Failed,15,147.75,5,RIDER8100
8100,ORDER8101,2023-09-10,Failed,92,174.38,4,RIDER8101
8101,ORDER8102,2023-05-28,Delivered,48,441.63,2,RIDER8102
8102,ORDER8103,2023-02-15,Failed,88,83.96,4,RIDER8103
8103,ORDER8104,2023-09-22,Delivered,101,487.21,5,RIDER8104
8104,ORDER8105,2023-05-03,Failed,111,271.04,4,RIDER8105
8105,ORDER8106,2023-12-15,Failed,32,319.18,1,RIDER8106
8106,ORDER8107,2023-12-11,Delivered,96,250.96,2,RIDER8107
8107,ORDER8108,2023-10-02,In Transit,118,425.31,2,RIDER8108
8108,ORDER8109,2023-08-12,Failed,44,459.77,2,RIDER8109
8109,ORDER8110,2023-06-18,Failed,17,372.42,2,RIDER8110
8110,ORDER8111,2023-02-05,Delivered,24,62.51,3,RIDER8111
8111,ORDER8112,2023-05-19,Delivered,23,236.58,3,RIDER8112
8112,ORDER8113,2023-07-16,In Transit,86,434.92,1,RIDER8113
8113,ORDER8114,2023-02-13,In Transit,99,293.81,1,RIDER8114
8114,ORDER8115,2023-09-03,In Transit,64,480.25,3,RIDER8115
8115,ORDER8116,2023-05-08,Delivered,28,262.3,5,RIDER8116
8116,ORDER8117,2023-02-18,Failed,18,202.78,4,RIDER8117
8117,ORDER8118,2023-11-02,In Transit,38,312.91,2,RIDER8118
8118,ORDER8119,2023-07-21,Failed,80,360.79,5,RIDER8119
8119,ORDER8120,2023-10-09,Failed,110,272.07,3,RIDER8120
8120,ORDER8121,2023-07-21,In Transit,115,440.08,1,RIDER8121
8121,ORDER8122,2023-03-24,Delivered,65,318.51,3,RIDER8122
8122,ORDER8123,2023-02-15,Delivered,80,452.52,1,RIDER8123
8123,ORDER8124,2023-05-05,Delivered,16,208.38,5,RIDER8124
8124,ORDER8125,2023-11-11,Failed,35,228.96,1,RIDER8125
8125,ORDER8126,2023-08-03,In Transit,14,413.13,2,RIDER8126
8126,ORDER8127,2023-06-29,Delivered,118,272.09,4,RIDER8127
8127,ORDER8128,2023-10-24,Delivered,49,319.41,5,RIDER8128
8128,ORDER8129,2023-06-30,Delivered,78,297.05,2,RIDER8129
8129,ORDER8130,2023-06-12,Delivered,109,422.55,3,RIDER8130
8130,ORDER8131,2023-03-13,Delivered,67,205.51,1,RIDER8131
8131,ORDER8132,2023-09-04,In Transit,70,104.85,3,RIDER8132
8132,ORDER8133,2023-05-30,Delivered,34,449.07,5,RIDER8133
8133,ORDER8134,2023-09-27,Failed,95,266.31,4,RIDER8134
8134,ORDER8135,2023-09-13,Failed,38,414.53,5,RIDER8135
8135,ORDER8136,2023-11-29,Delivered,111,271.33,5,RIDER8136
8136,ORDER8137,2023-06-10,Failed,47,167.96,3,RIDER8137
8137,ORDER8138,2023-04-03,In Transit,12,314.06,3,RIDER8138
8138,ORDER8139,2023-03-02,Delivered,18,273.65,1,RIDER8139
8139,ORDER8140,2023-01-30,Failed,60,328.08,4,RIDER8140
8140,ORDER8141,2023-02-02,In Transit,95,339.65,1,RIDER8141
8141,ORDER8142,2023-08-18,Failed,110,276.02,3,RIDER8142
8142,ORDER8143,2023-12-27,Failed,55,207.64,3,RIDER8143
8143,ORDER8144,2023-12-06,In Transit,68,435.77,3,RIDER8144
8144,ORDER8145,2023-07-04,Delivered,64,488.05,4,RIDER8145
8145,ORDER8146,2023-08-24,In Transit,88,303.99,4,RIDER8146
8146,ORDER8147,2023-10-27,Delivered,42,119.13,1,RIDER8147
8147,ORDER8148,2023-03-21,In Transit,116,79.42,3,RIDER8148
8148,ORDER8149,2023-02-22,In Transit,96,400.97,1,RIDER8149
8149,ORDER8150,2023-03-16,Failed,33,120.97,5,RIDER8150
8150,ORDER8151,2023-10-17,Delivered,110,169.69,5,RIDER8151
8151,ORDER8152,2023-05-21,Failed,84,297.65,1,RIDER8152
8152,ORDER8153,2023-10-17,Delivered,46,73.0,1,RIDER8153
8153,ORDER8154,2023-07-04,Failed,73,176.42,3,RIDER8154
8154,ORDER8155,2023-08-03,In Transit,97,164.62,5,RIDER8155
8155,ORDER8156,2023-05-06,In Transit,111,180.93,2,RIDER8156
8156,ORDER8157,2023-02-19,Delivered,100,423.58,4,RIDER8157
8157,ORDER8158,2023-08-28,Delivered,73,175.89,3,RIDER8158
8158,ORDER8159,2023-09-29,Delivered,76,295.23,5,RIDER8159
8159,ORDER8160,2023-02-12,In Transit,53,219.28,5,RIDER8160
8160,ORDER8161,2023-11-10,Failed,54,286.74,5,RIDER8161
8161,ORDER8162,2023-09-09,In Transit,74,368.4,2,RIDER8162
8162,ORDER8163,2023-09-14,In Transit,60,148.3,4,RIDER8163
8163,ORDER8164,2023-08-12,Delivered,47,335.3,3,RIDER8164
8164,ORDER8165,2023-01-07,Delivered,75,428.62,2,RIDER8165
8165,ORDER8166,2023-11-18,Delivered,115,458.55,1,RIDER8166
8166,ORDER8167,2023-02-27,In Transit,107,351.7,1,RIDER8167
8167,ORDER8168,2023-05-21,In Transit,80,178.96,3,RIDER8168
8168,ORDER8169,2023-03-28,In Transit,97,185.33,4,RIDER8169
8169,ORDER8170,2023-11-04,In Transit,106,485.47,4,RIDER8170
8170,ORDER8171,2023-11-27,Delivered,32,183.96,5,RIDER8171
8171,ORDER8172,2023-04-08,In Transit,62,287.58,5,RIDER8172
8172,ORDER8173,2023-04-07,In Transit,89,450.88,4,RIDER8173
8173,ORDER8174,2023-11-19,Failed,48,342.16,5,RIDER8174
8174,ORDER8175,2023-03-27,Delivered,50,100.42,5,RIDER8175
8175,ORDER8176,2023-12-02,In Transit,113,254.43,1,RIDER8176
8176,ORDER8177,2023-12-31,Failed,73,188.54,4,RIDER8177
8177,ORDER8178,2023-03-31,Failed,115,363.91,5,RIDER8178
8178,ORDER8179,2023-04-13,Delivered,90,67.61,2,RIDER8179
8179,ORDER8180,2023-07-12,Failed,88,100.07,2,RIDER8180
8180,ORDER8181,2023-06-24,Failed,44,187.32,5,RIDER8181
8181,ORDER8182,2023-08-22,Delivered,45,75.28,2,RIDER8182
8182,ORDER8183,2023-07-02,Failed,90,191.69,5,RIDER8183
8183,ORDER8184,2023-06-17,Failed,74,141.67,5,RIDER8184
8184,ORDER8185,2023-11-06,Failed,74,176.0,2,RIDER8185
8185,ORDER8186,2023-06-07,Failed,33,470.66,1,RIDER8186
8186,ORDER8187,2023-10-28,Failed,31,240.66,5,RIDER8187
8187,ORDER8188,2023-02-28,In Transit,13,90.48,2,RIDER8188
8188,ORDER8189,2023-07-16,Delivered,42,403.87,4,RIDER8189
8189,ORDER8190,2023-02-22,Delivered,63,76.06,1,RIDER8190
8190,ORDER8191,2023-01-23,In Transit,106,145.82,4,RIDER8191
8191,ORDER8192,2023-04-03,Failed,24,322.29,1,RIDER8192
8192,ORDER8193,2023-10-30,Failed,51,119.87,4,RIDER8193
8193,ORDER8194,2023-01-12,Failed,15,445.51,5,RIDER8194
8194,ORDER8195,2023-07-31,Delivered,100,161.74,3,RIDER8195
8195,ORDER8196,2023-05-17,Delivered,84,368.31,3,RIDER8196
8196,ORDER8197,2023-05-26,Delivered,76,221.24,4,RIDER8197
8197,ORDER8198,2023-03-17,Failed,96,218.02,4,RIDER8198
8198,ORDER8199,2023-07-24,Failed,32,217.09,5,RIDER8199
8199,ORDER8200,2023-07-15,In Transit,52,381.81,1,RIDER8200
8200,ORDER8201,2023-10-15,In Transit,34,494.72,1,RIDER8201
8201,ORDER8202,2023-04-23,In Transit,15,154.97,2,RIDER8202
8202,ORDER8203,2023-02-12,Failed,45,357.49,1,RIDER8203
8203,ORDER8204,2023-07-20,Delivered,100,379.54,2,RIDER8204
8204,ORDER8205,2023-03-29,In Transit,55,62.22,5,RIDER8205
8205,ORDER8206,2023-06-13,Delivered,82,396.65,1,RIDER8206
8206,ORDER8207,2023-12-21,In Transit,80,416.96,2,RIDER8207
8207,ORDER8208,2023-04-19,In Transit,113,114.19,2,RIDER8208
8208,ORDER8209,2023-06-06,In Transit,37,72.74,3,RIDER8209
8209,ORDER8210,2023-08-24,In Transit,56,57.63,3,RIDER8210
8210,ORDER8211,2023-12-18,Delivered,70,140.02,5,RIDER8211
8211,ORDER8212,2023-04-22,Failed,56,256.52,3,RIDER8212
8212,ORDER8213,2023-07-12,Delivered,96,483.85,1,RIDER8213
8213,ORDER8214,2023-12-14,In Transit,96,318.5,1,RIDER8214
8214,ORDER8215,2023-02-06,In Transit,107,222.15,2,RIDER8215
8215,ORDER8216,2023-09-13,Delivered,41,282.3,5,RIDER8216
8216,ORDER8217,2023-09-17,Delivered,45,301.67,2,RIDER8217
8217,ORDER8218,2023-07-30,Delivered,26,304.14,2,RIDER8218
8218,ORDER8219,2023-04-05,Delivered,63,216.32,4,RIDER8219
8219,ORDER8220,2023-09-30,Delivered,27,174.09,3,RIDER8220
8220,ORDER8221,2023-01-16,Delivered,69,330.67,1,RIDER8221
8221,ORDER8222,2023-07-08,Failed,23,163.95,4,RIDER8222
8222,ORDER8223,2023-03-23,Failed,64,485.53,4,RIDER8223
8223,ORDER8224,2023-12-04,Delivered,97,105.42,1,RIDER8224
8224,ORDER8225,2023-07-19,Delivered,42,375.68,4,RIDER8225
8225,ORDER8226,2023-01-04,Failed,83,361.05,1,RIDER8226
8226,ORDER8227,2023-02-09,In Transit,32,174.81,3,RIDER8227
8227,ORDER8228,2023-05-24,Failed,97,337.45,3,RIDER8228
8228,ORDER8229,2023-08-20,In Transit,26,162.02,2,RIDER8229
8229,ORDER8230,2023-09-02,Delivered,54,227.69,4,RIDER8230
8230,ORDER8231,2023-11-13,In Transit,90,309.28,1,RIDER8231
8231,ORDER8232,2023-09-22,Delivered,54,108.87,2,RIDER8232
8232,ORDER8233,2023-06-28,Failed,55,321.91,2,RIDER8233
8233,ORDER8234,2023-04-07,In Transit,92,342.56,5,RIDER8234
8234,ORDER8235,2023-08-26,Delivered,46,444.97,3,RIDER8235
8235,ORDER8236,2023-07-26,Delivered,48,432.25,3,RIDER8236
8236,ORDER8237,2023-05-28,In Transit,94,457.05,3,RIDER8237
8237,ORDER8238,2023-02-19,Failed,101,65.5,1,RIDER8238
8238,ORDER8239,2023-07-12,In Transit,40,402.04,3,RIDER8239
8239,ORDER8240,2023-12-24,In Transit,88,460.31,3,RIDER8240
8240,ORDER8241,2023-05-08,Failed,60,471.51,2,RIDER8241
8241,ORDER8242,2023-03-17,Failed,15,104.57,3,RIDER8242
8242,ORDER8243,2023-03-24,Failed,66,256.16,4,RIDER8243
8243,ORDER8244,2023-07-29,Delivered,66,432.99,3,RIDER8244
8244,ORDER8245,2023-06-08,Delivered,109,270.73,2,RIDER8245
8245,ORDER8246,2023-03-07,Delivered,58,129.71,4,RIDER8246
8246,ORDER8247,2023-05-14,In Transit,50,161.8,2,RIDER8247
8247,ORDER8248,2023-03-18,In Transit,32,265.79,5,RIDER8248
8248,ORDER8249,2023-08-19,Failed,56,242.79,1,RIDER8249
8249,ORDER8250,2023-10-04,Failed,40,285.74,3,RIDER8250
8250,ORDER8251,2023-08-23,Delivered,99,456.22,4,RIDER8251
8251,ORDER8252,2023-05-06,Failed,63,307.25,2,RIDER8252
8252,ORDER8253,2023-06-25,Delivered,120,127.54,1,RIDER8253
8253,ORDER8254,2023-10-18,Failed,12,262.38,3,RIDER8254
8254,ORDER8255,2023-09-20,Failed,21,322.24,3,RIDER8255
8255,ORDER8256,2023-08-17,Delivered,109,370.82,2,RIDER8256
8256,ORDER8257,2023-10-03,Failed,14,221.88,3,RIDER8257
8257,ORDER8258,2023-01-01,Failed,83,77.87,4,RIDER8258
8258,ORDER8259,2023-02-26,In Transit,48,317.64,3,RIDER8259
8259,ORDER8260,2023-11-18,Delivered,73,172.01,4,RIDER8260
8260,ORDER8261,2023-06-27,In Transit,91,61.94,2,RIDER8261
8261,ORDER8262,2023-11-04,In Transit,61,390.92,2,RIDER8262
8262,ORDER8263,2023-09-05,Failed,106,105.79,4,RIDER8263
8263,ORDER8264,2023-11-06,Delivered,95,436.9,4,RIDER8264
8264,ORDER8265,2023-02-23,Failed,23,196.62,5,RIDER8265
8265,ORDER8266,2023-12-13,Failed,110,407.95,1,RIDER8266
8266,ORDER8267,2023-06-21,Failed,12,90.88,1,RIDER8267
8267,ORDER8268,2023-08-06,In Transit,95,467.57,1,RIDER8268
8268,ORDER8269,2023-01-29,In Transit,19,381.14,2,RIDER8269
8269,ORDER8270,2023-11-30,In Transit,21,92.55,3,RIDER8270
8270,ORDER8271,2023-02-12,Failed,39,328.53,2,RIDER8271
8271,ORDER8272,2023-07-09,In Transit,107,209.39,5,RIDER8272
8272,ORDER8273,2023-12-18,Failed,55,362.99,5,RIDER8273
8273,ORDER8274,2023-11-07,Failed,103,241.88,3,RIDER8274
8274,ORDER8275,2023-10-14,Delivered,110,172.79,5,RIDER8275
8275,ORDER8276,2023-09-18,In Transit,45,202.07,3,RIDER8276
8276,ORDER8277,2023-05-09,Delivered,104,382.75,3,RIDER8277
8277,ORDER8278,2023-09-01,In Transit,49,241.02,4,RIDER8278
8278,ORDER8279,2023-04-04,In Transit,48,319.58,3,RIDER8279
8279,ORDER8280,2023-05-27,In Transit,116,277.97,3,RIDER8280
8280,ORDER8281,2023-11-26,In Transit,21,242.4,5,RIDER8281
8281,ORDER8282,2023-04-27,Failed,69,226.67,4,RIDER8282
8282,ORDER8283,2023-07-18,Delivered,32,167.19,2,RIDER8283
8283,ORDER8284,2023-11-21,Delivered,92,420.57,1,RIDER8284
8284,ORDER8285,2023-09-17,Delivered,87,230.08,2,RIDER8285
8285,ORDER8286,2023-04-05,Failed,94,344.9,1,RIDER8286
8286,ORDER8287,2023-11-01,Failed,41,394.08,5,RIDER8287
8287,ORDER8288,2023-10-22,Failed,117,384.13,3,RIDER8288
8288,ORDER8289,2023-05-20,In Transit,111,372.43,3,RIDER8289
8289,ORDER8290,2023-10-21,Delivered,28,318.99,2,RIDER8290
8290,ORDER8291,2023-10-16,Delivered,88,251.61,2,RIDER8291
8291,ORDER8292,2023-10-01,Delivered,60,493.68,4,RIDER8292
8292,ORDER8293,2023-10-25,In Transit,92,474.87,1,RIDER8293
8293,ORDER8294,2023-06-27,Failed,101,340.2,4,RIDER8294
8294,ORDER8295,2023-02-17,In Transit,85,151.48,2,RIDER8295
8295,ORDER8296,2023-04-24,Delivered,13,266.55,3,RIDER8296
8296,ORDER8297,2023-09-26,Delivered,77,480.52,5,RIDER8297
8297,ORDER8298,2023-03-27,In Transit,110,316.17,3,RIDER8298
8298,ORDER8299,2023-07-28,In Transit,71,175.73,1,RIDER8299
8299,ORDER8300,2023-11-21,In Transit,112,76.53,1,RIDER8300
8300,ORDER8301,2023-01-21,Delivered,31,294.21,5,RIDER8301
8301,ORDER8302,2023-11-14,Delivered,99,193.7,1,RIDER8302
8302,ORDER8303,2023-02-05,Failed,93,269.83,4,RIDER8303
8303,ORDER8304,2023-08-24,Delivered,19,380.44,2,RIDER8304
8304,ORDER8305,2023-09-16,Failed,103,353.19,4,RIDER8305
8305,ORDER8306,2023-10-30,Delivered,62,82.7,2,RIDER8306
8306,ORDER8307,2023-01-25,Delivered,46,443.88,4,RIDER8307
8307,ORDER8308,2023-01-27,Failed,95,86.39,4,RIDER8308
8308,ORDER8309,2023-09-05,Failed,31,361.1,2,RIDER8309
8309,ORDER8310,2023-01-17,In Transit,58,257.05,4,RIDER8310
8310,ORDER8311,2023-07-19,Failed,83,234.47,5,RIDER8311
8311,ORDER8312,2023-11-21,Failed,115,406.33,2,RIDER8312
8312,ORDER8313,2023-12-10,In Transit,78,102.51,2,RIDER8313
8313,ORDER8314,2023-01-06,In Transit,44,181.17,4,RIDER8314
8314,ORDER8315,2023-07-25,Failed,44,305.89,5,RIDER8315
8315,ORDER8316,2023-01-10,Delivered,82,265.89,1,RIDER8316
8316,ORDER8317,2023-11-26,Delivered,107,286.24,2,RIDER8317
8317,ORDER8318,2023-01-21,In Transit,40,345.28,3,RIDER8318
8318,ORDER8319,2023-03-03,In Transit,55,456.57,2,RIDER8319
8319,ORDER8320,2023-11-20,Delivered,116,237.01,1,RIDER8320
8320,ORDER8321,2023-07-30,Delivered,52,439.51,4,RIDER8321
8321,ORDER8322,2023-08-21,Delivered,11,479.78,5,RIDER8322
8322,ORDER8323,2023-02-17,In Transit,101,464.09,5,RIDER8323
8323,ORDER8324,2023-04-20,In Transit,77,414.23,3,RIDER8324
8324,ORDER8325,2023-01-11,In Transit,68,468.49,4,RIDER8325
8325,ORDER8326,2023-05-18,Failed,60,408.96,1,RIDER8326
8326,ORDER8327,2023-06-25,In Transit,119,309.74,4,RIDER8327
8327,ORDER8328,2023-06-10,In Transit,72,72.31,4,RIDER8328
8328,ORDER8329,2023-01-04,Failed,67,130.98,2,RIDER8329
8329,ORDER8330,2023-08-11,Delivered,117,301.57,3,RIDER8330
8330,ORDER8331,2023-07-23,Failed,59,361.97,2,RIDER8331
8331,ORDER8332,2023-09-21,Failed,44,215.48,2,RIDER8332
8332,ORDER8333,2023-03-11,Failed,42,452.34,1,RIDER8333
8333,ORDER8334,2023-11-07,Delivered,109,413.44,5,RIDER8334
8334,ORDER8335,2023-02-08,In Transit,15,126.57,4,RIDER8335
8335,ORDER8336,2023-06-22,Failed,107,189.13,1,RIDER8336
8336,ORDER8337,2023-05-23,Delivered,119,375.75,2,RIDER8337
8337,ORDER8338,2023-10-22,In Transit,37,447.45,2,RIDER8338
8338,ORDER8339,2023-12-19,Delivered,53,152.39,2,RIDER8339
8339,ORDER8340,2023-01-20,Delivered,49,209.9,2,RIDER8340
8340,ORDER8341,2023-07-16,Failed,55,338.47,5,RIDER8341
8341,ORDER8342,2023-07-12,Failed,118,50.6,3,RIDER8342
8342,ORDER8343,2023-04-23,Delivered,109,62.1,5,RIDER8343
8343,ORDER8344,2023-07-08,Delivered,114,383.1,3,RIDER8344
8344,ORDER8345,2023-10-22,In Transit,47,285.91,1,RIDER8345
8345,ORDER8346,2023-02-13,In Transit,43,203.96,3,RIDER8346
8346,ORDER8347,2023-06-02,Delivered,37,172.52,1,RIDER8347
8347,ORDER8348,2023-01-05,Delivered,20,430.47,4,RIDER8348
8348,ORDER8349,2023-02-21,In Transit,87,476.61,1,RIDER8349
8349,ORDER8350,2023-02-11,In Transit,78,115.26,1,RIDER8350
8350,ORDER8351,2023-07-19,In Transit,104,436.05,1,RIDER8351
8351,ORDER8352,2023-01-11,Delivered,58,197.13,1,RIDER8352
8352,ORDER8353,2023-03-08,In Transit,108,150.83,4,RIDER8353
8353,ORDER8354,2023-08-31,In Transit,114,300.76,1,RIDER8354
8354,ORDER8355,2023-10-25,Delivered,24,310.45,5,RIDER8355
8355,ORDER8356,2023-08-05,Delivered,117,320.19,5,RIDER8356
8356,ORDER8357,2023-01-15,In Transit,57,455.94,1,RIDER8357
8357,ORDER8358,2023-10-27,Delivered,48,336.48,1,RIDER8358
8358,ORDER8359,2023-08-11,Delivered,47,456.68,2,RIDER8359
8359,ORDER8360,2023-07-27,Delivered,69,52.48,2,RIDER8360
8360,ORDER8361,2023-01-03,In Transit,68,330.61,2,RIDER8361
8361,ORDER8362,2023-03-26,Delivered,26,412.86,3,RIDER8362
8362,ORDER8363,2023-04-30,In Transit,13,124.99,3,RIDER8363
8363,ORDER8364,2023-04-09,Delivered,63,291.24,5,RIDER8364
8364,ORDER8365,2023-09-18,Delivered,82,115.5,1,RIDER8365
8365,ORDER8366,2023-05-04,Delivered,107,465.33,1,RIDER8366
8366,ORDER8367,2023-08-13,Failed,71,145.69,3,RIDER8367
8367,ORDER8368,2023-04-11,Delivered,88,321.41,3,RIDER8368
8368,ORDER8369,2023-12-01,Delivered,40,317.93,4,RIDER8369
8369,ORDER8370,2023-03-26,Failed,16,58.11,5,RIDER8370
8370,ORDER8371,2023-09-15,Failed,59,251.76,4,RIDER8371
8371,ORDER8372,2023-01-02,Failed,20,413.37,5,RIDER8372
8372,ORDER8373,2023-02-04,Failed,112,482.86,4,RIDER8373
8373,ORDER8374,2023-07-27,Delivered,80,373.68,5,RIDER8374
8374,ORDER8375,2023-10-09,Delivered,95,187.95,5,RIDER8375
8375,ORDER8376,2023-12-17,In Transit,50,109.04,5,RIDER8376
8376,ORDER8377,2023-10-24,In Transit,80,57.38,3,RIDER8377
8377,ORDER8378,2023-12-28,Failed,38,491.9,3,RIDER8378
8378,ORDER8379,2023-10-10,Failed,100,394.18,1,RIDER8379
8379,ORDER8380,2023-11-27,In Transit,102,422.79,1,RIDER8380
8380,ORDER8381,2023-04-30,In Transit,118,190.7,4,RIDER8381
8381,ORDER8382,2023-01-13,Failed,110,341.08,3,RIDER8382
8382,ORDER8383,2023-11-02,In Transit,34,313.57,3,RIDER8383
8383,ORDER8384,2023-12-17,Failed,43,246.69,5,RIDER8384
8384,ORDER8385,2023-07-22,Delivered,102,386.58,3,RIDER8385
8385,ORDER8386,2023-11-26,In Transit,68,241.74,2,RIDER8386
8386,ORDER8387,2023-05-23,In Transit,48,395.91,3,RIDER8387
8387,ORDER8388,2023-06-16,Failed,69,318.45,1,RIDER8388
8388,ORDER8389,2023-05-28,Failed,50,369.04,5,RIDER8389
8389,ORDER8390,2023-06-02,Delivered,118,334.84,2,RIDER8390
8390,ORDER8391,2023-01-26,In Transit,105,180.39,1,RIDER8391
8391,ORDER8392,2023-09-09,Failed,61,222.32,4,RIDER8392
8392,ORDER8393,2023-03-16,In Transit,61,96.6,3,RIDER8393
8393,ORDER8394,2023-03-08,In Transit,70,285.14,1,RIDER8394
8394,ORDER8395,2023-11-01,In Transit,92,479.43,5,RIDER8395
8395,ORDER8396,2023-01-09,Failed,120,249.88,5,RIDER8396
8396,ORDER8397,2023-03-06,Delivered,90,399.96,1,RIDER8397
8397,ORDER8398,2023-06-13,In Transit,105,472.12,4,RIDER8398
8398,ORDER8399,2023-03-26,In Transit,18,386.76,4,RIDER8399
8399,ORDER8400,2023-04-07,Delivered,31,430.62,4,RIDER8400
8400,ORDER8401,2023-03-05,Failed,29,438.59,1,RIDER8401
8401,ORDER8402,2023-02-05,Failed,31,153.89,5,RIDER8402
8402,ORDER8403,2023-11-17,In Transit,74,318.8,2,RIDER8403
8403,ORDER8404,2023-03-17,Failed,78,299.73,1,RIDER8404
8404,ORDER8405,2023-08-26,Delivered,35,151.66,5,RIDER8405
8405,ORDER8406,2023-07-19,Delivered,88,390.3,3,RIDER8406
8406,ORDER8407,2023-04-21,In Transit,108,292.0,2,RIDER8407
8407,ORDER8408,2023-09-20,In Transit,120,214.37,2,RIDER8408
8408,ORDER8409,2023-08-20,Failed,52,478.46,5,RIDER8409
8409,ORDER8410,2023-11-20,Delivered,101,209.18,2,RIDER8410
8410,ORDER8411,2023-01-14,Delivered,117,144.21,1,RIDER8411
8411,ORDER8412,2023-08-07,In Transit,81,189.99,5,RIDER8412
8412,ORDER8413,2023-11-05,Failed,113,437.61,4,RIDER8413
8413,ORDER8414,2023-10-25,Delivered,116,317.96,1,RIDER8414
8414,ORDER8415,2023-02-19,In Transit,120,398.87,5,RIDER8415
8415,ORDER8416,2023-01-02,In Transit,60,235.18,5,RIDER8416
8416,ORDER8417,2023-01-02,In Transit,61,57.95,3,RIDER8417
8417,ORDER8418,2023-10-27,Failed,106,336.41,2,RIDER8418
8418,ORDER8419,2023-07-06,Delivered,111,268.1,4,RIDER8419
8419,ORDER8420,2023-06-26,Delivered,113,197.06,3,RIDER8420
8420,ORDER8421,2023-12-09,In Transit,105,458.45,4,RIDER8421
8421,ORDER8422,2023-03-10,Delivered,40,55.1,3,RIDER8422
8422,ORDER8423,2023-08-07,Delivered,20,180.47,2,RIDER8423
8423,ORDER8424,2023-06-22,In Transit,55,408.41,5,RIDER8424
8424,ORDER8425,2023-02-26,In Transit,10,111.85,4,RIDER8425
8425,ORDER8426,2023-08-28,In Transit,88,249.67,5,RIDER8426
8426,ORDER8427,2023-09-29,In Transit,33,90.45,1,RIDER8427
8427,ORDER8428,2023-11-17,Failed,115,230.78,2,RIDER8428
8428,ORDER8429,2023-07-02,Failed,62,331.55,2,RIDER8429
8429,ORDER8430,2023-03-29,Delivered,114,261.98,4,RIDER8430
8430,ORDER8431,2023-06-13,Delivered,61,101.47,4,RIDER8431
8431,ORDER8432,2023-05-12,Failed,96,192.56,2,RIDER8432
8432,ORDER8433,2023-02-08,In Transit,84,452.95,1,RIDER8433
8433,ORDER8434,2023-12-14,In Transit,101,392.05,3,RIDER8434
8434,ORDER8435,2023-11-08,In Transit,11,53.09,1,RIDER8435
8435,ORDER8436,2023-07-17,In Transit,97,104.52,5,RIDER8436
8436,ORDER8437,2023-12-24,Failed,84,199.98,1,RIDER8437
8437,ORDER8438,2023-10-15,Failed,21,426.06,3,RIDER8438
8438,ORDER8439,2023-10-24,Delivered,65,248.12,2,RIDER8439
8439,ORDER8440,2023-03-27,Failed,28,80.95,2,RIDER8440
8440,ORDER8441,2023-12-08,In Transit,85,490.16,5,RIDER8441
8441,ORDER8442,2023-10-26,Failed,75,101.51,2,RIDER8442
8442,ORDER8443,2023-03-02,In Transit,38,302.74,5,RIDER8443
8443,ORDER8444,2023-04-25,Failed,54,184.98,5,RIDER8444
8444,ORDER8445,2023-03-08,Failed,36,458.2,5,RIDER8445
8445,ORDER8446,2023-09-02,Failed,89,294.33,5,RIDER8446
8446,ORDER8447,2023-12-11,Delivered,29,269.7,2,RIDER8447
8447,ORDER8448,2023-01-10,In Transit,52,196.73,5,RIDER8448
8448,ORDER8449,2023-12-18,Delivered,111,426.22,5,RIDER8449
8449,ORDER8450,2023-05-02,Failed,67,412.74,5,RIDER8450
8450,ORDER8451,2023-06-06,In Transit,90,207.92,3,RIDER8451
8451,ORDER8452,2023-08-12,Failed,60,82.7,4,RIDER8452
8452,ORDER8453,2023-07-28,In Transit,54,420.84,5,RIDER8453
8453,ORDER8454,2023-10-17,Delivered,21,437.32,3,RIDER8454
8454,ORDER8455,2023-01-07,Delivered,49,498.63,2,RIDER8455
8455,ORDER8456,2023-02-10,In Transit,13,153.47,1,RIDER8456
8456,ORDER8457,2023-10-22,In Transit,54,254.69,5,RIDER8457
8457,ORDER8458,2023-06-24,Failed,98,451.6,2,RIDER8458
8458,ORDER8459,2023-11-19,In Transit,10,285.2,4,RIDER8459
8459,ORDER8460,2023-07-13,Failed,84,178.41,2,RIDER8460
8460,ORDER8461,2023-03-01,In Transit,82,250.37,1,RIDER8461
8461,ORDER8462,2023-09-29,Delivered,101,496.53,1,RIDER8462
8462,ORDER8463,2023-03-09,In Transit,94,106.8,5,RIDER8463
8463,ORDER8464,2023-08-28,Delivered,75,414.18,4,RIDER8464
8464,ORDER8465,2023-12-31,In Transit,89,456.52,2,RIDER8465
8465,ORDER8466,2023-07-07,Failed,38,309.89,1,RIDER8466
8466,ORDER8467,2023-01-20,Delivered,104,304.41,1,RIDER8467
8467,ORDER8468,2023-10-25,In Transit,116,391.47,4,RIDER8468
8468,ORDER8469,2023-05-13,Delivered,59,388.36,2,RIDER8469
8469,ORDER8470,2023-08-30,Failed,105,55.83,4,RIDER8470
8470,ORDER8471,2023-10-08,In Transit,46,399.38,1,RIDER8471
8471,ORDER8472,2023-06-15,In Transit,13,98.57,4,RIDER8472
8472,ORDER8473,2023-10-13,Delivered,106,456.32,2,RIDER8473
8473,ORDER8474,2023-06-10,Failed,105,298.5,4,RIDER8474
8474,ORDER8475,2023-04-14,In Transit,66,120.42,3,RIDER8475
8475,ORDER8476,2023-08-12,In Transit,99,68.88,4,RIDER8476
8476,ORDER8477,2023-05-01,Delivered,73,67.45,2,RIDER8477
8477,ORDER8478,2023-12-31,Failed,68,475.12,4,RIDER8478
8478,ORDER8479,2023-02-10,Delivered,117,217.03,2,RIDER8479
8479,ORDER8480,2023-02-23,In Transit,88,372.98,4,RIDER8480
8480,ORDER8481,2023-03-16,Failed,59,328.25,3,RIDER8481
8481,ORDER8482,2023-11-23,Failed,43,146.21,1,RIDER8482
8482,ORDER8483,2023-06-05,Delivered,13,138.45,4,RIDER8483
8483,ORDER8484,2023-10-22,Delivered,39,350.95,2,RIDER8484
8484,ORDER8485,2023-05-26,In Transit,93,145.59,4,RIDER8485
8485,ORDER8486,2023-05-29,In Transit,43,480.58,2,RIDER8486
8486,ORDER8487,2023-07-30,Failed,97,175.25,2,RIDER8487
8487,ORDER8488,2023-07-03,In Transit,113,134.42,5,RIDER8488
8488,ORDER8489,2023-12-08,In Transit,62,271.4,4,RIDER8489
8489,ORDER8490,2023-12-10,In Transit,32,160.01,4,RIDER8490
8490,ORDER8491,2023-07-25,Failed,63,336.09,3,RIDER8491
8491,ORDER8492,2023-05-30,In Transit,38,105.4,4,RIDER8492
8492,ORDER8493,2023-06-14,Delivered,12,370.81,4,RIDER8493
8493,ORDER8494,2023-08-05,Failed,85,154.64,3,RIDER8494
8494,ORDER8495,2023-06-20,Failed,73,75.55,4,RIDER8495
8495,ORDER8496,2023-10-11,Delivered,80,346.88,2,RIDER8496
8496,ORDER8497,2023-10-30,Delivered,41,277.73,3,RIDER8497
8497,ORDER8498,2023-03-23,Delivered,62,125.11,3,RIDER8498
8498,ORDER8499,2023-08-01,In Transit,100,81.62,1,RIDER8499
8499,ORDER8500,2023-08-13,Delivered,12,145.72,4,RIDER8500
8500,ORDER8501,2023-11-30,Delivered,26,297.11,1,RIDER8501
8501,ORDER8502,2023-12-03,In Transit,34,185.9,4,RIDER8502
8502,ORDER8503,2023-09-21,Delivered,58,451.01,5,RIDER8503
8503,ORDER8504,2023-03-04,Delivered,31,160.95,1,RIDER8504
8504,ORDER8505,2023-11-11,Failed,39,304.94,2,RIDER8505
8505,ORDER8506,2023-01-12,Delivered,69,122.0,5,RIDER8506
8506,ORDER8507,2023-07-07,Failed,57,50.25,2,RIDER8507
8507,ORDER8508,2023-03-08,Delivered,82,346.76,3,RIDER8508
8508,ORDER8509,2023-08-06,Delivered,62,291.44,4,RIDER8509
8509,ORDER8510,2023-12-02,Failed,39,333.79,1,RIDER8510
8510,ORDER8511,2023-07-23,Failed,93,372.38,5,RIDER8511
8511,ORDER8512,2023-03-25,Failed,25,62.36,2,RIDER8512
8512,ORDER8513,2023-02-01,Delivered,27,104.76,4,RIDER8513
8513,ORDER8514,2023-07-20,Failed,118,421.31,4,RIDER8514
8514,ORDER8515,2023-06-30,Failed,98,266.33,4,RIDER8515
8515,ORDER8516,2023-02-04,Failed,48,391.68,5,RIDER8516
8516,ORDER8517,2023-06-15,Delivered,77,491.61,4,RIDER8517
8517,ORDER8518,2023-05-12,Delivered,51,390.87,5,RIDER8518
8518,ORDER8519,2023-12-10,In Transit,37,130.46,4,RIDER8519
8519,ORDER8520,2023-06-21,In Transit,61,328.73,3,RIDER8520
8520,ORDER8521,2023-12-07,Failed,63,122.75,4,RIDER8521
8521,ORDER8522,2023-07-29,Failed,111,199.12,4,RIDER8522
8522,ORDER8523,2023-06-04,In Transit,114,306.3,2,RIDER8523
8523,ORDER8524,2023-02-28,In Transit,93,418.72,2,RIDER8524
8524,ORDER8525,2023-09-10,Failed,44,272.9,1,RIDER8525
8525,ORDER8526,2023-01-20,Delivered,67,84.68,5,RIDER8526
8526,ORDER8527,2023-02-05,Failed,67,182.78,3,RIDER8527
8527,ORDER8528,2023-12-03,Failed,95,224.55,5,RIDER8528
8528,ORDER8529,2023-09-29,In Transit,17,122.75,1,RIDER8529
8529,ORDER8530,2023-01-13,Failed,83,258.51,2,RIDER8530
8530,ORDER8531,2023-06-19,In Transit,44,122.17,3,RIDER8531
8531,ORDER8532,2023-01-08,In Transit,46,98.49,1,RIDER8532
8532,ORDER8533,2023-06-16,Delivered,117,189.87,2,RIDER8533
8533,ORDER8534,2023-07-23,Failed,10,75.14,3,RIDER8534
8534,ORDER8535,2023-12-21,Delivered,22,403.02,1,RIDER8535
8535,ORDER8536,2023-11-13,In Transit,77,160.57,4,RIDER8536
8536,ORDER8537,2023-03-22,Failed,21,349.33,2,RIDER8537
8537,ORDER8538,2023-12-18,In Transit,112,348.05,4,RIDER8538
8538,ORDER8539,2023-05-28,In Transit,16,59.59,2,RIDER8539
8539,ORDER8540,2023-11-03,Failed,80,260.38,1,RIDER8540
8540,ORDER8541,2023-02-19,Delivered,23,451.44,5,RIDER8541
8541,ORDER8542,2023-06-12,In Transit,17,104.42,2,RIDER8542
8542,ORDER8543,2023-02-12,Failed,106,387.43,3,RIDER8543
8543,ORDER8544,2023-01-21,In Transit,34,54.28,4,RIDER8544
8544,ORDER8545,2023-09-16,In Transit,98,443.26,1,RIDER8545
8545,ORDER8546,2023-03-15,Delivered,58,263.13,1,RIDER8546
8546,ORDER8547,2023-10-28,Delivered,102,343.7,2,RIDER8547
8547,ORDER8548,2023-04-23,Delivered,18,193.89,5,RIDER8548
8548,ORDER8549,2023-11-22,Delivered,117,202.72,2,RIDER8549
8549,ORDER8550,2023-01-22,Failed,103,463.58,1,RIDER8550
8550,ORDER8551,2023-02-28,Failed,95,497.67,2,RIDER8551
8551,ORDER8552,2023-06-29,Delivered,111,55.02,4,RIDER8552
8552,ORDER8553,2023-12-18,Failed,46,124.0,3,RIDER8553
8553,ORDER8554,2023-06-12,In Transit,80,455.81,2,RIDER8554
8554,ORDER8555,2023-06-26,In Transit,117,64.06,4,RIDER8555
8555,ORDER8556,2023-11-18,Delivered,105,486.27,1,RIDER8556
8556,ORDER8557,2023-12-19,In Transit,80,437.29,1,RIDER8557
8557,ORDER8558,2023-01-31,Delivered,81,104.82,1,RIDER8558
8558,ORDER8559,2023-09-30,Failed,49,420.45,3,RIDER8559
8559,ORDER8560,2023-12-19,Failed,14,86.33,3,RIDER8560
8560,ORDER8561,2023-08-18,In Transit,39,486.2,5,RIDER8561
8561,ORDER8562,2023-07-18,Delivered,20,426.85,3,RIDER8562
8562,ORDER8563,2023-10-08,In Transit,92,169.88,4,RIDER8563
8563,ORDER8564,2023-12-07,In Transit,77,301.43,4,RIDER8564
8564,ORDER8565,2023-07-17,In Transit,88,157.55,3,RIDER8565
8565,ORDER8566,2023-06-25,Failed,38,245.86,3,RIDER8566
8566,ORDER8567,2023-07-21,In Transit,83,395.25,3,RIDER8567
8567,ORDER8568,2023-02-18,In Transit,90,268.49,3,RIDER8568
8568,ORDER8569,2023-07-09,Failed,68,390.25,3,RIDER8569
8569,ORDER8570,2023-04-23,Delivered,19,158.66,4,RIDER8570
8570,ORDER8571,2023-01-19,Failed,66,258.41,2,RIDER8571
8571,ORDER8572,2023-02-18,Delivered,115,166.87,1,RIDER8572
8572,ORDER8573,2023-02-25,Delivered,117,329.98,3,RIDER8573
8573,ORDER8574,2023-02-19,Delivered,56,254.25,3,RIDER8574
8574,ORDER8575,2023-03-11,Failed,70,451.4,5,RIDER8575
8575,ORDER8576,2023-10-01,Failed,54,94.98,1,RIDER8576
8576,ORDER8577,2023-11-26,In Transit,53,141.43,2,RIDER8577
8577,ORDER8578,2023-11-04,In Transit,99,313.27,3,RIDER8578
8578,ORDER8579,2023-10-17,Failed,69,283.97,4,RIDER8579
8579,ORDER8580,2023-08-09,Delivered,60,366.19,4,RIDER8580
8580,ORDER8581,2023-04-25,Failed,119,410.72,4,RIDER8581
8581,ORDER8582,2023-05-12,Failed,46,216.03,3,RIDER8582
8582,ORDER8583,2023-06-04,Delivered,34,118.96,5,RIDER8583
8583,ORDER8584,2023-12-18,Failed,82,252.86,1,RIDER8584
8584,ORDER8585,2023-11-28,Failed,60,113.43,1,RIDER8585
8585,ORDER8586,2023-12-16,In Transit,12,317.04,3,RIDER8586
8586,ORDER8587,2023-03-31,Failed,57,165.96,1,RIDER8587
8587,ORDER8588,2023-03-12,In Transit,112,431.83,2,RIDER8588
8588,ORDER8589,2023-06-24,Failed,42,446.05,2,RIDER8589
8589,ORDER8590,2023-02-02,Failed,117,132.73,1,RIDER8590
8590,ORDER8591,2023-03-26,Delivered,70,105.77,5,RIDER8591
8591,ORDER8592,2023-03-17,Failed,39,331.59,1,RIDER8592
8592,ORDER8593,2023-09-19,In Transit,88,493.58,5,RIDER8593
8593,ORDER8594,2023-12-23,Failed,101,144.85,5,RIDER8594
8594,ORDER8595,2023-04-25,Delivered,77,197.81,3,RIDER8595
8595,ORDER8596,2023-12-21,Failed,25,441.43,3,RIDER8596
8596,ORDER8597,2023-04-23,Failed,115,61.33,2,RIDER8597
8597,ORDER8598,2023-03-18,Failed,51,262.41,2,RIDER8598
8598,ORDER8599,2023-01-21,Failed,100,175.14,5,RIDER8599
8599,ORDER8600,2023-09-13,Failed,105,483.32,4,RIDER8600
8600,ORDER8601,2023-04-03,Failed,58,230.12,2,RIDER8601
8601,ORDER8602,2023-11-17,Delivered,87,422.3,1,RIDER8602
8602,ORDER8603,2023-12-02,In Transit,12,403.46,5,RIDER8603
8603,ORDER8604,2023-12-05,In Transit,15,330.34,1,RIDER8604
8604,ORDER8605,2023-03-13,Delivered,81,120.8,1,RIDER8605
8605,ORDER8606,2023-05-02,Delivered,53,370.92,4,RIDER8606
8606,ORDER8607,2023-03-24,Delivered,114,326.25,1,RIDER8607
8607,ORDER8608,2023-01-07,In Transit,113,395.21,4,RIDER8608
8608,ORDER8609,2023-10-23,Delivered,23,202.65,3,RIDER8609
8609,ORDER8610,2023-05-30,Delivered,61,447.49,1,RIDER8610
8610,ORDER8611,2023-09-11,In Transit,28,374.92,5,RIDER8611
8611,ORDER8612,2023-02-24,In Transit,15,114.41,1,RIDER8612
8612,ORDER8613,2023-10-25,In Transit,83,448.71,1,RIDER8613
8613,ORDER8614,2023-03-13,Delivered,12,148.77,1,RIDER8614
8614,ORDER8615,2023-01-02,Failed,109,292.3,4,RIDER8615
8615,ORDER8616,2023-08-22,Delivered,13,446.1,2,RIDER8616
8616,ORDER8617,2023-11-03,In Transit,75,431.93,3,RIDER8617
8617,ORDER8618,2023-01-22,Delivered,95,284.22,5,RIDER8618
8618,ORDER8619,2023-06-23,In Transit,117,126.83,2,RIDER8619
8619,ORDER8620,2023-01-23,Delivered,26,285.66,1,RIDER8620
8620,ORDER8621,2023-06-06,Delivered,70,196.29,4,RIDER8621
8621,ORDER8622,2023-04-21,Failed,32,83.2,5,RIDER8622
8622,ORDER8623,2023-06-20,Delivered,94,164.06,3,RIDER8623
8623,ORDER8624,2023-11-30,Delivered,26,163.63,2,RIDER8624
8624,ORDER8625,2023-02-23,Failed,49,234.18,3,RIDER8625
8625,ORDER8626,2023-02-13,Failed,49,290.9,1,RIDER8626
8626,ORDER8627,2023-02-02,Delivered,48,115.64,4,RIDER8627
8627,ORDER8628,2023-12-15,Failed,49,84.29,3,RIDER8628
8628,ORDER8629,2023-01-01,In Transit,42,180.33,3,RIDER8629
8629,ORDER8630,2023-09-05,In Transit,99,152.93,1,RIDER8630
8630,ORDER8631,2023-11-26,In Transit,23,415.39,5,RIDER8631
8631,ORDER8632,2023-02-01,Failed,42,144.33,5,RIDER8632
8632,ORDER8633,2023-02-02,In Transit,115,347.11,2,RIDER8633
8633,ORDER8634,2023-10-18,In Transit,42,164.61,3,RIDER8634
8634,ORDER8635,2023-09-25,Delivered,106,180.3,4,RIDER8635
8635,ORDER8636,2023-01-01,Delivered,100,430.02,5,RIDER8636
8636,ORDER8637,2023-07-14,In Transit,105,162.17,5,RIDER8637
8637,ORDER8638,2023-11-18,Delivered,93,95.22,3,RIDER8638
8638,ORDER8639,2023-11-11,Failed,83,441.25,3,RIDER8639
8639,ORDER8640,2023-08-30,Failed,44,267.46,1,RIDER8640
8640,ORDER8641,2023-12-25,Delivered,78,323.43,5,RIDER8641
8641,ORDER8642,2023-09-22,Failed,34,173.75,5,RIDER8642
8642,ORDER8643,2023-12-14,In Transit,103,361.77,3,RIDER8643
8643,ORDER8644,2023-04-17,Failed,38,63.02,3,RIDER8644
8644,ORDER8645,2023-03-20,Delivered,99,445.45,5,RIDER8645
8645,ORDER8646,2023-09-20,Failed,108,393.48,3,RIDER8646
8646,ORDER8647,2023-12-06,In Transit,97,237.4,1,RIDER8647
8647,ORDER8648,2023-03-29,Delivered,101,124.9,5,RIDER8648
8648,ORDER8649,2023-12-05,Failed,37,338.52,5,RIDER8649
8649,ORDER8650,2023-03-07,In Transit,84,169.1,2,RIDER8650
8650,ORDER8651,2023-01-07,Failed,68,161.03,2,RIDER8651
8651,ORDER8652,2023-07-16,Failed,84,93.24,2,RIDER8652
8652,ORDER8653,2023-02-25,Delivered,44,135.89,5,RIDER8653
8653,ORDER8654,2023-10-20,In Transit,58,61.69,4,RIDER8654
8654,ORDER8655,2023-02-13,In Transit,50,222.84,3,RIDER8655
8655,ORDER8656,2023-03-29,Delivered,82,485.93,2,RIDER8656
8656,ORDER8657,2023-05-16,Delivered,89,326.39,3,RIDER8657
8657,ORDER8658,2023-11-18,Failed,84,270.91,2,RIDER8658
8658,ORDER8659,2023-08-08,Failed,57,295.68,1,RIDER8659
8659,ORDER8660,2023-09-09,Delivered,37,409.15,3,RIDER8660
8660,ORDER8661,2023-03-14,In Transit,93,337.32,4,RIDER8661
8661,ORDER8662,2023-05-24,In Transit,117,288.39,1,RIDER8662
8662,ORDER8663,2023-02-07,Failed,114,161.51,3,RIDER8663
8663,ORDER8664,2023-04-22,Failed,27,345.62,4,RIDER8664
8664,ORDER8665,2023-04-23,Failed,49,494.93,5,RIDER8665
8665,ORDER8666,2023-08-29,In Transit,42,315.82,4,RIDER8666
8666,ORDER8667,2023-09-07,Failed,99,332.94,4,RIDER8667
8667,ORDER8668,2023-10-26,Failed,84,65.02,1,RIDER8668
8668,ORDER8669,2023-05-07,In Transit,99,423.04,1,RIDER8669
8669,ORDER8670,2023-02-12,Delivered,118,376.51,2,RIDER8670
8670,ORDER8671,2023-06-23,Delivered,11,362.47,3,RIDER8671
8671,ORDER8672,2023-03-12,In Transit,105,229.83,4,RIDER8672
8672,ORDER8673,2023-07-05,Failed,57,244.02,3,RIDER8673
8673,ORDER8674,2023-11-01,In Transit,57,117.06,4,RIDER8674
8674,ORDER8675,2023-02-17,In Transit,96,50.98,5,RIDER8675
8675,ORDER8676,2023-11-30,Failed,110,89.65,3,RIDER8676
8676,ORDER8677,2023-05-08,In Transit,120,494.24,4,RIDER8677
8677,ORDER8678,2023-09-21,Delivered,36,199.04,5,RIDER8678
8678,ORDER8679,2023-01-06,Failed,69,379.14,3,RIDER8679
8679,ORDER8680,2023-01-01,In Transit,97,335.2,2,RIDER8680
8680,ORDER8681,2023-09-25,In Transit,109,62.8,1,RIDER8681
8681,ORDER8682,2023-02-22,Delivered,94,436.0,4,RIDER8682
8682,ORDER8683,2023-09-04,In Transit,44,442.48,5,RIDER8683
8683,ORDER8684,2023-07-08,In Transit,22,239.72,1,RIDER8684
8684,ORDER8685,2023-05-12,Delivered,88,417.99,4,RIDER8685
8685,ORDER8686,2023-08-28,Delivered,32,122.35,3,RIDER8686
8686,ORDER8687,2023-04-24,Failed,28,196.93,1,RIDER8687
8687,ORDER8688,2023-12-18,Failed,47,54.03,5,RIDER8688
8688,ORDER8689,2023-05-28,In Transit,15,199.33,4,RIDER8689
8689,ORDER8690,2023-10-01,Delivered,103,51.51,1,RIDER8690
8690,ORDER8691,2023-11-20,Delivered,84,372.12,2,RIDER8691
8691,ORDER8692,2023-07-01,Failed,65,145.5,3,RIDER8692
8692,ORDER8693,2023-06-26,In Transit,26,376.61,3,RIDER8693
8693,ORDER8694,2023-12-30,In Transit,31,417.63,3,RIDER8694
8694,ORDER8695,2023-08-23,Failed,90,451.86,5,RIDER8695
8695,ORDER8696,2023-02-04,In Transit,55,121.54,1,RIDER8696
8696,ORDER8697,2023-08-07,Failed,72,154.52,2,RIDER8697
8697,ORDER8698,2023-05-13,Delivered,34,323.89,4,RIDER8698
8698,ORDER8699,2023-05-11,Delivered,61,426.22,4,RIDER8699
8699,ORDER8700,2023-12-02,Delivered,101,475.33,2,RIDER8700
8700,ORDER8701,2023-02-14,Delivered,112,431.91,5,RIDER8701
8701,ORDER8702,2023-07-10,Delivered,22,228.47,1,RIDER8702
8702,ORDER8703,2023-10-31,Delivered,40,299.12,4,RIDER8703
8703,ORDER8704,2023-09-09,Delivered,64,305.5,2,RIDER8704
8704,ORDER8705,2023-02-28,In Transit,23,67.09,5,RIDER8705
8705,ORDER8706,2023-02-24,In Transit,55,165.12,1,RIDER8706
8706,ORDER8707,2023-05-26,Failed,13,350.74,5,RIDER8707
8707,ORDER8708,2023-05-14,Delivered,109,415.14,4,RIDER8708
8708,ORDER8709,2023-05-30,In Transit,47,437.63,2,RIDER8709
8709,ORDER8710,2023-11-10,Delivered,102,280.13,5,RIDER8710
8710,ORDER8711,2023-05-12,Failed,116,165.82,2,RIDER8711
8711,ORDER8712,2023-02-26,Delivered,74,360.25,5,RIDER8712
8712,ORDER8713,2023-12-18,Delivered,16,216.22,2,RIDER8713
8713,ORDER8714,2023-07-15,Failed,26,401.3,5,RIDER8714
8714,ORDER8715,2023-01-11,Delivered,35,322.23,2,RIDER8715
8715,ORDER8716,2023-05-27,Failed,88,61.74,3,RIDER8716
8716,ORDER8717,2023-09-04,Delivered,21,70.99,2,RIDER8717
8717,ORDER8718,2023-11-09,In Transit,101,367.08,4,RIDER8718
8718,ORDER8719,2023-02-06,In Transit,56,206.02,5,RIDER8719
8719,ORDER8720,2023-02-09,Delivered,25,178.98,4,RIDER8720
8720,ORDER8721,2023-09-17,In Transit,21,264.41,3,RIDER8721
8721,ORDER8722,2023-03-29,Failed,102,386.38,3,RIDER8722
8722,ORDER8723,2023-09-30,In Transit,119,340.64,4,RIDER8723
8723,ORDER8724,2023-11-14,In Transit,80,328.15,5,RIDER8724
8724,ORDER8725,2023-12-12,In Transit,33,408.75,2,RIDER8725
8725,ORDER8726,2023-12-24,Failed,13,451.34,4,RIDER8726
8726,ORDER8727,2023-11-24,Failed,14,185.22,5,RIDER8727
8727,ORDER8728,2023-09-21,Failed,49,406.59,2,RIDER8728
8728,ORDER8729,2023-01-17,Delivered,18,237.1,2,RIDER8729
8729,ORDER8730,2023-11-13,Failed,109,399.93,2,RIDER8730
8730,ORDER8731,2023-02-04,Delivered,65,381.77,1,RIDER8731
8731,ORDER8732,2023-10-05,In Transit,38,185.99,3,RIDER8732
8732,ORDER8733,2023-05-13,Delivered,26,475.21,4,RIDER8733
8733,ORDER8734,2023-12-21,Failed,102,464.7,2,RIDER8734
8734,ORDER8735,2023-01-03,Failed,99,456.21,5,RIDER8735
8735,ORDER8736,2023-03-04,Delivered,74,177.66,1,RIDER8736
8736,ORDER8737,2023-05-16,Delivered,116,322.33,5,RIDER8737
8737,ORDER8738,2023-05-28,Failed,33,165.09,4,RIDER8738
8738,ORDER8739,2023-06-30,Failed,67,153.82,5,RIDER8739
8739,ORDER8740,2023-12-28,Failed,84,181.35,4,RIDER8740
8740,ORDER8741,2023-07-04,Failed,102,95.0,2,RIDER8741
8741,ORDER8742,2023-09-13,In Transit,49,438.88,1,RIDER8742
8742,ORDER8743,2023-08-30,Delivered,28,244.56,1,RIDER8743
8743,ORDER8744,2023-10-19,Failed,118,484.48,4,RIDER8744
8744,ORDER8745,2023-07-16,Failed,57,220.31,5,RIDER8745
8745,ORDER8746,2023-07-22,In Transit,13,195.79,5,RIDER8746
8746,ORDER8747,2023-08-21,In Transit,25,459.19,2,RIDER8747
8747,ORDER8748,2023-09-10,In Transit,37,203.48,2,RIDER8748
8748,ORDER8749,2023-09-22,Failed,81,140.44,1,RIDER8749
8749,ORDER8750,2023-11-26,Failed,84,67.98,5,RIDER8750
8750,ORDER8751,2023-08-18,In Transit,48,401.83,3,RIDER8751
8751,ORDER8752,2023-12-29,In Transit,11,280.82,2,RIDER8752
8752,ORDER8753,2023-11-25,Delivered,26,127.66,4,RIDER8753
8753,ORDER8754,2023-07-24,Delivered,110,266.66,3,RIDER8754
8754,ORDER8755,2023-03-24,Failed,88,266.46,1,RIDER8755
8755,ORDER8756,2023-11-20,In Transit,35,372.25,3,RIDER8756
8756,ORDER8757,2023-12-02,Delivered,49,103.41,4,RIDER8757
8757,ORDER8758,2023-10-26,Delivered,52,375.67,2,RIDER8758
8758,ORDER8759,2023-04-10,In Transit,91,191.26,2,RIDER8759
8759,ORDER8760,2023-03-27,In Transit,119,316.06,4,RIDER8760
8760,ORDER8761,2023-05-13,In Transit,30,356.7,2,RIDER8761
8761,ORDER8762,2023-11-05,Failed,57,480.05,1,RIDER8762
8762,ORDER8763,2023-03-27,In Transit,42,219.74,1,RIDER8763
8763,ORDER8764,2023-04-10,Delivered,110,429.41,5,RIDER8764
8764,ORDER8765,2023-05-20,Failed,36,160.33,1,RIDER8765
8765,ORDER8766,2023-02-23,Delivered,48,210.27,5,RIDER8766
8766,ORDER8767,2023-07-13,In Transit,31,136.31,2,RIDER8767
8767,ORDER8768,2023-08-12,Delivered,68,87.69,1,RIDER8768
8768,ORDER8769,2023-06-27,In Transit,58,62.54,2,RIDER8769
8769,ORDER8770,2023-11-21,In Transit,120,314.1,2,RIDER8770
8770,ORDER8771,2023-06-01,In Transit,91,300.19,4,RIDER8771
8771,ORDER8772,2023-07-22,Failed,26,114.0,2,RIDER8772
8772,ORDER8773,2023-09-03,Failed,87,345.25,4,RIDER8773
8773,ORDER8774,2023-05-26,In Transit,107,467.51,5,RIDER8774
8774,ORDER8775,2023-12-21,Failed,57,306.55,5,RIDER8775
8775,ORDER8776,2023-11-15,Failed,103,228.82,3,RIDER8776
8776,ORDER8777,2023-09-05,In Transit,75,323.86,3,RIDER8777
8777,ORDER8778,2023-01-05,Failed,32,301.5,5,RIDER8778
8778,ORDER8779,2023-04-24,In Transit,93,411.65,5,RIDER8779
8779,ORDER8780,2023-01-07,Failed,96,482.0,2,RIDER8780
8780,ORDER8781,2023-06-16,Delivered,16,211.46,1,RIDER8781
8781,ORDER8782,2023-09-08,Delivered,62,167.91,2,RIDER8782
8782,ORDER8783,2023-11-21,In Transit,39,477.63,5,RIDER8783
8783,ORDER8784,2023-03-07,In Transit,103,109.61,4,RIDER8784
8784,ORDER8785,2023-04-21,In Transit,65,103.61,5,RIDER8785
8785,ORDER8786,2023-12-20,Delivered,75,208.85,5,RIDER8786
8786,ORDER8787,2023-11-04,Failed,42,305.04,3,RIDER8787
8787,ORDER8788,2023-09-20,Failed,119,384.57,1,RIDER8788
8788,ORDER8789,2023-10-08,In Transit,85,415.48,2,RIDER8789
8789,ORDER8790,2023-07-25,Delivered,81,247.19,5,RIDER8790
8790,ORDER8791,2023-01-11,Failed,109,434.75,5,RIDER8791
8791,ORDER8792,2023-10-28,Failed,102,228.73,2,RIDER8792
8792,ORDER8793,2023-04-04,Delivered,79,266.42,4,RIDER8793
8793,ORDER8794,2023-05-29,In Transit,82,318.64,3,RIDER8794
8794,ORDER8795,2023-06-27,In Transit,114,59.46,5,RIDER8795
8795,ORDER8796,2023-09-24,Failed,55,353.45,2,RIDER8796
8796,ORDER8797,2023-11-17,Failed,88,182.67,5,RIDER8797
8797,ORDER8798,2023-03-31,Failed,67,460.52,1,RIDER8798
8798,ORDER8799,2023-05-25,Delivered,38,277.62,1,RIDER8799
8799,ORDER8800,2023-06-07,Failed,51,284.39,4,RIDER8800
8800,ORDER8801,2023-11-17,In Transit,76,301.39,5,RIDER8801
8801,ORDER8802,2023-06-06,Delivered,81,394.18,2,RIDER8802
8802,ORDER8803,2023-06-25,Delivered,115,148.25,3,RIDER8803
8803,ORDER8804,2023-02-14,In Transit,50,280.37,3,RIDER8804
8804,ORDER8805,2023-01-19,Failed,32,495.21,4,RIDER8805
8805,ORDER8806,2023-11-14,In Transit,74,455.52,2,RIDER8806
8806,ORDER8807,2023-11-09,Failed,23,163.35,1,RIDER8807
8807,ORDER8808,2023-05-01,Delivered,62,87.22,2,RIDER8808
8808,ORDER8809,2023-09-03,In Transit,24,235.83,2,RIDER8809
8809,ORDER8810,2023-01-30,Failed,92,241.12,1,RIDER8810
8810,ORDER8811,2023-09-03,Failed,112,408.14,5,RIDER8811
8811,ORDER8812,2023-08-03,Failed,35,368.04,3,RIDER8812
8812,ORDER8813,2023-05-21,In Transit,76,306.6,2,RIDER8813
8813,ORDER8814,2023-06-20,In Transit,48,384.33,1,RIDER8814
8814,ORDER8815,2023-12-19,In Transit,102,318.96,1,RIDER8815
8815,ORDER8816,2023-09-05,Delivered,40,424.51,2,RIDER8816
8816,ORDER8817,2023-07-11,Delivered,28,99.29,1,RIDER8817
8817,ORDER8818,2023-09-25,Failed,44,242.09,2,RIDER8818
8818,ORDER8819,2023-04-01,Delivered,100,370.22,3,RIDER8819
8819,ORDER8820,2023-12-09,Delivered,28,135.32,1,RIDER8820
8820,ORDER8821,2023-07-28,In Transit,28,401.19,2,RIDER8821
8821,ORDER8822,2023-12-11,Delivered,93,316.82,1,RIDER8822
8822,ORDER8823,2023-09-30,Failed,97,453.32,1,RIDER8823
8823,ORDER8824,2023-09-17,Failed,103,73.96,3,RIDER8824
8824,ORDER8825,2023-02-08,Failed,110,401.01,4,RIDER8825
8825,ORDER8826,2023-12-13,Failed,78,479.92,1,RIDER8826
8826,ORDER8827,2023-08-28,In Transit,81,58.79,3,RIDER8827
8827,ORDER8828,2023-08-31,Failed,119,493.31,3,RIDER8828
8828,ORDER8829,2023-07-16,Delivered,33,77.54,1,RIDER8829
8829,ORDER8830,2023-10-15,Delivered,58,410.74,2,RIDER8830
8830,ORDER8831,2023-06-13,Failed,55,124.47,5,RIDER8831
8831,ORDER8832,2023-06-30,In Transit,49,230.36,5,RIDER8832
8832,ORDER8833,2023-10-26,In Transit,113,60.91,2,RIDER8833
8833,ORDER8834,2023-04-17,In Transit,51,369.73,5,RIDER8834
8834,ORDER8835,2023-03-22,Delivered,106,109.3,2,RIDER8835
8835,ORDER8836,2023-01-19,In Transit,116,260.64,3,RIDER8836
8836,ORDER8837,2023-10-18,In Transit,56,413.27,5,RIDER8837
8837,ORDER8838,2023-06-21,In Transit,43,274.75,3,RIDER8838
8838,ORDER8839,2023-05-18,In Transit,16,61.96,3,RIDER8839
8839,ORDER8840,2023-11-14,Delivered,32,132.98,5,RIDER8840
8840,ORDER8841,2023-11-22,Failed,55,177.62,3,RIDER8841
8841,ORDER8842,2023-09-03,In Transit,56,232.88,2,RIDER8842
8842,ORDER8843,2023-11-28,In Transit,66,420.39,3,RIDER8843
8843,ORDER8844,2023-03-10,Delivered,27,188.55,5,RIDER8844
8844,ORDER8845,2023-04-05,Delivered,41,151.79,1,RIDER8845
8845,ORDER8846,2023-11-14,Failed,34,56.99,3,RIDER8846
8846,ORDER8847,2023-10-20,Delivered,20,95.63,5,RIDER8847
8847,ORDER8848,2023-11-17,Failed,91,449.43,1,RIDER8848
8848,ORDER8849,2023-10-29,Failed,53,480.33,1,RIDER8849
8849,ORDER8850,2023-03-31,Failed,61,491.18,5,RIDER8850
8850,ORDER8851,2023-09-18,Delivered,80,176.01,4,RIDER8851
8851,ORDER8852,2023-05-11,Delivered,23,300.98,4,RIDER8852
8852,ORDER8853,2023-12-30,In Transit,41,216.76,4,RIDER8853
8853,ORDER8854,2023-11-07,In Transit,81,476.22,4,RIDER8854
8854,ORDER8855,2023-02-05,Delivered,116,63.42,3,RIDER8855
8855,ORDER8856,2023-12-28,Delivered,54,69.84,5,RIDER8856
8856,ORDER8857,2023-01-26,Delivered,86,368.77,5,RIDER8857
8857,ORDER8858,2023-08-09,Failed,47,237.33,5,RIDER8858
8858,ORDER8859,2023-10-02,Failed,24,296.57,2,RIDER8859
8859,ORDER8860,2023-10-25,In Transit,40,378.82,5,RIDER8860
8860,ORDER8861,2023-07-05,Failed,13,484.92,3,RIDER8861
8861,ORDER8862,2023-02-13,Delivered,88,290.42,5,RIDER8862
8862,ORDER8863,2023-04-06,Failed,113,179.46,1,RIDER8863
8863,ORDER8864,2023-02-01,Failed,55,251.6,2,RIDER8864
8864,ORDER8865,2023-07-31,In Transit,85,284.36,1,RIDER8865
8865,ORDER8866,2023-09-09,In Transit,102,289.75,5,RIDER8866
8866,ORDER8867,2023-05-11,Failed,87,307.79,2,RIDER8867
8867,ORDER8868,2023-09-18,In Transit,102,300.52,1,RIDER8868
8868,ORDER8869,2023-10-28,Failed,51,164.02,3,RIDER8869
8869,ORDER8870,2023-09-19,Delivered,118,277.21,4,RIDER8870
8870,ORDER8871,2023-08-18,Delivered,45,387.57,1,RIDER8871
8871,ORDER8872,2023-06-16,Failed,17,230.56,4,RIDER8872
8872,ORDER8873,2023-12-20,Delivered,35,53.84,2,RIDER8873
8873,ORDER8874,2023-06-23,In Transit,36,385.99,5,RIDER8874
8874,ORDER8875,2023-09-14,Delivered,65,344.37,1,RIDER8875
8875,ORDER8876,2023-04-16,Delivered,36,467.15,5,RIDER8876
8876,ORDER8877,2023-06-08,Failed,23,458.73,3,RIDER8877
8877,ORDER8878,2023-01-09,In Transit,113,418.95,5,RIDER8878
8878,ORDER8879,2023-02-26,Delivered,46,129.81,4,RIDER8879
8879,ORDER8880,2023-01-18,Delivered,41,276.99,1,RIDER8880
8880,ORDER8881,2023-12-04,Failed,101,163.77,2,RIDER8881
8881,ORDER8882,2023-03-12,Delivered,34,60.35,3,RIDER8882
8882,ORDER8883,2023-05-07,Failed,68,84.12,1,RIDER8883
8883,ORDER8884,2023-10-08,Delivered,40,126.34,5,RIDER8884
8884,ORDER8885,2023-07-27,In Transit,55,457.46,1,RIDER8885
8885,ORDER8886,2023-11-04,Delivered,91,263.93,2,RIDER8886
8886,ORDER8887,2023-08-27,Delivered,73,467.97,4,RIDER8887
8887,ORDER8888,2023-08-23,Delivered,37,330.37,1,RIDER8888
8888,ORDER8889,2023-11-26,In Transit,44,413.27,1,RIDER8889
8889,ORDER8890,2023-03-09,Failed,37,295.78,3,RIDER8890
8890,ORDER8891,2023-07-29,In Transit,60,172.27,5,RIDER8891
8891,ORDER8892,2023-10-09,In Transit,61,139.81,3,RIDER8892
8892,ORDER8893,2023-02-21,In Transit,100,223.67,5,RIDER8893
8893,ORDER8894,2023-12-17,Failed,73,147.6,5,RIDER8894
8894,ORDER8895,2023-10-18,In Transit,20,68.13,3,RIDER8895
8895,ORDER8896,2023-09-11,Delivered,23,467.91,4,RIDER8896
8896,ORDER8897,2023-07-02,Failed,49,428.19,3,RIDER8897
8897,ORDER8898,2023-10-25,In Transit,28,272.43,1,RIDER8898
8898,ORDER8899,2023-07-21,Delivered,119,162.63,4,RIDER8899
8899,ORDER8900,2023-06-25,Failed,95,320.52,4,RIDER8900
8900,ORDER8901,2023-03-14,In Transit,60,225.41,3,RIDER8901
8901,ORDER8902,2023-04-07,In Transit,25,262.12,2,RIDER8902
8902,ORDER8903,2023-03-31,In Transit,35,401.04,1,RIDER8903
8903,ORDER8904,2023-06-22,Failed,37,252.83,4,RIDER8904
8904,ORDER8905,2023-09-15,Delivered,61,485.38,1,RIDER8905
8905,ORDER8906,2023-05-02,Delivered,23,148.62,1,RIDER8906
8906,ORDER8907,2023-03-13,In Transit,81,379.0,4,RIDER8907
8907,ORDER8908,2023-04-20,In Transit,80,416.0,3,RIDER8908
8908,ORDER8909,2023-03-03,Delivered,29,88.14,3,RIDER8909
8909,ORDER8910,2023-06-09,Delivered,78,377.06,2,RIDER8910
8910,ORDER8911,2023-10-06,In Transit,37,293.62,1,RIDER8911
8911,ORDER8912,2023-01-24,In Transit,94,450.41,3,RIDER8912
8912,ORDER8913,2023-09-14,Failed,39,237.89,1,RIDER8913
8913,ORDER8914,2023-02-01,In Transit,72,235.83,4,RIDER8914
8914,ORDER8915,2023-05-12,Delivered,65,107.55,1,RIDER8915
8915,ORDER8916,2023-10-22,In Transit,60,161.29,3,RIDER8916
8916,ORDER8917,2023-04-03,Delivered,29,266.49,2,RIDER8917
8917,ORDER8918,2023-11-18,In Transit,96,113.02,2,RIDER8918
8918,ORDER8919,2023-11-10,In Transit,61,394.81,1,RIDER8919
8919,ORDER8920,2023-07-07,Delivered,24,165.05,2,RIDER8920
8920,ORDER8921,2023-03-10,In Transit,103,221.99,2,RIDER8921
8921,ORDER8922,2023-07-11,In Transit,34,263.86,5,RIDER8922
8922,ORDER8923,2023-07-04,Failed,29,190.36,1,RIDER8923
8923,ORDER8924,2023-05-11,Failed,36,461.89,5,RIDER8924
8924,ORDER8925,2023-02-05,Delivered,23,473.14,4,RIDER8925
8925,ORDER8926,2023-12-17,Failed,52,115.2,2,RIDER8926
8926,ORDER8927,2023-10-22,Failed,110,363.96,1,RIDER8927
8927,ORDER8928,2023-10-24,Delivered,113,358.67,5,RIDER8928
8928,ORDER8929,2023-11-07,Failed,36,57.24,5,RIDER8929
8929,ORDER8930,2023-01-29,Failed,65,304.51,3,RIDER8930
8930,ORDER8931,2023-08-17,Delivered,113,109.04,1,RIDER8931
8931,ORDER8932,2023-05-19,Failed,80,259.21,1,RIDER8932
8932,ORDER8933,2023-11-03,In Transit,83,149.67,2,RIDER8933
8933,ORDER8934,2023-08-02,Failed,30,176.5,2,RIDER8934
8934,ORDER8935,2023-01-24,In Transit,83,196.43,5,RIDER8935
8935,ORDER8936,2023-03-02,Failed,24,424.7,5,RIDER8936
8936,ORDER8937,2023-12-15,Delivered,80,70.06,3,RIDER8937
8937,ORDER8938,2023-04-16,Failed,119,338.36,3,RIDER8938
8938,ORDER8939,2023-02-27,Delivered,71,401.21,2,RIDER8939
8939,ORDER8940,2023-03-11,In Transit,65,58.87,1,RIDER8940
8940,ORDER8941,2023-06-07,Delivered,107,158.74,4,RIDER8941
8941,ORDER8942,2023-09-14,In Transit,89,157.39,3,RIDER8942
8942,ORDER8943,2023-12-22,In Transit,69,80.77,3,RIDER8943
8943,ORDER8944,2023-07-13,In Transit,85,312.22,5,RIDER8944
8944,ORDER8945,2023-01-17,Delivered,92,470.27,2,RIDER8945
8945,ORDER8946,2023-11-15,Failed,33,186.88,1,RIDER8946
8946,ORDER8947,2023-10-25,Failed,19,165.55,1,RIDER8947
8947,ORDER8948,2023-11-05,Failed,64,335.92,4,RIDER8948
8948,ORDER8949,2023-10-17,Failed,44,428.76,2,RIDER8949
8949,ORDER8950,2023-05-21,Delivered,81,190.96,5,RIDER8950
8950,ORDER8951,2023-06-17,Failed,105,305.24,5,RIDER8951
8951,ORDER8952,2023-08-01,Delivered,65,444.02,5,RIDER8952
8952,ORDER8953,2023-10-11,Failed,24,266.64,3,RIDER8953
8953,ORDER8954,2023-10-18,Failed,13,434.28,1,RIDER8954
8954,ORDER8955,2023-06-28,Delivered,100,94.89,4,RIDER8955
8955,ORDER8956,2023-03-21,In Transit,104,492.06,4,RIDER8956
8956,ORDER8957,2023-07-10,In Transit,37,211.19,5,RIDER8957
8957,ORDER8958,2023-08-10,Failed,68,430.29,1,RIDER8958
8958,ORDER8959,2023-05-07,In Transit,70,231.8,1,RIDER8959
8959,ORDER8960,2023-12-23,Failed,111,60.86,5,RIDER8960
8960,ORDER8961,2023-05-11,Delivered,89,225.85,1,RIDER8961
8961,ORDER8962,2023-02-20,In Transit,25,362.32,1,RIDER8962
8962,ORDER8963,2023-06-14,Delivered,61,294.05,2,RIDER8963
8963,ORDER8964,2023-09-07,In Transit,59,188.09,5,RIDER8964
8964,ORDER8965,2023-09-21,In Transit,27,199.42,2,RIDER8965
8965,ORDER8966,2023-02-22,Delivered,71,398.63,3,RIDER8966
8966,ORDER8967,2023-04-23,Failed,33,84.42,4,RIDER8967
8967,ORDER8968,2023-03-21,Delivered,28,423.84,2,RIDER8968
8968,ORDER8969,2023-02-09,Failed,30,223.73,2,RIDER8969
8969,ORDER8970,2023-11-18,In Transit,115,249.44,2,RIDER8970
8970,ORDER8971,2023-10-09,In Transit,82,88.77,4,RIDER8971
8971,ORDER8972,2023-01-07,Delivered,104,124.64,3,RIDER8972
8972,ORDER8973,2023-10-26,Delivered,39,414.68,4,RIDER8973
8973,ORDER8974,2023-10-31,Failed,71,245.88,1,RIDER8974
8974,ORDER8975,2023-09-06,Delivered,64,400.35,5,RIDER8975
8975,ORDER8976,2023-04-12,Delivered,92,365.43,5,RIDER8976
8976,ORDER8977,2023-07-08,Delivered,13,304.4,5,RIDER8977
8977,ORDER8978,2023-02-05,Delivered,110,118.91,2,RIDER8978
8978,ORDER8979,2023-03-28,Delivered,62,110.64,4,RIDER8979
8979,ORDER8980,2023-12-25,Failed,96,85.26,3,RIDER8980
8980,ORDER8981,2023-12-30,In Transit,14,358.88,2,RIDER8981
8981,ORDER8982,2023-07-09,Delivered,93,335.9,4,RIDER8982
8982,ORDER8983,2023-12-05,Delivered,25,347.32,3,RIDER8983
8983,ORDER8984,2023-08-10,In Transit,33,89.1,2,RIDER8984
8984,ORDER8985,2023-08-17,Failed,99,249.71,3,RIDER8985
8985,ORDER8986,2023-10-22,In Transit,33,239.23,2,RIDER8986
8986,ORDER8987,2023-11-25,Failed,95,273.84,4,RIDER8987
8987,ORDER8988,2023-10-11,In Transit,61,290.72,5,RIDER8988
8988,ORDER8989,2023-01-20,In Transit,11,119.73,5,RIDER8989
8989,ORDER8990,2023-03-07,In Transit,109,109.07,3,RIDER8990
8990,ORDER8991,2023-12-19,Delivered,71,342.7,1,RIDER8991
8991,ORDER8992,2023-12-20,In Transit,15,261.77,1,RIDER8992
8992,ORDER8993,2023-03-31,Failed,114,477.79,3,RIDER8993
8993,ORDER8994,2023-06-19,In Transit,98,345.55,5,RIDER8994
8994,ORDER8995,2023-12-20,Delivered,70,360.8,4,RIDER8995
8995,ORDER8996,2023-11-27,Failed,56,259.39,3,RIDER8996
8996,ORDER8997,2023-04-26,Failed,87,110.29,2,RIDER8997
8997,ORDER8998,2023-09-08,Failed,40,258.74,2,RIDER8998
8998,ORDER8999,2023-02-17,In Transit,56,490.08,5,RIDER8999
8999,ORDER9000,2023-05-25,In Transit,56,248.8,4,RIDER9000
9000,ORDER9001,2023-11-02,Delivered,40,402.68,5,RIDER9001
9001,ORDER9002,2023-08-20,In Transit,17,290.11,2,RIDER9002
9002,ORDER9003,2023-12-19,Failed,63,218.01,5,RIDER9003
9003,ORDER9004,2023-01-19,In Transit,36,479.16,1,RIDER9004
9004,ORDER9005,2023-04-02,Failed,80,64.2,3,RIDER9005
9005,ORDER9006,2023-01-21,Failed,24,56.25,4,RIDER9006
9006,ORDER9007,2023-08-12,In Transit,84,134.33,4,RIDER9007
9007,ORDER9008,2023-09-07,Failed,107,272.79,3,RIDER9008
9008,ORDER9009,2023-03-18,Delivered,66,299.73,1,RIDER9009
9009,ORDER9010,2023-02-21,Delivered,89,99.74,3,RIDER9010
9010,ORDER9011,2023-12-27,In Transit,97,342.19,4,RIDER9011
9011,ORDER9012,2023-09-04,Failed,22,438.49,4,RIDER9012
9012,ORDER9013,2023-07-08,Delivered,80,422.0,5,RIDER9013
9013,ORDER9014,2023-10-02,Failed,37,389.53,4,RIDER9014
9014,ORDER9015,2023-05-28,Failed,106,318.97,3,RIDER9015
9015,ORDER9016,2023-03-03,Failed,100,203.23,4,RIDER9016
9016,ORDER9017,2023-03-07,Failed,100,73.35,3,RIDER9017
9017,ORDER9018,2023-09-11,Failed,79,134.79,4,RIDER9018
9018,ORDER9019,2023-07-03,In Transit,70,266.38,3,RIDER9019
9019,ORDER9020,2023-07-06,Delivered,16,203.35,5,RIDER9020
9020,ORDER9021,2023-02-17,In Transit,82,357.48,5,RIDER9021
9021,ORDER9022,2023-09-25,Delivered,112,345.99,5,RIDER9022
9022,ORDER9023,2023-08-09,Failed,90,387.16,5,RIDER9023
9023,ORDER9024,2023-10-12,Failed,61,224.84,2,RIDER9024
9024,ORDER9025,2023-01-26,Delivered,103,204.27,1,RIDER9025
9025,ORDER9026,2023-12-04,Failed,75,380.19,5,RIDER9026
9026,ORDER9027,2023-09-04,Failed,43,378.65,5,RIDER9027
9027,ORDER9028,2023-06-30,In Transit,61,170.17,5,RIDER9028
9028,ORDER9029,2023-12-27,Delivered,14,159.56,4,RIDER9029
9029,ORDER9030,2023-06-16,Delivered,82,111.4,4,RIDER9030
9030,ORDER9031,2023-11-08,Failed,76,229.52,2,RIDER9031
9031,ORDER9032,2023-09-21,Failed,95,339.94,3,RIDER9032
9032,ORDER9033,2023-06-09,Delivered,95,459.4,4,RIDER9033
9033,ORDER9034,2023-02-18,Delivered,42,474.65,1,RIDER9034
9034,ORDER9035,2023-12-31,Delivered,115,441.03,4,RIDER9035
9035,ORDER9036,2023-04-07,Failed,115,166.47,1,RIDER9036
9036,ORDER9037,2023-02-09,In Transit,80,155.16,4,RIDER9037
9037,ORDER9038,2023-09-02,Failed,42,318.81,1,RIDER9038
9038,ORDER9039,2023-02-19,In Transit,69,389.91,3,RIDER9039
9039,ORDER9040,2023-07-22,Failed,38,448.43,5,RIDER9040
9040,ORDER9041,2023-03-18,Delivered,50,379.21,3,RIDER9041
9041,ORDER9042,2023-07-12,Failed,19,97.85,2,RIDER9042
9042,ORDER9043,2023-10-03,Failed,42,411.2,2,RIDER9043
9043,ORDER9044,2023-04-15,Delivered,55,94.15,1,RIDER9044
9044,ORDER9045,2023-11-20,Delivered,17,288.45,5,RIDER9045
9045,ORDER9046,2023-06-16,Delivered,94,168.44,2,RIDER9046
9046,ORDER9047,2023-01-15,Failed,60,388.87,2,RIDER9047
9047,ORDER9048,2023-05-25,In Transit,119,270.24,4,RIDER9048
9048,ORDER9049,2023-07-28,In Transit,68,396.14,4,RIDER9049
9049,ORDER9050,2023-10-21,Delivered,103,462.44,1,RIDER9050
9050,ORDER9051,2023-07-12,In Transit,72,72.07,2,RIDER9051
9051,ORDER9052,2023-06-24,In Transit,10,474.39,3,RIDER9052
9052,ORDER9053,2023-02-20,In Transit,28,369.11,4,RIDER9053
9053,ORDER9054,2023-09-20,In Transit,12,332.38,5,RIDER9054
9054,ORDER9055,2023-05-28,In Transit,17,243.35,5,RIDER9055
9055,ORDER9056,2023-06-22,Failed,32,203.9,3,RIDER9056
9056,ORDER9057,2023-03-20,Delivered,35,113.11,3,RIDER9057
9057,ORDER9058,2023-08-17,Failed,99,407.22,2,RIDER9058
9058,ORDER9059,2023-03-31,Delivered,73,396.29,2,RIDER9059
9059,ORDER9060,2023-10-05,Delivered,70,487.63,4,RIDER9060
9060,ORDER9061,2023-02-24,In Transit,48,286.88,3,RIDER9061
9061,ORDER9062,2023-07-27,In Transit,89,82.33,3,RIDER9062
9062,ORDER9063,2023-04-11,Delivered,104,385.34,4,RIDER9063
9063,ORDER9064,2023-02-27,Delivered,46,168.29,4,RIDER9064
9064,ORDER9065,2023-06-22,In Transit,52,347.54,3,RIDER9065
9065,ORDER9066,2023-02-03,Failed,97,495.88,4,RIDER9066
9066,ORDER9067,2023-10-02,In Transit,11,197.59,3,RIDER9067
9067,ORDER9068,2023-10-11,Failed,64,358.39,1,RIDER9068
9068,ORDER9069,2023-04-09,Failed,102,498.23,3,RIDER9069
9069,ORDER9070,2023-06-28,In Transit,108,462.26,5,RIDER9070
9070,ORDER9071,2023-11-06,Delivered,38,95.12,5,RIDER9071
9071,ORDER9072,2023-11-15,In Transit,95,313.32,1,RIDER9072
9072,ORDER9073,2023-12-21,Delivered,80,218.17,2,RIDER9073
9073,ORDER9074,2023-04-23,In Transit,118,295.39,2,RIDER9074
9074,ORDER9075,2023-12-08,Failed,100,172.04,4,RIDER9075
9075,ORDER9076,2023-10-17,Delivered,84,154.63,3,RIDER9076
9076,ORDER9077,2023-04-24,In Transit,24,451.39,2,RIDER9077
9077,ORDER9078,2023-02-17,Failed,24,184.12,3,RIDER9078
9078,ORDER9079,2023-07-11,Failed,78,192.93,5,RIDER9079
9079,ORDER9080,2023-03-12,In Transit,51,322.44,3,RIDER9080
9080,ORDER9081,2023-07-15,Failed,119,403.5,2,RIDER9081
9081,ORDER9082,2023-10-20,In Transit,39,82.73,5,RIDER9082
9082,ORDER9083,2023-06-04,In Transit,117,240.88,1,RIDER9083
9083,ORDER9084,2023-03-03,Failed,68,498.27,2,RIDER9084
9084,ORDER9085,2023-12-25,Delivered,58,498.1,4,RIDER9085
9085,ORDER9086,2023-08-09,Delivered,48,431.21,2,RIDER9086
9086,ORDER9087,2023-06-30,Failed,88,277.47,3,RIDER9087
9087,ORDER9088,2023-12-24,In Transit,35,469.85,5,RIDER9088
9088,ORDER9089,2023-01-01,In Transit,12,86.83,4,RIDER9089
9089,ORDER9090,2023-07-12,Delivered,112,215.73,2,RIDER9090
9090,ORDER9091,2023-05-09,Delivered,55,81.87,2,RIDER9091
9091,ORDER9092,2023-02-05,Failed,80,323.44,2,RIDER9092
9092,ORDER9093,2023-12-01,In Transit,66,168.0,3,RIDER9093
9093,ORDER9094,2023-09-20,Delivered,51,178.12,4,RIDER9094
9094,ORDER9095,2023-06-23,Delivered,52,339.58,2,RIDER9095
9095,ORDER9096,2023-05-29,Failed,68,63.21,4,RIDER9096
9096,ORDER9097,2023-03-29,Delivered,93,147.67,2,RIDER9097
9097,ORDER9098,2023-03-14,Delivered,57,194.09,1,RIDER9098
9098,ORDER9099,2023-06-18,Failed,55,490.3,3,RIDER9099
9099,ORDER9100,2023-01-18,Failed,52,392.78,3,RIDER9100
9100,ORDER9101,2023-02-11,Failed,100,346.16,1,RIDER9101
9101,ORDER9102,2023-05-24,In Transit,30,241.83,4,RIDER9102
9102,ORDER9103,2023-07-10,Delivered,106,493.73,3,RIDER9103
9103,ORDER9104,2023-07-15,Failed,117,431.34,5,RIDER9104
9104,ORDER9105,2023-06-20,Delivered,36,394.23,2,RIDER9105
9105,ORDER9106,2023-08-18,In Transit,98,201.54,3,RIDER9106
9106,ORDER9107,2023-02-14,Delivered,38,122.71,1,RIDER9107
9107,ORDER9108,2023-06-18,In Transit,16,433.97,1,RIDER9108
9108,ORDER9109,2023-03-27,Delivered,118,280.83,2,RIDER9109
9109,ORDER9110,2023-06-09,Failed,77,386.12,2,RIDER9110
9110,ORDER9111,2023-10-01,Failed,78,300.81,3,RIDER9111
9111,ORDER9112,2023-06-15,Failed,118,139.62,2,RIDER9112
9112,ORDER9113,2023-02-22,Delivered,26,116.37,3,RIDER9113
9113,ORDER9114,2023-05-03,Failed,69,281.16,1,RIDER9114
9114,ORDER9115,2023-05-25,Failed,20,459.22,4,RIDER9115
9115,ORDER9116,2023-06-05,Delivered,114,211.06,1,RIDER9116
9116,ORDER9117,2023-01-08,Delivered,32,70.39,5,RIDER9117
9117,ORDER9118,2023-05-07,Failed,87,194.51,5,RIDER9118
9118,ORDER9119,2023-09-05,In Transit,100,62.56,4,RIDER9119
9119,ORDER9120,2023-02-26,Failed,69,252.38,4,RIDER9120
9120,ORDER9121,2023-06-23,In Transit,64,444.66,2,RIDER9121
9121,ORDER9122,2023-12-24,Delivered,10,446.28,4,RIDER9122
9122,ORDER9123,2023-09-09,Delivered,109,293.85,4,RIDER9123
9123,ORDER9124,2023-12-15,Delivered,13,174.74,1,RIDER9124
9124,ORDER9125,2023-01-30,Delivered,116,143.52,4,RIDER9125
9125,ORDER9126,2023-08-05,Delivered,27,231.05,4,RIDER9126
9126,ORDER9127,2023-03-01,In Transit,76,116.08,1,RIDER9127
9127,ORDER9128,2023-09-19,In Transit,56,97.66,4,RIDER9128
9128,ORDER9129,2023-06-19,Delivered,116,392.43,1,RIDER9129
9129,ORDER9130,2023-02-06,Failed,48,186.0,4,RIDER9130
9130,ORDER9131,2023-06-26,In Transit,75,356.48,3,RIDER9131
9131,ORDER9132,2023-02-03,In Transit,81,56.28,4,RIDER9132
9132,ORDER9133,2023-12-06,Failed,78,296.84,3,RIDER9133
9133,ORDER9134,2023-07-27,In Transit,40,107.35,3,RIDER9134
9134,ORDER9135,2023-06-03,Delivered,84,300.83,3,RIDER9135
9135,ORDER9136,2023-08-23,Delivered,113,130.3,5,RIDER9136
9136,ORDER9137,2023-05-01,Delivered,108,55.9,5,RIDER9137
9137,ORDER9138,2023-05-08,Failed,118,191.5,1,RIDER9138
9138,ORDER9139,2023-08-30,Delivered,68,93.99,4,RIDER9139
9139,ORDER9140,2023-04-19,Delivered,58,397.11,3,RIDER9140
9140,ORDER9141,2023-05-15,In Transit,95,366.17,4,RIDER9141
9141,ORDER9142,2023-10-08,Failed,90,192.52,5,RIDER9142
9142,ORDER9143,2023-10-24,In Transit,95,342.4,1,RIDER9143
9143,ORDER9144,2023-05-09,In Transit,66,110.1,1,RIDER9144
9144,ORDER9145,2023-12-19,In Transit,100,55.84,4,RIDER9145
9145,ORDER9146,2023-11-01,In Transit,89,499.75,3,RIDER9146
9146,ORDER9147,2023-11-07,Delivered,115,124.04,5,RIDER9147
9147,ORDER9148,2023-10-30,Delivered,14,296.14,2,RIDER9148
9148,ORDER9149,2023-11-13,Failed,102,310.08,5,RIDER9149
9149,ORDER9150,2023-05-20,Failed,109,328.89,2,RIDER9150
9150,ORDER9151,2023-12-12,Failed,31,51.79,3,RIDER9151
9151,ORDER9152,2023-06-13,In Transit,52,213.39,5,RIDER9152
9152,ORDER9153,2023-08-11,In Transit,36,98.09,4,RIDER9153
9153,ORDER9154,2023-04-13,Delivered,73,382.18,2,RIDER9154
9154,ORDER9155,2023-05-14,In Transit,72,99.01,3,RIDER9155
9155,ORDER9156,2023-01-23,Failed,83,102.29,2,RIDER9156
9156,ORDER9157,2023-04-27,Failed,91,466.16,1,RIDER9157
9157,ORDER9158,2023-08-20,In Transit,58,421.68,4,RIDER9158
9158,ORDER9159,2023-12-22,Delivered,34,294.94,4,RIDER9159
9159,ORDER9160,2023-02-07,Delivered,103,106.83,1,RIDER9160
9160,ORDER9161,2023-09-20,In Transit,44,338.21,5,RIDER9161
9161,ORDER9162,2023-01-11,In Transit,57,479.53,2,RIDER9162
9162,ORDER9163,2023-06-28,In Transit,119,177.35,3,RIDER9163
9163,ORDER9164,2023-07-14,Delivered,18,459.06,1,RIDER9164
9164,ORDER9165,2023-05-05,In Transit,64,68.53,5,RIDER9165
9165,ORDER9166,2023-06-28,Failed,94,50.1,1,RIDER9166
9166,ORDER9167,2023-11-19,Failed,77,393.05,5,RIDER9167
9167,ORDER9168,2023-01-21,In Transit,108,100.51,3,RIDER9168
9168,ORDER9169,2023-01-13,Delivered,34,215.81,5,RIDER9169
9169,ORDER9170,2023-07-31,Failed,54,228.19,5,RIDER9170
9170,ORDER9171,2023-12-17,Failed,119,420.08,1,RIDER9171
9171,ORDER9172,2023-05-09,Delivered,13,445.57,5,RIDER9172
9172,ORDER9173,2023-05-08,Delivered,62,364.26,1,RIDER9173
9173,ORDER9174,2023-11-29,Failed,12,402.27,3,RIDER9174
9174,ORDER9175,2023-06-16,Delivered,46,145.5,2,RIDER9175
9175,ORDER9176,2023-07-29,Failed,66,417.53,3,RIDER9176
9176,ORDER9177,2023-10-25,In Transit,116,276.92,3,RIDER9177
9177,ORDER9178,2023-07-23,Delivered,29,379.57,1,RIDER9178
9178,ORDER9179,2023-09-24,Failed,40,133.41,2,RIDER9179
9179,ORDER9180,2023-08-05,In Transit,116,55.86,1,RIDER9180
9180,ORDER9181,2023-11-13,Delivered,11,216.29,4,RIDER9181
9181,ORDER9182,2023-03-20,In Transit,15,125.15,5,RIDER9182
9182,ORDER9183,2023-12-03,Failed,22,406.5,3,RIDER9183
9183,ORDER9184,2023-12-01,Failed,22,493.46,4,RIDER9184
9184,ORDER9185,2023-12-29,Delivered,53,51.56,1,RIDER9185
9185,ORDER9186,2023-12-06,In Transit,101,128.98,1,RIDER9186
9186,ORDER9187,2023-10-07,Failed,27,373.19,2,RIDER9187
9187,ORDER9188,2023-08-10,Failed,55,149.81,4,RIDER9188
9188,ORDER9189,2023-12-27,In Transit,36,272.64,5,RIDER9189
9189,ORDER9190,2023-11-15,Delivered,111,437.99,4,RIDER9190
9190,ORDER9191,2023-12-20,Delivered,14,277.34,2,RIDER9191
9191,ORDER9192,2023-12-19,Delivered,92,451.79,2,RIDER9192
9192,ORDER9193,2023-10-05,Failed,77,429.51,3,RIDER9193
9193,ORDER9194,2023-01-29,Delivered,83,314.63,3,RIDER9194
9194,ORDER9195,2023-01-25,Delivered,23,364.17,1,RIDER9195
9195,ORDER9196,2023-07-05,In Transit,71,337.48,4,RIDER9196
9196,ORDER9197,2023-07-10,Delivered,81,196.21,3,RIDER9197
9197,ORDER9198,2023-05-29,Failed,114,485.86,1,RIDER9198
9198,ORDER9199,2023-05-31,Delivered,115,258.67,4,RIDER9199
9199,ORDER9200,2023-05-10,Delivered,48,134.9,1,RIDER9200
9200,ORDER9201,2023-11-21,In Transit,117,440.45,5,RIDER9201
9201,ORDER9202,2023-11-29,Delivered,26,193.65,5,RIDER9202
9202,ORDER9203,2023-08-07,In Transit,78,393.35,1,RIDER9203
9203,ORDER9204,2023-10-13,Failed,22,165.41,5,RIDER9204
9204,ORDER9205,2023-02-05,Delivered,59,149.56,2,RIDER9205
9205,ORDER9206,2023-08-17,In Transit,31,374.03,2,RIDER9206
9206,ORDER9207,2023-03-14,Delivered,103,256.45,2,RIDER9207
9207,ORDER9208,2023-03-26,In Transit,12,164.99,4,RIDER9208
9208,ORDER9209,2023-12-20,Failed,104,462.88,3,RIDER9209
9209,ORDER9210,2023-06-29,Delivered,46,113.91,3,RIDER9210
9210,ORDER9211,2023-09-20,Delivered,15,197.06,5,RIDER9211
9211,ORDER9212,2023-07-15,Failed,81,175.02,2,RIDER9212
9212,ORDER9213,2023-12-06,Failed,39,305.62,5,RIDER9213
9213,ORDER9214,2023-09-18,Failed,115,478.43,2,RIDER9214
9214,ORDER9215,2023-12-06,Delivered,92,91.3,1,RIDER9215
9215,ORDER9216,2023-05-06,Failed,35,480.34,1,RIDER9216
9216,ORDER9217,2023-01-28,Delivered,60,381.63,5,RIDER9217
9217,ORDER9218,2023-05-16,Failed,37,376.39,5,RIDER9218
9218,ORDER9219,2023-05-09,In Transit,83,109.8,5,RIDER9219
9219,ORDER9220,2023-11-19,Delivered,22,287.72,3,RIDER9220
9220,ORDER9221,2023-05-21,In Transit,37,434.07,5,RIDER9221
9221,ORDER9222,2023-04-30,Delivered,89,214.6,5,RIDER9222
9222,ORDER9223,2023-06-09,In Transit,25,200.2,2,RIDER9223
9223,ORDER9224,2023-09-03,In Transit,36,185.55,5,RIDER9224
9224,ORDER9225,2023-07-22,Delivered,65,108.33,4,RIDER9225
9225,ORDER9226,2023-03-28,Delivered,99,268.04,3,RIDER9226
9226,ORDER9227,2023-09-30,Failed,41,324.46,3,RIDER9227
9227,ORDER9228,2023-02-08,In Transit,38,88.91,1,RIDER9228
9228,ORDER9229,2023-11-16,Delivered,91,495.21,4,RIDER9229
9229,ORDER9230,2023-12-29,Failed,101,291.75,2,RIDER9230
9230,ORDER9231,2023-04-28,In Transit,27,102.06,4,RIDER9231
9231,ORDER9232,2023-08-31,Failed,81,437.06,4,RIDER9232
9232,ORDER9233,2023-10-10,In Transit,111,215.19,2,RIDER9233
9233,ORDER9234,2023-10-10,Failed,102,65.3,1,RIDER9234
9234,ORDER9235,2023-10-08,Failed,26,336.25,4,RIDER9235
9235,ORDER9236,2023-02-04,Failed,61,444.3,3,RIDER9236
9236,ORDER9237,2023-02-24,Failed,38,148.22,1,RIDER9237
9237,ORDER9238,2023-11-13,Delivered,19,159.88,1,RIDER9238
9238,ORDER9239,2023-08-17,In Transit,104,418.11,2,RIDER9239
9239,ORDER9240,2023-03-09,Failed,63,230.33,2,RIDER9240
9240,ORDER9241,2023-04-28,Failed,75,207.33,2,RIDER9241
9241,ORDER9242,2023-06-19,Delivered,69,266.39,4,RIDER9242
9242,ORDER9243,2023-10-25,In Transit,61,330.44,2,RIDER9243
9243,ORDER9244,2023-11-11,In Transit,93,261.38,5,RIDER9244
9244,ORDER9245,2023-04-16,Delivered,19,174.98,4,RIDER9245
9245,ORDER9246,2023-10-03,Delivered,17,451.67,4,RIDER9246
9246,ORDER9247,2023-01-26,Delivered,18,359.01,4,RIDER9247
9247,ORDER9248,2023-11-11,Failed,93,382.33,1,RIDER9248
9248,ORDER9249,2023-04-14,Delivered,58,381.27,5,RIDER9249
9249,ORDER9250,2023-04-11,Delivered,93,320.61,1,RIDER9250
9250,ORDER9251,2023-11-27,Failed,105,202.1,1,RIDER9251
9251,ORDER9252,2023-06-27,Failed,119,130.95,5,RIDER9252
9252,ORDER9253,2023-06-25,Delivered,94,350.46,5,RIDER9253
9253,ORDER9254,2023-03-03,Delivered,100,226.16,3,RIDER9254
9254,ORDER9255,2023-12-07,Failed,73,356.41,3,RIDER9255
9255,ORDER9256,2023-04-14,In Transit,79,260.52,4,RIDER9256
9256,ORDER9257,2023-03-11,Failed,20,52.36,4,RIDER9257
9257,ORDER9258,2023-04-08,In Transit,30,389.75,1,RIDER9258
9258,ORDER9259,2023-11-03,Delivered,114,170.39,5,RIDER9259
9259,ORDER9260,2023-11-01,Delivered,20,117.76,4,RIDER9260
9260,ORDER9261,2023-02-03,Failed,79,229.05,1,RIDER9261
9261,ORDER9262,2023-01-09,Delivered,55,92.93,5,RIDER9262
9262,ORDER9263,2023-03-31,In Transit,79,334.3,1,RIDER9263
9263,ORDER9264,2023-06-15,Failed,45,227.52,4,RIDER9264
9264,ORDER9265,2023-07-14,Failed,39,245.99,2,RIDER9265
9265,ORDER9266,2023-12-11,In Transit,88,235.33,3,RIDER9266
9266,ORDER9267,2023-01-24,Failed,89,70.36,4,RIDER9267
9267,ORDER9268,2023-10-08,In Transit,78,441.52,2,RIDER9268
9268,ORDER9269,2023-06-23,In Transit,28,167.06,3,RIDER9269
9269,ORDER9270,2023-06-19,In Transit,93,159.25,3,RIDER9270
9270,ORDER9271,2023-09-08,Delivered,119,281.34,2,RIDER9271
9271,ORDER9272,2023-02-26,In Transit,102,356.06,2,RIDER9272
9272,ORDER9273,2023-07-23,Delivered,22,205.31,1,RIDER9273
9273,ORDER9274,2023-01-26,Delivered,89,382.88,4,RIDER9274
9274,ORDER9275,2023-07-22,Failed,70,119.13,5,RIDER9275
9275,ORDER9276,2023-08-22,Failed,53,405.72,4,RIDER9276
9276,ORDER9277,2023-08-02,In Transit,105,303.18,3,RIDER9277
9277,ORDER9278,2023-02-14,In Transit,118,159.93,1,RIDER9278
9278,ORDER9279,2023-06-18,Failed,58,226.88,1,RIDER9279
9279,ORDER9280,2023-06-26,Failed,85,392.05,4,RIDER9280
9280,ORDER9281,2023-07-12,In Transit,55,279.47,4,RIDER9281
9281,ORDER9282,2023-04-23,Delivered,47,109.19,2,RIDER9282
9282,ORDER9283,2023-04-16,Delivered,106,356.11,2,RIDER9283
9283,ORDER9284,2023-07-10,In Transit,97,195.69,3,RIDER9284
9284,ORDER9285,2023-02-04,Delivered,56,403.4,4,RIDER9285
9285,ORDER9286,2023-10-22,Delivered,105,479.48,5,RIDER9286
9286,ORDER9287,2023-03-27,In Transit,117,493.52,5,RIDER9287
9287,ORDER9288,2023-05-10,In Transit,110,398.13,3,RIDER9288
9288,ORDER9289,2023-07-12,Delivered,21,130.35,2,RIDER9289
9289,ORDER9290,2023-09-14,In Transit,77,351.81,1,RIDER9290
9290,ORDER9291,2023-05-14,Failed,83,403.12,1,RIDER9291
9291,ORDER9292,2023-12-16,Delivered,119,262.02,3,RIDER9292
9292,ORDER9293,2023-04-20,Failed,100,256.25,4,RIDER9293
9293,ORDER9294,2023-06-24,In Transit,12,477.41,1,RIDER9294
9294,ORDER9295,2023-04-17,Failed,44,223.54,2,RIDER9295
9295,ORDER9296,2023-03-08,In Transit,86,183.05,3,RIDER9296
9296,ORDER9297,2023-07-13,Delivered,82,211.05,4,RIDER9297
9297,ORDER9298,2023-07-23,Delivered,73,488.22,5,RIDER9298
9298,ORDER9299,2023-10-02,Delivered,48,410.42,2,RIDER9299
9299,ORDER9300,2023-06-20,In Transit,20,374.63,5,RIDER9300
9300,ORDER9301,2023-02-12,Failed,35,447.19,4,RIDER9301
9301,ORDER9302,2023-07-17,Failed,113,417.64,1,RIDER9302
9302,ORDER9303,2023-12-06,Delivered,23,428.47,3,RIDER9303
9303,ORDER9304,2023-07-24,Delivered,77,206.06,3,RIDER9304
9304,ORDER9305,2023-05-25,Failed,29,158.34,3,RIDER9305
9305,ORDER9306,2023-07-11,In Transit,21,202.45,5,RIDER9306
9306,ORDER9307,2023-06-10,Delivered,59,347.23,5,RIDER9307
9307,ORDER9308,2023-04-20,Delivered,112,499.34,4,RIDER9308
9308,ORDER9309,2023-08-09,Delivered,103,138.03,2,RIDER9309
9309,ORDER9310,2023-04-06,In Transit,29,190.51,3,RIDER9310
9310,ORDER9311,2023-09-13,Failed,40,471.96,2,RIDER9311
9311,ORDER9312,2023-02-24,Delivered,38,341.37,5,RIDER9312
9312,ORDER9313,2023-02-11,Delivered,59,375.47,4,RIDER9313
9313,ORDER9314,2023-03-12,In Transit,67,329.07,5,RIDER9314
9314,ORDER9315,2023-05-14,Failed,75,106.1,4,RIDER9315
9315,ORDER9316,2023-09-15,In Transit,63,157.18,1,RIDER9316
9316,ORDER9317,2023-03-01,Failed,100,73.02,5,RIDER9317
9317,ORDER9318,2023-07-07,Delivered,24,231.06,1,RIDER9318
9318,ORDER9319,2023-08-05,In Transit,55,82.84,3,RIDER9319
9319,ORDER9320,2023-02-09,In Transit,97,130.71,3,RIDER9320
9320,ORDER9321,2023-08-11,In Transit,51,348.05,4,RIDER9321
9321,ORDER9322,2023-05-10,Failed,64,179.5,5,RIDER9322
9322,ORDER9323,2023-04-19,Failed,66,125.51,3,RIDER9323
9323,ORDER9324,2023-07-19,Delivered,11,310.5,2,RIDER9324
9324,ORDER9325,2023-04-17,Failed,98,197.52,1,RIDER9325
9325,ORDER9326,2023-01-22,Delivered,91,466.27,2,RIDER9326
9326,ORDER9327,2023-03-28,Failed,62,85.22,3,RIDER9327
9327,ORDER9328,2023-02-27,Delivered,103,277.44,4,RIDER9328
9328,ORDER9329,2023-11-10,Delivered,17,441.8,2,RIDER9329
9329,ORDER9330,2023-01-18,Delivered,79,288.9,5,RIDER9330
9330,ORDER9331,2023-08-17,In Transit,120,266.42,3,RIDER9331
9331,ORDER9332,2023-06-23,Delivered,39,51.78,2,RIDER9332
9332,ORDER9333,2023-04-23,Delivered,28,469.08,3,RIDER9333
9333,ORDER9334,2023-10-26,In Transit,12,267.05,2,RIDER9334
9334,ORDER9335,2023-04-26,Delivered,41,169.89,3,RIDER9335
9335,ORDER9336,2023-04-30,Delivered,13,216.85,5,RIDER9336
9336,ORDER9337,2023-12-02,Failed,100,90.39,1,RIDER9337
9337,ORDER9338,2023-02-21,Failed,12,146.66,1,RIDER9338
9338,ORDER9339,2023-06-25,Failed,100,350.1,5,RIDER9339
9339,ORDER9340,2023-11-08,Delivered,97,336.76,5,RIDER9340
9340,ORDER9341,2023-09-19,In Transit,100,197.31,5,RIDER9341
9341,ORDER9342,2023-02-15,In Transit,48,184.34,5,RIDER9342
9342,ORDER9343,2023-10-19,Delivered,46,274.4,2,RIDER9343
9343,ORDER9344,2023-04-02,Delivered,27,231.27,2,RIDER9344
9344,ORDER9345,2023-02-14,Failed,76,268.41,3,RIDER9345
9345,ORDER9346,2023-04-28,Delivered,86,461.16,5,RIDER9346
9346,ORDER9347,2023-09-19,Failed,86,150.43,5,RIDER9347
9347,ORDER9348,2023-03-17,Delivered,111,181.92,5,RIDER9348
9348,ORDER9349,2023-01-14,In Transit,96,253.72,2,RIDER9349
9349,ORDER9350,2023-05-10,Failed,36,214.22,5,RIDER9350
9350,ORDER9351,2023-08-28,Failed,22,363.74,2,RIDER9351
9351,ORDER9352,2023-01-20,Failed,111,162.59,2,RIDER9352
9352,ORDER9353,2023-07-10,Delivered,54,445.82,1,RIDER9353
9353,ORDER9354,2023-05-27,In Transit,18,105.49,3,RIDER9354
9354,ORDER9355,2023-03-04,Failed,70,456.58,1,RIDER9355
9355,ORDER9356,2023-11-09,Failed,102,146.01,5,RIDER9356
9356,ORDER9357,2023-06-29,In Transit,92,156.58,3,RIDER9357
9357,ORDER9358,2023-02-17,In Transit,25,109.93,3,RIDER9358
9358,ORDER9359,2023-02-19,Failed,51,184.72,3,RIDER9359
9359,ORDER9360,2023-02-20,Failed,104,403.06,2,RIDER9360
9360,ORDER9361,2023-06-18,Delivered,18,396.04,3,RIDER9361
9361,ORDER9362,2023-06-29,Failed,50,158.64,5,RIDER9362
9362,ORDER9363,2023-05-20,In Transit,51,375.63,5,RIDER9363
9363,ORDER9364,2023-02-04,Failed,25,466.41,3,RIDER9364
9364,ORDER9365,2023-05-31,Delivered,102,486.83,1,RIDER9365
9365,ORDER9366,2023-01-23,Failed,47,310.29,1,RIDER9366
9366,ORDER9367,2023-03-24,Delivered,48,434.15,4,RIDER9367
9367,ORDER9368,2023-10-21,In Transit,110,286.28,5,RIDER9368
9368,ORDER9369,2023-10-01,In Transit,107,354.5,4,RIDER9369
9369,ORDER9370,2023-12-18,Delivered,117,351.02,3,RIDER9370
9370,ORDER9371,2023-11-17,In Transit,38,187.5,4,RIDER9371
9371,ORDER9372,2023-04-14,Failed,35,107.11,1,RIDER9372
9372,ORDER9373,2023-10-16,Delivered,119,454.23,3,RIDER9373
9373,ORDER9374,2023-03-06,Delivered,79,130.96,5,RIDER9374
9374,ORDER9375,2023-06-20,Delivered,19,159.6,4,RIDER9375
9375,ORDER9376,2023-09-03,In Transit,29,344.07,1,RIDER9376
9376,ORDER9377,2023-06-07,Failed,118,253.67,3,RIDER9377
9377,ORDER9378,2023-10-19,Delivered,107,112.53,4,RIDER9378
9378,ORDER9379,2023-04-15,Failed,89,126.72,2,RIDER9379
9379,ORDER9380,2023-06-04,In Transit,74,111.12,1,RIDER9380
9380,ORDER9381,2023-05-12,Delivered,60,241.73,3,RIDER9381
9381,ORDER9382,2023-06-17,Delivered,21,453.39,2,RIDER9382
9382,ORDER9383,2023-10-03,Delivered,13,449.47,4,RIDER9383
9383,ORDER9384,2023-08-11,Delivered,119,243.19,3,RIDER9384
9384,ORDER9385,2023-05-20,In Transit,42,224.32,1,RIDER9385
9385,ORDER9386,2023-03-15,Delivered,74,372.09,3,RIDER9386
9386,ORDER9387,2023-05-04,Delivered,61,486.78,3,RIDER9387
9387,ORDER9388,2023-10-19,Failed,33,280.94,3,RIDER9388
9388,ORDER9389,2023-12-20,In Transit,119,194.12,2,RIDER9389
9389,ORDER9390,2023-01-15,Delivered,120,298.91,5,RIDER9390
9390,ORDER9391,2023-10-09,Delivered,85,410.84,1,RIDER9391
9391,ORDER9392,2023-11-07,In Transit,37,86.03,2,RIDER9392
9392,ORDER9393,2023-06-26,Failed,38,80.16,4,RIDER9393
9393,ORDER9394,2023-08-06,In Transit,69,309.61,1,RIDER9394
9394,ORDER9395,2023-11-01,In Transit,54,425.37,5,RIDER9395
9395,ORDER9396,2023-03-04,Delivered,116,439.89,1,RIDER9396
9396,ORDER9397,2023-07-13,In Transit,97,165.02,2,RIDER9397
9397,ORDER9398,2023-12-02,Delivered,53,278.98,3,RIDER9398
9398,ORDER9399,2023-03-26,In Transit,28,485.31,5,RIDER9399
9399,ORDER9400,2023-01-18,Delivered,49,118.62,1,RIDER9400
9400,ORDER9401,2023-11-27,Failed,99,110.06,4,RIDER9401
9401,ORDER9402,2023-06-30,In Transit,34,199.44,1,RIDER9402
9402,ORDER9403,2023-08-05,In Transit,86,456.4,1,RIDER9403
9403,ORDER9404,2023-06-26,In Transit,87,279.78,5,RIDER9404
9404,ORDER9405,2023-10-04,Failed,116,118.41,1,RIDER9405
9405,ORDER9406,2023-09-17,Delivered,24,393.65,3,RIDER9406
9406,ORDER9407,2023-05-22,Delivered,18,83.12,1,RIDER9407
9407,ORDER9408,2023-07-31,In Transit,87,270.39,2,RIDER9408
9408,ORDER9409,2023-06-18,Delivered,106,152.65,2,RIDER9409
9409,ORDER9410,2023-03-04,Failed,15,340.68,5,RIDER9410
9410,ORDER9411,2023-01-01,Delivered,89,281.56,4,RIDER9411
9411,ORDER9412,2023-05-17,Delivered,79,78.7,1,RIDER9412
9412,ORDER9413,2023-07-29,In Transit,15,208.78,2,RIDER9413
9413,ORDER9414,2023-07-11,Delivered,28,209.46,2,RIDER9414
9414,ORDER9415,2023-03-16,Delivered,17,442.11,2,RIDER9415
9415,ORDER9416,2023-04-14,In Transit,75,374.21,3,RIDER9416
9416,ORDER9417,2023-05-23,Failed,36,232.24,3,RIDER9417
9417,ORDER9418,2023-06-22,In Transit,81,143.74,1,RIDER9418
9418,ORDER9419,2023-11-21,Failed,50,55.9,2,RIDER9419
9419,ORDER9420,2023-11-18,Failed,27,423.18,1,RIDER9420
9420,ORDER9421,2023-05-12,Delivered,50,175.74,4,RIDER9421
9421,ORDER9422,2023-05-22,Delivered,24,122.34,1,RIDER9422
9422,ORDER9423,2023-04-09,Failed,42,214.28,2,RIDER9423
9423,ORDER9424,2023-10-26,In Transit,117,154.67,3,RIDER9424
9424,ORDER9425,2023-06-21,In Transit,56,456.69,1,RIDER9425
9425,ORDER9426,2023-10-23,In Transit,101,58.91,1,RIDER9426
9426,ORDER9427,2023-09-24,Failed,22,136.01,2,RIDER9427
9427,ORDER9428,2023-11-01,Delivered,77,479.35,2,RIDER9428
9428,ORDER9429,2023-06-11,In Transit,25,134.47,1,RIDER9429
9429,ORDER9430,2023-10-02,Delivered,40,207.81,1,RIDER9430
9430,ORDER9431,2023-01-07,In Transit,79,364.03,5,RIDER9431
9431,ORDER9432,2023-04-07,Delivered,94,402.36,4,RIDER9432
9432,ORDER9433,2023-06-23,Delivered,39,355.88,3,RIDER9433
9433,ORDER9434,2023-09-07,In Transit,118,486.55,1,RIDER9434
9434,ORDER9435,2023-11-19,Delivered,68,426.07,2,RIDER9435
9435,ORDER9436,2023-07-18,In Transit,108,144.48,3,RIDER9436
9436,ORDER9437,2023-12-24,Failed,13,442.96,1,RIDER9437
9437,ORDER9438,2023-08-23,In Transit,64,459.15,1,RIDER9438
9438,ORDER9439,2023-10-23,Failed,63,208.44,1,RIDER9439
9439,ORDER9440,2023-07-18,Delivered,23,208.2,4,RIDER9440
9440,ORDER9441,2023-01-20,In Transit,116,391.78,1,RIDER9441
9441,ORDER9442,2023-08-29,Failed,97,347.03,1,RIDER9442
9442,ORDER9443,2023-12-30,In Transit,107,346.23,5,RIDER9443
9443,ORDER9444,2023-10-11,Delivered,104,93.17,2,RIDER9444
9444,ORDER9445,2023-11-20,Delivered,72,371.13,4,RIDER9445
9445,ORDER9446,2023-06-20,In Transit,96,447.53,3,RIDER9446
9446,ORDER9447,2023-06-18,Delivered,40,281.07,3,RIDER9447
9447,ORDER9448,2023-05-05,Delivered,58,302.96,4,RIDER9448
9448,ORDER9449,2023-08-03,In Transit,40,218.81,2,RIDER9449
9449,ORDER9450,2023-01-08,Delivered,115,393.92,5,RIDER9450
9450,ORDER9451,2023-03-14,Failed,65,52.31,2,RIDER9451
9451,ORDER9452,2023-08-01,In Transit,37,118.27,2,RIDER9452
9452,ORDER9453,2023-01-29,Failed,92,465.93,5,RIDER9453
9453,ORDER9454,2023-07-31,In Transit,40,445.6,3,RIDER9454
9454,ORDER9455,2023-11-13,Failed,76,69.66,2,RIDER9455
9455,ORDER9456,2023-11-27,In Transit,57,232.09,5,RIDER9456
9456,ORDER9457,2023-10-14,Failed,69,245.75,5,RIDER9457
9457,ORDER9458,2023-08-21,Delivered,103,187.38,2,RIDER9458
9458,ORDER9459,2023-04-26,Failed,116,221.27,4,RIDER9459
9459,ORDER9460,2023-10-21,Delivered,73,69.32,5,RIDER9460
9460,ORDER9461,2023-07-08,Failed,93,160.75,3,RIDER9461
9461,ORDER9462,2023-08-10,In Transit,117,224.85,1,RIDER9462
9462,ORDER9463,2023-10-16,In Transit,107,331.43,4,RIDER9463
9463,ORDER9464,2023-03-29,Delivered,75,258.88,2,RIDER9464
9464,ORDER9465,2023-09-04,In Transit,102,411.0,2,RIDER9465
9465,ORDER9466,2023-10-01,Delivered,29,198.7,4,RIDER9466
9466,ORDER9467,2023-02-27,Failed,63,384.74,1,RIDER9467
9467,ORDER9468,2023-06-13,In Transit,17,334.11,5,RIDER9468
9468,ORDER9469,2023-07-31,Delivered,58,144.88,3,RIDER9469
9469,ORDER9470,2023-09-08,Delivered,112,412.69,2,RIDER9470
9470,ORDER9471,2023-12-04,Delivered,60,452.58,1,RIDER9471
9471,ORDER9472,2023-04-13,Delivered,14,297.99,1,RIDER9472
9472,ORDER9473,2023-03-15,In Transit,63,421.06,5,RIDER9473
9473,ORDER9474,2023-11-01,Delivered,10,448.33,2,RIDER9474
9474,ORDER9475,2023-09-05,In Transit,46,166.2,2,RIDER9475
9475,ORDER9476,2023-01-07,Delivered,63,111.08,5,RIDER9476
9476,ORDER9477,2023-09-12,Failed,51,362.01,3,RIDER9477
9477,ORDER9478,2023-02-28,Delivered,30,237.68,4,RIDER9478
9478,ORDER9479,2023-02-27,Delivered,51,459.67,1,RIDER9479
9479,ORDER9480,2023-06-05,Failed,44,265.06,3,RIDER9480
9480,ORDER9481,2023-12-11,Delivered,82,364.49,4,RIDER9481
9481,ORDER9482,2023-03-07,Delivered,13,327.42,3,RIDER9482
9482,ORDER9483,2023-10-16,In Transit,12,364.1,3,RIDER9483
9483,ORDER9484,2023-01-12,In Transit,22,225.28,1,RIDER9484
9484,ORDER9485,2023-09-17,Delivered,57,424.69,4,RIDER9485
9485,ORDER9486,2023-08-25,Failed,68,483.76,2,RIDER9486
9486,ORDER9487,2023-04-03,In Transit,21,261.54,1,RIDER9487
9487,ORDER9488,2023-06-22,Delivered,96,443.54,3,RIDER9488
9488,ORDER9489,2023-02-13,Delivered,21,226.22,4,RIDER9489
9489,ORDER9490,2023-08-11,Delivered,22,399.86,3,RIDER9490
9490,ORDER9491,2023-09-16,In Transit,10,138.93,1,RIDER9491
9491,ORDER9492,2023-11-23,In Transit,109,181.54,1,RIDER9492
9492,ORDER9493,2023-03-05,Delivered,61,471.27,4,RIDER9493
9493,ORDER9494,2023-01-09,In Transit,40,457.77,3,RIDER9494
9494,ORDER9495,2023-10-14,Failed,14,108.56,3,RIDER9495
9495,ORDER9496,2023-11-25,Delivered,13,200.91,5,RIDER9496
9496,ORDER9497,2023-09-29,Failed,59,332.86,4,RIDER9497
9497,ORDER9498,2023-05-24,Failed,21,417.76,3,RIDER9498
9498,ORDER9499,2023-07-15,Delivered,36,222.78,5,RIDER9499
9499,ORDER9500,2023-07-11,Failed,27,469.63,5,RIDER9500
9500,ORDER9501,2023-12-11,In Transit,76,411.86,1,RIDER9501
9501,ORDER9502,2023-11-21,In Transit,38,77.25,2,RIDER9502
9502,ORDER9503,2023-08-19,In Transit,90,342.25,2,RIDER9503
9503,ORDER9504,2023-01-23,In Transit,14,264.67,4,RIDER9504
9504,ORDER9505,2023-09-28,In Transit,102,417.67,4,RIDER9505
9505,ORDER9506,2023-11-23,In Transit,89,179.93,5,RIDER9506
9506,ORDER9507,2023-10-23,In Transit,35,476.01,4,RIDER9507
9507,ORDER9508,2023-04-13,Delivered,117,94.57,3,RIDER9508
9508,ORDER9509,2023-06-28,In Transit,111,217.19,4,RIDER9509
9509,ORDER9510,2023-06-11,Failed,58,422.38,2,RIDER9510
9510,ORDER9511,2023-09-05,Failed,97,247.44,2,RIDER9511
9511,ORDER9512,2023-10-25,Failed,86,230.05,2,RIDER9512
9512,ORDER9513,2023-06-09,Delivered,67,397.22,2,RIDER9513
9513,ORDER9514,2023-12-30,In Transit,53,291.3,3,RIDER9514
9514,ORDER9515,2023-01-16,Delivered,26,78.95,4,RIDER9515
9515,ORDER9516,2023-07-01,Failed,96,50.71,1,RIDER9516
9516,ORDER9517,2023-04-18,In Transit,19,77.0,3,RIDER9517
9517,ORDER9518,2023-07-30,Failed,106,385.27,1,RIDER9518
9518,ORDER9519,2023-07-07,Delivered,58,139.23,5,RIDER9519
9519,ORDER9520,2023-02-05,In Transit,72,450.2,4,RIDER9520
9520,ORDER9521,2023-07-11,Failed,109,298.9,3,RIDER9521
9521,ORDER9522,2023-05-15,In Transit,66,57.55,4,RIDER9522
9522,ORDER9523,2023-12-16,In Transit,64,290.17,5,RIDER9523
9523,ORDER9524,2023-01-13,In Transit,49,266.43,4,RIDER9524
9524,ORDER9525,2023-11-19,Failed,69,81.83,4,RIDER9525
9525,ORDER9526,2023-09-08,Failed,31,181.4,3,RIDER9526
9526,ORDER9527,2023-11-02,Failed,77,438.73,5,RIDER9527
9527,ORDER9528,2023-12-09,In Transit,77,426.61,1,RIDER9528
9528,ORDER9529,2023-02-15,Failed,102,364.18,3,RIDER9529
9529,ORDER9530,2023-02-09,Delivered,59,234.37,1,RIDER9530
9530,ORDER9531,2023-08-29,Delivered,79,107.31,2,RIDER9531
9531,ORDER9532,2023-06-22,Failed,74,152.71,4,RIDER9532
9532,ORDER9533,2023-04-25,Failed,88,231.43,3,RIDER9533
9533,ORDER9534,2023-04-06,In Transit,16,301.65,2,RIDER9534
9534,ORDER9535,2023-03-10,Failed,23,371.83,1,RIDER9535
9535,ORDER9536,2023-01-21,Failed,50,424.02,3,RIDER9536
9536,ORDER9537,2023-09-17,Failed,82,252.49,1,RIDER9537
9537,ORDER9538,2023-10-16,Failed,60,374.89,5,RIDER9538
9538,ORDER9539,2023-03-08,Failed,28,395.54,2,RIDER9539
9539,ORDER9540,2023-09-15,Delivered,64,201.43,5,RIDER9540
9540,ORDER9541,2023-09-22,Delivered,63,269.96,3,RIDER9541
9541,ORDER9542,2023-11-18,In Transit,87,158.28,3,RIDER9542
9542,ORDER9543,2023-12-12,Failed,76,278.88,3,RIDER9543
9543,ORDER9544,2023-12-05,Failed,113,180.45,1,RIDER9544
9544,ORDER9545,2023-07-10,Failed,54,356.54,2,RIDER9545
9545,ORDER9546,2023-12-02,Failed,10,261.0,5,RIDER9546
9546,ORDER9547,2023-09-20,In Transit,44,270.78,1,RIDER9547
9547,ORDER9548,2023-09-08,Delivered,44,335.6,2,RIDER9548
9548,ORDER9549,2023-10-06,In Transit,30,81.13,1,RIDER9549
9549,ORDER9550,2023-10-29,Failed,66,92.89,4,RIDER9550
9550,ORDER9551,2023-03-05,Delivered,26,131.92,3,RIDER9551
9551,ORDER9552,2023-12-03,Delivered,41,52.46,4,RIDER9552
9552,ORDER9553,2023-08-19,In Transit,24,226.72,1,RIDER9553
9553,ORDER9554,2023-05-21,Failed,103,224.94,4,RIDER9554
9554,ORDER9555,2023-03-08,In Transit,22,120.47,5,RIDER9555
9555,ORDER9556,2023-12-17,Failed,74,317.21,2,RIDER9556
9556,ORDER9557,2023-03-07,Delivered,112,107.03,5,RIDER9557
9557,ORDER9558,2023-07-04,In Transit,14,143.71,1,RIDER9558
9558,ORDER9559,2023-08-28,In Transit,119,474.11,3,RIDER9559
9559,ORDER9560,2023-04-15,Delivered,50,366.99,2,RIDER9560
9560,ORDER9561,2023-09-17,Delivered,52,374.73,4,RIDER9561
9561,ORDER9562,2023-01-06,Failed,44,449.47,2,RIDER9562
9562,ORDER9563,2023-06-10,Delivered,90,420.77,2,RIDER9563
9563,ORDER9564,2023-02-17,Failed,75,384.42,2,RIDER9564
9564,ORDER9565,2023-01-18,Delivered,48,162.11,2,RIDER9565
9565,ORDER9566,2023-12-13,Failed,16,265.88,1,RIDER9566
9566,ORDER9567,2023-08-04,Failed,68,128.31,4,RIDER9567
9567,ORDER9568,2023-04-17,Failed,101,149.75,5,RIDER9568
9568,ORDER9569,2023-05-24,Delivered,17,326.07,5,RIDER9569
9569,ORDER9570,2023-08-29,Delivered,86,455.36,5,RIDER9570
9570,ORDER9571,2023-08-10,Delivered,92,70.93,1,RIDER9571
9571,ORDER9572,2023-10-25,Delivered,74,466.7,2,RIDER9572
9572,ORDER9573,2023-08-17,Delivered,101,171.99,2,RIDER9573
9573,ORDER9574,2023-10-24,In Transit,41,359.54,2,RIDER9574
9574,ORDER9575,2023-10-17,Failed,107,496.57,4,RIDER9575
9575,ORDER9576,2023-05-29,Failed,21,235.93,1,RIDER9576
9576,ORDER9577,2023-01-07,Delivered,59,414.32,4,RIDER9577
9577,ORDER9578,2023-11-07,Failed,36,244.0,4,RIDER9578
9578,ORDER9579,2023-06-27,In Transit,10,232.8,2,RIDER9579
9579,ORDER9580,2023-03-31,In Transit,112,218.98,3,RIDER9580
9580,ORDER9581,2023-11-18,Delivered,63,429.47,2,RIDER9581
9581,ORDER9582,2023-06-16,Failed,35,56.46,2,RIDER9582
9582,ORDER9583,2023-11-02,In Transit,57,182.65,4,RIDER9583
9583,ORDER9584,2023-12-05,Delivered,16,473.38,3,RIDER9584
9584,ORDER9585,2023-06-21,Delivered,104,262.41,3,RIDER9585
9585,ORDER9586,2023-03-18,Delivered,107,424.3,1,RIDER9586
9586,ORDER9587,2023-07-17,Failed,84,443.43,3,RIDER9587
9587,ORDER9588,2023-06-07,Failed,109,482.92,4,RIDER9588
9588,ORDER9589,2023-09-16,Failed,69,473.47,2,RIDER9589
9589,ORDER9590,2023-01-17,Failed,101,315.53,3,RIDER9590
9590,ORDER9591,2023-02-02,In Transit,94,472.62,2,RIDER9591
9591,ORDER9592,2023-10-04,Delivered,26,112.06,4,RIDER9592
9592,ORDER9593,2023-03-24,Failed,32,380.95,4,RIDER9593
9593,ORDER9594,2023-07-01,In Transit,59,497.1,5,RIDER9594
9594,ORDER9595,2023-02-09,Delivered,21,96.24,2,RIDER9595
9595,ORDER9596,2023-01-05,Delivered,54,296.74,3,RIDER9596
9596,ORDER9597,2023-09-27,In Transit,98,171.99,4,RIDER9597
9597,ORDER9598,2023-01-22,In Transit,28,315.42,2,RIDER9598
9598,ORDER9599,2023-11-11,In Transit,23,263.08,2,RIDER9599
9599,ORDER9600,2023-03-11,Failed,107,175.79,4,RIDER9600
9600,ORDER9601,2023-03-30,Failed,55,234.58,4,RIDER9601
9601,ORDER9602,2023-11-17,Delivered,68,225.81,5,RIDER9602
9602,ORDER9603,2023-05-17,In Transit,68,74.21,3,RIDER9603
9603,ORDER9604,2023-09-25,Failed,25,225.22,3,RIDER9604
9604,ORDER9605,2023-12-19,In Transit,47,430.91,2,RIDER9605
9605,ORDER9606,2023-05-06,In Transit,70,347.42,5,RIDER9606
9606,ORDER9607,2023-02-27,Failed,101,379.22,4,RIDER9607
9607,ORDER9608,2023-03-29,Delivered,70,225.52,5,RIDER9608
9608,ORDER9609,2023-10-20,In Transit,68,161.73,1,RIDER9609
9609,ORDER9610,2023-09-21,Failed,60,234.87,1,RIDER9610
9610,ORDER9611,2023-01-21,In Transit,22,212.82,4,RIDER9611
9611,ORDER9612,2023-10-27,Delivered,75,265.77,2,RIDER9612
9612,ORDER9613,2023-07-31,Failed,70,214.78,4,RIDER9613
9613,ORDER9614,2023-12-26,Delivered,36,426.97,2,RIDER9614
9614,ORDER9615,2023-06-15,Delivered,32,336.98,4,RIDER9615
9615,ORDER9616,2023-03-14,In Transit,89,373.56,2,RIDER9616
9616,ORDER9617,2023-03-14,Delivered,82,108.59,1,RIDER9617
9617,ORDER9618,2023-08-01,Delivered,87,265.88,3,RIDER9618
9618,ORDER9619,2023-05-03,Delivered,108,461.45,2,RIDER9619
9619,ORDER9620,2023-08-29,Delivered,82,474.58,2,RIDER9620
9620,ORDER9621,2023-07-16,In Transit,34,204.4,3,RIDER9621
9621,ORDER9622,2023-10-06,In Transit,12,247.09,5,RIDER9622
9622,ORDER9623,2023-10-22,Failed,97,304.4,5,RIDER9623
9623,ORDER9624,2023-11-19,Failed,116,87.6,3,RIDER9624
9624,ORDER9625,2023-12-19,Delivered,107,331.79,4,RIDER9625
9625,ORDER9626,2023-02-20,Failed,80,352.33,3,RIDER9626
9626,ORDER9627,2023-02-18,In Transit,17,232.52,5,RIDER9627
9627,ORDER9628,2023-01-30,Failed,58,131.46,5,RIDER9628
9628,ORDER9629,2023-07-06,Failed,119,198.04,3,RIDER9629
9629,ORDER9630,2023-03-24,In Transit,31,83.86,1,RIDER9630
9630,ORDER9631,2023-02-18,In Transit,107,356.08,3,RIDER9631
9631,ORDER9632,2023-02-06,Delivered,82,456.67,4,RIDER9632
9632,ORDER9633,2023-04-04,Delivered,116,435.08,1,RIDER9633
9633,ORDER9634,2023-09-17,In Transit,95,356.04,4,RIDER9634
9634,ORDER9635,2023-09-19,In Transit,57,338.6,3,RIDER9635
9635,ORDER9636,2023-12-17,Delivered,62,152.56,3,RIDER9636
9636,ORDER9637,2023-09-21,Delivered,105,347.4,1,RIDER9637
9637,ORDER9638,2023-03-05,Delivered,89,455.2,5,RIDER9638
9638,ORDER9639,2023-12-29,Failed,69,350.85,4,RIDER9639
9639,ORDER9640,2023-01-10,Delivered,66,171.65,1,RIDER9640
9640,ORDER9641,2023-11-26,Delivered,118,419.18,4,RIDER9641
9641,ORDER9642,2023-11-24,In Transit,56,132.41,5,RIDER9642
9642,ORDER9643,2023-09-05,Delivered,73,128.23,5,RIDER9643
9643,ORDER9644,2023-07-26,In Transit,37,219.29,1,RIDER9644
9644,ORDER9645,2023-12-18,In Transit,112,108.31,4,RIDER9645
9645,ORDER9646,2023-12-13,Failed,45,415.33,2,RIDER9646
9646,ORDER9647,2023-03-10,In Transit,117,269.77,3,RIDER9647
9647,ORDER9648,2023-01-04,In Transit,89,326.15,3,RIDER9648
9648,ORDER9649,2023-09-17,Delivered,120,308.61,4,RIDER9649
9649,ORDER9650,2023-06-28,In Transit,37,466.85,4,RIDER9650
9650,ORDER9651,2023-03-10,Failed,43,148.06,5,RIDER9651
9651,ORDER9652,2023-07-04,Delivered,90,335.91,5,RIDER9652
9652,ORDER9653,2023-04-04,Delivered,48,392.82,3,RIDER9653
9653,ORDER9654,2023-07-13,Failed,65,180.63,4,RIDER9654
9654,ORDER9655,2023-01-13,Failed,48,96.74,3,RIDER9655
9655,ORDER9656,2023-05-01,Failed,58,284.7,1,RIDER9656
9656,ORDER9657,2023-07-20,Delivered,48,316.82,1,RIDER9657
9657,ORDER9658,2023-08-05,Delivered,119,243.04,5,RIDER9658
9658,ORDER9659,2023-07-08,In Transit,58,208.51,3,RIDER9659
9659,ORDER9660,2023-04-21,In Transit,81,329.89,5,RIDER9660
9660,ORDER9661,2023-01-21,Failed,20,440.2,1,RIDER9661
9661,ORDER9662,2023-10-07,In Transit,108,224.73,5,RIDER9662
9662,ORDER9663,2023-09-15,Failed,46,333.74,1,RIDER9663
9663,ORDER9664,2023-04-21,In Transit,94,51.07,1,RIDER9664
9664,ORDER9665,2023-03-15,Delivered,103,129.86,4,RIDER9665
9665,ORDER9666,2023-09-17,Failed,33,360.64,4,RIDER9666
9666,ORDER9667,2023-06-14,Delivered,86,158.8,1,RIDER9667
9667,ORDER9668,2023-10-10,In Transit,53,220.01,4,RIDER9668
9668,ORDER9669,2023-09-17,Failed,115,106.16,4,RIDER9669
9669,ORDER9670,2023-06-21,In Transit,75,70.81,4,RIDER9670
9670,ORDER9671,2023-02-11,In Transit,21,163.7,3,RIDER9671
9671,ORDER9672,2023-11-28,In Transit,65,361.73,4,RIDER9672
9672,ORDER9673,2023-07-15,In Transit,91,277.97,3,RIDER9673
9673,ORDER9674,2023-10-01,Failed,33,377.93,5,RIDER9674
9674,ORDER9675,2023-01-11,In Transit,37,397.67,4,RIDER9675
9675,ORDER9676,2023-11-06,Delivered,97,436.92,5,RIDER9676
9676,ORDER9677,2023-06-23,Failed,68,403.86,5,RIDER9677
9677,ORDER9678,2023-05-30,Delivered,65,111.02,4,RIDER9678
9678,ORDER9679,2023-09-23,Delivered,78,164.42,2,RIDER9679
9679,ORDER9680,2023-06-05,Delivered,102,208.43,4,RIDER9680
9680,ORDER9681,2023-06-20,In Transit,41,160.72,1,RIDER9681
9681,ORDER9682,2023-11-23,Failed,50,369.11,2,RIDER9682
9682,ORDER9683,2023-02-03,In Transit,25,156.22,3,RIDER9683
9683,ORDER9684,2023-02-06,Failed,102,496.16,1,RIDER9684
9684,ORDER9685,2023-08-14,Failed,34,76.06,3,RIDER9685
9685,ORDER9686,2023-06-01,Delivered,47,498.0,5,RIDER9686
9686,ORDER9687,2023-04-05,Delivered,32,289.52,2,RIDER9687
9687,ORDER9688,2023-04-03,In Transit,31,67.92,2,RIDER9688
9688,ORDER9689,2023-06-10,Failed,106,252.67,2,RIDER9689
9689,ORDER9690,2023-02-07,Failed,58,346.64,2,RIDER9690
9690,ORDER9691,2023-01-08,In Transit,23,90.74,1,RIDER9691
9691,ORDER9692,2023-03-13,Failed,48,117.19,4,RIDER9692
9692,ORDER9693,2023-11-08,In Transit,31,312.31,2,RIDER9693
9693,ORDER9694,2023-09-21,In Transit,56,342.05,3,RIDER9694
9694,ORDER9695,2023-01-30,In Transit,73,167.4,5,RIDER9695
9695,ORDER9696,2023-04-15,In Transit,19,446.78,2,RIDER9696
9696,ORDER9697,2023-06-10,Delivered,43,70.31,4,RIDER9697
9697,ORDER9698,2023-10-26,Failed,111,448.42,3,RIDER9698
9698,ORDER9699,2023-07-14,Failed,101,267.29,5,RIDER9699
9699,ORDER9700,2023-06-20,Delivered,102,369.48,5,RIDER9700
9700,ORDER9701,2023-02-04,In Transit,87,110.62,3,RIDER9701
9701,ORDER9702,2023-07-17,In Transit,61,257.83,5,RIDER9702
9702,ORDER9703,2023-05-09,Failed,120,52.44,2,RIDER9703
9703,ORDER9704,2023-10-30,In Transit,90,378.84,2,RIDER9704
9704,ORDER9705,2023-04-21,Delivered,109,237.74,4,RIDER9705
9705,ORDER9706,2023-11-20,Failed,16,163.83,4,RIDER9706
9706,ORDER9707,2023-06-09,In Transit,120,143.76,2,RIDER9707
9707,ORDER9708,2023-08-02,In Transit,14,109.05,2,RIDER9708
9708,ORDER9709,2023-01-13,Failed,94,133.05,3,RIDER9709
9709,ORDER9710,2023-05-14,Failed,114,486.73,3,RIDER9710
9710,ORDER9711,2023-01-07,Failed,13,341.17,3,RIDER9711
9711,ORDER9712,2023-03-24,Failed,31,452.35,5,RIDER9712
9712,ORDER9713,2023-05-09,Delivered,10,388.0,4,RIDER9713
9713,ORDER9714,2023-11-02,In Transit,60,210.71,5,RIDER9714
9714,ORDER9715,2023-10-16,Failed,84,411.06,2,RIDER9715
9715,ORDER9716,2023-06-28,In Transit,41,64.03,3,RIDER9716
9716,ORDER9717,2023-04-04,Delivered,56,178.11,1,RIDER9717
9717,ORDER9718,2023-01-28,Delivered,20,58.77,1,RIDER9718
9718,ORDER9719,2023-05-29,Delivered,111,439.43,5,RIDER9719
9719,ORDER9720,2023-08-10,In Transit,103,64.11,2,RIDER9720
9720,ORDER9721,2023-03-31,Failed,44,179.85,2,RIDER9721
9721,ORDER9722,2023-06-07,In Transit,83,265.64,5,RIDER9722
9722,ORDER9723,2023-12-11,Failed,84,260.86,5,RIDER9723
9723,ORDER9724,2023-09-26,Delivered,20,64.61,1,RIDER9724
9724,ORDER9725,2023-05-09,Failed,29,415.31,3,RIDER9725
9725,ORDER9726,2023-04-25,In Transit,52,480.63,1,RIDER9726
9726,ORDER9727,2023-05-13,Delivered,10,105.86,2,RIDER9727
9727,ORDER9728,2023-06-16,Failed,88,405.18,5,RIDER9728
9728,ORDER9729,2023-06-14,Delivered,43,119.26,2,RIDER9729
9729,ORDER9730,2023-06-30,Failed,111,342.73,2,RIDER9730
9730,ORDER9731,2023-12-17,In Transit,65,473.97,1,RIDER9731
9731,ORDER9732,2023-03-07,In Transit,73,454.22,3,RIDER9732
9732,ORDER9733,2023-03-05,Failed,53,52.94,4,RIDER9733
9733,ORDER9734,2023-09-18,In Transit,77,61.23,3,RIDER9734
9734,ORDER9735,2023-08-23,In Transit,97,411.6,2,RIDER9735
9735,ORDER9736,2023-10-16,In Transit,39,94.56,1,RIDER9736
9736,ORDER9737,2023-05-27,Failed,10,104.52,2,RIDER9737
9737,ORDER9738,2023-08-25,Delivered,112,90.01,4,RIDER9738
9738,ORDER9739,2023-06-24,In Transit,110,137.94,1,RIDER9739
9739,ORDER9740,2023-02-14,Failed,50,118.29,1,RIDER9740
9740,ORDER9741,2023-03-05,Failed,70,59.49,1,RIDER9741
9741,ORDER9742,2023-08-20,In Transit,119,124.75,5,RIDER9742
9742,ORDER9743,2023-01-20,Delivered,65,246.92,5,RIDER9743
9743,ORDER9744,2023-05-16,Delivered,76,494.59,2,RIDER9744
9744,ORDER9745,2023-05-14,In Transit,109,378.91,1,RIDER9745
9745,ORDER9746,2023-12-01,Delivered,47,59.25,5,RIDER9746
9746,ORDER9747,2023-02-26,Delivered,115,77.41,3,RIDER9747
9747,ORDER9748,2023-01-03,Failed,55,393.52,5,RIDER9748
9748,ORDER9749,2023-10-22,Delivered,67,158.81,1,RIDER9749
9749,ORDER9750,2023-02-28,Failed,39,484.33,1,RIDER9750
9750,ORDER9751,2023-02-14,In Transit,69,103.8,5,RIDER9751
9751,ORDER9752,2023-07-03,In Transit,38,106.67,2,RIDER9752
9752,ORDER9753,2023-01-04,Delivered,46,227.98,1,RIDER9753
9753,ORDER9754,2023-08-17,In Transit,50,463.91,3,RIDER9754
9754,ORDER9755,2023-12-16,Failed,14,117.39,4,RIDER9755
9755,ORDER9756,2023-09-06,In Transit,51,135.8,2,RIDER9756
9756,ORDER9757,2023-12-21,In Transit,44,181.39,2,RIDER9757
9757,ORDER9758,2023-02-07,Delivered,43,262.55,4,RIDER9758
9758,ORDER9759,2023-11-18,In Transit,62,204.88,5,RIDER9759
9759,ORDER9760,2023-10-19,In Transit,36,467.97,2,RIDER9760
9760,ORDER9761,2023-11-15,Delivered,16,276.35,3,RIDER9761
9761,ORDER9762,2023-04-01,Failed,99,106.33,4,RIDER9762
9762,ORDER9763,2023-05-20,Delivered,120,445.74,2,RIDER9763
9763,ORDER9764,2023-04-18,Failed,32,256.09,1,RIDER9764
9764,ORDER9765,2023-05-04,Delivered,96,443.79,4,RIDER9765
9765,ORDER9766,2023-10-11,In Transit,82,320.56,1,RIDER9766
9766,ORDER9767,2023-02-17,Delivered,119,111.0,5,RIDER9767
9767,ORDER9768,2023-02-16,Failed,44,196.57,5,RIDER9768
9768,ORDER9769,2023-08-23,Failed,113,444.86,2,RIDER9769
9769,ORDER9770,2023-06-05,Failed,101,191.99,2,RIDER9770
9770,ORDER9771,2023-07-13,Delivered,57,317.63,2,RIDER9771
9771,ORDER9772,2023-07-12,Delivered,119,137.17,2,RIDER9772
9772,ORDER9773,2023-09-09,In Transit,70,162.72,3,RIDER9773
9773,ORDER9774,2023-05-08,Failed,44,54.6,5,RIDER9774
9774,ORDER9775,2023-03-30,In Transit,25,175.11,3,RIDER9775
9775,ORDER9776,2023-01-06,In Transit,106,311.01,1,RIDER9776
9776,ORDER9777,2023-01-18,Failed,37,113.46,5,RIDER9777
9777,ORDER9778,2023-03-24,In Transit,11,137.81,1,RIDER9778
9778,ORDER9779,2023-05-22,In Transit,106,459.08,5,RIDER9779
9779,ORDER9780,2023-01-05,Failed,63,328.11,5,RIDER9780
9780,ORDER9781,2023-02-21,Delivered,15,162.51,5,RIDER9781
9781,ORDER9782,2023-07-11,In Transit,72,241.57,3,RIDER9782
9782,ORDER9783,2023-01-09,Failed,39,90.15,5,RIDER9783
9783,ORDER9784,2023-05-16,In Transit,19,247.62,2,RIDER9784
9784,ORDER9785,2023-12-03,Failed,79,92.07,3,RIDER9785
9785,ORDER9786,2023-05-08,In Transit,113,500.0,4,RIDER9786
9786,ORDER9787,2023-04-22,Delivered,94,182.88,4,RIDER9787
9787,ORDER9788,2023-02-14,Delivered,103,222.75,2,RIDER9788
9788,ORDER9789,2023-09-21,Delivered,77,109.13,2,RIDER9789
9789,ORDER9790,2023-02-21,Failed,117,151.86,4,RIDER9790
9790,ORDER9791,2023-11-25,Failed,64,392.22,1,RIDER9791
9791,ORDER9792,2023-05-03,In Transit,74,140.6,1,RIDER9792
9792,ORDER9793,2023-11-03,Delivered,115,323.76,3,RIDER9793
9793,ORDER9794,2023-06-20,Delivered,40,336.73,5,RIDER9794
9794,ORDER9795,2023-08-24,Delivered,24,377.14,1,RIDER9795
9795,ORDER9796,2023-10-09,Failed,17,285.01,2,RIDER9796
9796,ORDER9797,2023-09-12,In Transit,43,455.75,2,RIDER9797
9797,ORDER9798,2023-08-09,In Transit,20,135.48,3,RIDER9798
9798,ORDER9799,2023-11-26,In Transit,36,258.03,4,RIDER9799
9799,ORDER9800,2023-01-28,Failed,96,109.07,3,RIDER9800
9800,ORDER9801,2023-12-01,Failed,19,372.29,2,RIDER9801
9801,ORDER9802,2023-02-04,Delivered,61,136.24,5,RIDER9802
9802,ORDER9803,2023-02-22,In Transit,112,144.25,1,RIDER9803
9803,ORDER9804,2023-04-02,In Transit,115,84.15,3,RIDER9804
9804,ORDER9805,2023-08-23,Delivered,30,255.79,5,RIDER9805
9805,ORDER9806,2023-03-16,Failed,52,200.17,5,RIDER9806
9806,ORDER9807,2023-06-01,Delivered,71,198.8,4,RIDER9807
9807,ORDER9808,2023-11-04,In Transit,108,420.39,3,RIDER9808
9808,ORDER9809,2023-08-15,Delivered,119,175.23,1,RIDER9809
9809,ORDER9810,2023-10-13,Delivered,105,123.34,5,RIDER9810
9810,ORDER9811,2023-06-12,In Transit,114,421.18,1,RIDER9811
9811,ORDER9812,2023-01-28,Failed,70,285.61,2,RIDER9812
9812,ORDER9813,2023-06-08,In Transit,17,199.93,5,RIDER9813
9813,ORDER9814,2023-06-09,Delivered,96,336.4,1,RIDER9814
9814,ORDER9815,2023-01-06,In Transit,10,260.59,1,RIDER9815
9815,ORDER9816,2023-02-22,Failed,89,407.65,1,RIDER9816
9816,ORDER9817,2023-02-08,Failed,89,391.31,3,RIDER9817
9817,ORDER9818,2023-08-28,In Transit,102,306.59,1,RIDER9818
9818,ORDER9819,2023-05-08,In Transit,46,448.5,3,RIDER9819
9819,ORDER9820,2023-05-21,Delivered,92,279.44,1,RIDER9820
9820,ORDER9821,2023-12-31,Failed,38,443.22,5,RIDER9821
9821,ORDER9822,2023-11-06,Delivered,114,440.92,1,RIDER9822
9822,ORDER9823,2023-10-31,Delivered,19,153.99,1,RIDER9823
9823,ORDER9824,2023-07-25,Delivered,15,422.27,1,RIDER9824
9824,ORDER9825,2023-07-10,Failed,75,183.5,2,RIDER9825
9825,ORDER9826,2023-06-10,Failed,96,384.25,3,RIDER9826
9826,ORDER9827,2023-03-07,In Transit,27,297.2,2,RIDER9827
9827,ORDER9828,2023-02-28,Delivered,98,64.14,1,RIDER9828
9828,ORDER9829,2023-07-28,Failed,95,180.65,2,RIDER9829
9829,ORDER9830,2023-05-11,In Transit,109,351.15,1,RIDER9830
9830,ORDER9831,2023-02-26,Delivered,65,357.16,2,RIDER9831
9831,ORDER9832,2023-06-05,In Transit,89,445.8,3,RIDER9832
9832,ORDER9833,2023-04-15,Delivered,101,460.39,4,RIDER9833
9833,ORDER9834,2023-02-02,Delivered,21,438.9,4,RIDER9834
9834,ORDER9835,2023-07-18,Failed,71,345.8,4,RIDER9835
9835,ORDER9836,2023-11-06,Delivered,46,422.7,3,RIDER9836
9836,ORDER9837,2023-11-06,In Transit,26,238.95,1,RIDER9837
9837,ORDER9838,2023-12-25,Failed,92,418.3,2,RIDER9838
9838,ORDER9839,2023-09-15,Delivered,79,433.42,4,RIDER9839
9839,ORDER9840,2023-05-31,Failed,103,429.66,3,RIDER9840
9840,ORDER9841,2023-06-19,Delivered,19,424.2,1,RIDER9841
9841,ORDER9842,2023-08-09,Delivered,71,366.12,4,RIDER9842
9842,ORDER9843,2023-06-11,Failed,17,468.3,4,RIDER9843
9843,ORDER9844,2023-04-07,In Transit,90,70.85,2,RIDER9844
9844,ORDER9845,2023-04-06,Delivered,23,462.06,5,RIDER9845
9845,ORDER9846,2023-07-29,In Transit,57,461.26,2,RIDER9846
9846,ORDER9847,2023-11-28,In Transit,35,287.71,3,RIDER9847
9847,ORDER9848,2023-03-22,In Transit,20,146.16,5,RIDER9848
9848,ORDER9849,2023-09-26,In Transit,28,104.24,1,RIDER9849
9849,ORDER9850,2023-01-26,Delivered,95,157.82,4,RIDER9850
9850,ORDER9851,2023-01-25,Delivered,29,73.13,1,RIDER9851
9851,ORDER9852,2023-05-01,Delivered,119,467.57,2,RIDER9852
9852,ORDER9853,2023-03-18,Failed,95,273.86,3,RIDER9853
9853,ORDER9854,2023-01-05,Delivered,57,171.65,5,RIDER9854
9854,ORDER9855,2023-12-17,Delivered,36,189.04,2,RIDER9855
9855,ORDER9856,2023-02-23,In Transit,54,353.12,3,RIDER9856
9856,ORDER9857,2023-01-19,In Transit,70,371.96,5,RIDER9857
9857,ORDER9858,2023-01-13,Delivered,98,482.91,3,RIDER9858
9858,ORDER9859,2023-04-13,Failed,103,103.15,4,RIDER9859
9859,ORDER9860,2023-07-26,In Transit,54,475.4,5,RIDER9860
9860,ORDER9861,2023-11-12,Failed,83,474.22,4,RIDER9861
9861,ORDER9862,2023-10-02,In Transit,18,60.53,5,RIDER9862
9862,ORDER9863,2023-06-16,Failed,39,271.24,4,RIDER9863
9863,ORDER9864,2023-06-20,In Transit,20,498.29,4,RIDER9864
9864,ORDER9865,2023-05-23,In Transit,64,286.95,5,RIDER9865
9865,ORDER9866,2023-03-07,Failed,22,357.8,1,RIDER9866
9866,ORDER9867,2023-06-18,Failed,23,394.98,3,RIDER9867
9867,ORDER9868,2023-07-13,In Transit,34,495.17,3,RIDER9868
9868,ORDER9869,2023-03-26,Failed,89,143.81,2,RIDER9869
9869,ORDER9870,2023-09-02,In Transit,87,164.76,4,RIDER9870
9870,ORDER9871,2023-09-30,Failed,95,206.11,3,RIDER9871
9871,ORDER9872,2023-11-24,Delivered,94,339.87,2,RIDER9872
9872,ORDER9873,2023-08-17,Delivered,14,425.85,1,RIDER9873
9873,ORDER9874,2023-03-01,Failed,108,181.57,5,RIDER9874
9874,ORDER9875,2023-02-28,Failed,94,399.43,1,RIDER9875
9875,ORDER9876,2023-03-25,In Transit,28,321.58,2,RIDER9876
9876,ORDER9877,2023-07-03,Delivered,20,429.28,2,RIDER9877
9877,ORDER9878,2023-07-05,Delivered,35,136.29,3,RIDER9878
9878,ORDER9879,2023-01-02,In Transit,118,486.83,2,RIDER9879
9879,ORDER9880,2023-03-19,In Transit,86,111.34,4,RIDER9880
9880,ORDER9881,2023-04-12,Delivered,61,479.16,5,RIDER9881
9881,ORDER9882,2023-03-06,Failed,106,87.86,3,RIDER9882
9882,ORDER9883,2023-01-11,In Transit,44,469.17,4,RIDER9883
9883,ORDER9884,2023-06-25,In Transit,61,179.92,4,RIDER9884
9884,ORDER9885,2023-11-05,In Transit,104,355.1,5,RIDER9885
9885,ORDER9886,2023-08-07,Delivered,25,328.49,5,RIDER9886
9886,ORDER9887,2023-08-20,In Transit,58,191.11,1,RIDER9887
9887,ORDER9888,2023-01-24,Delivered,28,261.19,5,RIDER9888
9888,ORDER9889,2023-01-16,In Transit,36,194.97,1,RIDER9889
9889,ORDER9890,2023-12-19,Failed,73,465.12,4,RIDER9890
9890,ORDER9891,2023-08-29,Failed,66,287.76,1,RIDER9891
9891,ORDER9892,2023-05-09,Failed,66,80.05,1,RIDER9892
9892,ORDER9893,2023-05-21,Delivered,26,95.93,3,RIDER9893
9893,ORDER9894,2023-10-10,Failed,62,185.02,5,RIDER9894
9894,ORDER9895,2023-06-19,Delivered,79,364.5,1,RIDER9895
9895,ORDER9896,2023-02-10,Failed,82,140.82,1,RIDER9896
9896,ORDER9897,2023-03-18,Delivered,102,52.56,2,RIDER9897
9897,ORDER9898,2023-11-30,Delivered,102,89.16,2,RIDER9898
9898,ORDER9899,2023-04-20,Failed,93,426.73,2,RIDER9899
9899,ORDER9900,2023-10-15,In Transit,15,53.6,5,RIDER9900
9900,ORDER9901,2023-03-13,Failed,50,79.76,4,RIDER9901
9901,ORDER9902,2023-07-30,In Transit,82,229.52,4,RIDER9902
9902,ORDER9903,2023-09-16,In Transit,109,82.45,2,RIDER9903
9903,ORDER9904,2023-05-29,In Transit,33,459.0,1,RIDER9904
9904,ORDER9905,2023-07-16,Failed,74,140.57,4,RIDER9905
9905,ORDER9906,2023-05-06,Delivered,53,491.28,2,RIDER9906
9906,ORDER9907,2023-06-27,Failed,109,449.76,5,RIDER9907
9907,ORDER9908,2023-01-21,Failed,34,234.47,1,RIDER9908
9908,ORDER9909,2023-11-06,In Transit,56,286.81,5,RIDER9909
9909,ORDER9910,2023-01-07,Delivered,81,368.91,1,RIDER9910
9910,ORDER9911,2023-02-07,Failed,18,456.37,1,RIDER9911
9911,ORDER9912,2023-01-24,Delivered,33,470.05,1,RIDER9912
9912,ORDER9913,2023-07-22,Delivered,32,175.61,4,RIDER9913
9913,ORDER9914,2023-03-24,Delivered,36,229.99,1,RIDER9914
9914,ORDER9915,2023-09-16,Delivered,69,457.12,3,RIDER9915
9915,ORDER9916,2023-11-14,Failed,57,444.8,5,RIDER9916
9916,ORDER9917,2023-11-07,In Transit,48,56.69,5,RIDER9917
9917,ORDER9918,2023-07-11,Delivered,97,122.31,1,RIDER9918
9918,ORDER9919,2023-01-27,Failed,116,491.31,1,RIDER9919
9919,ORDER9920,2023-12-06,In Transit,82,435.43,5,RIDER9920
9920,ORDER9921,2023-08-08,In Transit,79,237.99,2,RIDER9921
9921,ORDER9922,2023-04-04,Delivered,104,154.71,5,RIDER9922
9922,ORDER9923,2023-01-29,In Transit,37,188.94,4,RIDER9923
9923,ORDER9924,2023-11-19,In Transit,44,467.47,1,RIDER9924
9924,ORDER9925,2023-08-27,Delivered,61,310.47,5,RIDER9925
9925,ORDER9926,2023-06-02,In Transit,27,312.86,4,RIDER9926
9926,ORDER9927,2023-10-17,Failed,29,169.67,5,RIDER9927
9927,ORDER9928,2023-01-06,Failed,41,386.5,2,RIDER9928
9928,ORDER9929,2023-01-02,In Transit,36,125.65,4,RIDER9929
9929,ORDER9930,2023-10-20,In Transit,105,398.1,3,RIDER9930
9930,ORDER9931,2023-01-10,Delivered,11,59.82,1,RIDER9931
9931,ORDER9932,2023-10-13,In Transit,89,451.67,3,RIDER9932
9932,ORDER9933,2023-10-21,Delivered,54,324.4,5,RIDER9933
9933,ORDER9934,2023-07-14,Delivered,105,160.49,4,RIDER9934
9934,ORDER9935,2023-07-08,In Transit,68,153.27,1,RIDER9935
9935,ORDER9936,2023-10-14,In Transit,92,192.64,1,RIDER9936
9936,ORDER9937,2023-05-07,In Transit,112,467.69,3,RIDER9937
9937,ORDER9938,2023-06-19,In Transit,86,129.77,4,RIDER9938
9938,ORDER9939,2023-07-18,In Transit,68,369.55,5,RIDER9939
9939,ORDER9940,2023-11-06,In Transit,69,422.76,3,RIDER9940
9940,ORDER9941,2023-12-11,In Transit,102,288.53,1,RIDER9941
9941,ORDER9942,2023-11-21,Failed,89,109.89,4,RIDER9942
9942,ORDER9943,2023-10-27,Failed,100,401.27,3,RIDER9943
9943,ORDER9944,2023-07-09,Failed,84,300.59,5,RIDER9944
9944,ORDER9945,2023-02-14,In Transit,60,281.23,4,RIDER9945
9945,ORDER9946,2023-01-22,Delivered,41,316.15,3,RIDER9946
9946,ORDER9947,2023-08-22,Failed,43,318.4,4,RIDER9947
9947,ORDER9948,2023-09-27,In Transit,117,313.46,5,RIDER9948
9948,ORDER9949,2023-02-07,Delivered,60,173.82,1,RIDER9949
9949,ORDER9950,2023-09-10,In Transit,10,84.45,2,RIDER9950
9950,ORDER9951,2023-08-02,Failed,85,240.11,5,RIDER9951
9951,ORDER9952,2023-08-06,In Transit,44,85.18,3,RIDER9952
9952,ORDER9953,2023-09-30,In Transit,54,51.36,4,RIDER9953
9953,ORDER9954,2023-01-12,Delivered,72,418.97,1,RIDER9954
9954,ORDER9955,2023-10-11,In Transit,80,435.47,2,RIDER9955
9955,ORDER9956,2023-11-26,In Transit,91,139.78,5,RIDER9956
9956,ORDER9957,2023-10-16,Delivered,106,325.54,5,RIDER9957
9957,ORDER9958,2023-04-13,In Transit,56,382.06,2,RIDER9958
9958,ORDER9959,2023-05-02,Failed,63,175.56,1,RIDER9959
9959,ORDER9960,2023-06-14,Delivered,90,378.44,5,RIDER9960
9960,ORDER9961,2023-01-11,In Transit,120,274.06,3,RIDER9961
9961,ORDER9962,2023-08-04,Failed,65,267.69,4,RIDER9962
9962,ORDER9963,2023-08-22,In Transit,75,302.55,1,RIDER9963
9963,ORDER9964,2023-07-17,In Transit,94,341.19,4,RIDER9964
9964,ORDER9965,2023-10-14,In Transit,83,369.48,5,RIDER9965
9965,ORDER9966,2023-05-05,Delivered,118,73.79,3,RIDER9966
9966,ORDER9967,2023-12-20,In Transit,86,250.33,1,RIDER9967
9967,ORDER9968,2023-10-11,Delivered,116,280.66,4,RIDER9968
9968,ORDER9969,2023-09-16,Failed,39,112.01,4,RIDER9969
9969,ORDER9970,2023-04-14,Failed,73,351.34,4,RIDER9970
9970,ORDER9971,2023-10-11,Delivered,63,355.59,1,RIDER9971
9971,ORDER9972,2023-09-18,Failed,59,457.88,3,RIDER9972
9972,ORDER9973,2023-03-16,In Transit,46,232.15,1,RIDER9973
9973,ORDER9974,2023-10-28,Failed,19,128.9,1,RIDER9974
9974,ORDER9975,2023-06-13,Delivered,83,237.79,4,RIDER9975
9975,ORDER9976,2023-10-16,Failed,18,387.88,4,RIDER9976
9976,ORDER9977,2023-05-28,In Transit,50,302.33,5,RIDER9977
9977,ORDER9978,2023-04-06,Delivered,31,56.58,3,RIDER9978
9978,ORDER9979,2023-06-21,Delivered,33,300.99,2,RIDER9979
9979,ORDER9980,2023-04-28,In Transit,39,191.47,2,RIDER9980
9980,ORDER9981,2023-05-22,Delivered,70,157.96,4,RIDER9981
9981,ORDER9982,2023-05-14,In Transit,62,172.22,4,RIDER9982
9982,ORDER9983,2023-03-13,Failed,40,56.09,4,RIDER9983
9983,ORDER9984,2023-12-25,Delivered,87,142.7,5,RIDER9984
9984,ORDER9985,2023-10-14,Delivered,30,417.51,5,RIDER9985
9985,ORDER9986,2023-04-21,Failed,63,478.59,3,RIDER9986
9986,ORDER9987,2023-02-04,In Transit,88,326.64,1,RIDER9987
9987,ORDER9988,2023-07-10,In Transit,16,398.56,3,RIDER9988
9988,ORDER9989,2023-01-12,Failed,35,387.22,1,RIDER9989
9989,ORDER9990,2023-06-18,In Transit,19,68.31,1,RIDER9990
9990,ORDER9991,2023-03-26,In Transit,22,73.22,2,RIDER9991
9991,ORDER9992,2023-09-28,Failed,83,63.14,4,RIDER9992
9992,ORDER9993,2023-11-01,In Transit,28,309.24,1,RIDER9993
9993,ORDER9994,2023-10-05,Failed,103,445.37,2,RIDER9994
9994,ORDER9995,2023-03-01,Failed,93,357.38,5,RIDER9995
9995,ORDER9996,2023-05-27,In Transit,58,213.7,5,RIDER9996
9996,ORDER9997,2023-10-13,Failed,68,117.75,2,RIDER9997
9997,ORDER9998,2023-01-08,In Transit,10,75.91,4,RIDER9998
9998,ORDER9999,2023-12-11,Delivered,65,283.77,4,RIDER9999
9999,ORDER10000,2023-08-01,Failed,79,175.03,1,RIDER10000
